OG_ID	FBtr	transcript_ID	gene_ID
OG0001402	FBtr0078170	CG2671-RC	l(2)gl
OG0001403	FBtr0078164	CG31973-RB	Cda5
OG0001404	FBtr0078100	CG11371-RB	dbr
OG0001405	FBtr0290323	CG11450-RB	net
OG0001406	FBtr0301452	CG12178-RB	Nhe1
OG0001407	FBtr0089429	CG2674-RA	Sams
OG0001408	FBtr0078156	CG4822-RA	CG4822
OG0001409	FBtr0302194	CG31976-RB	ovm
OG0001410	FBtr0330645	CG31974-RD	CG31974
OG0001411	FBtr0078116	CG11454-RA	CG11454
OG0001412	FBtr0301929	CG42399-RB	CG42399
OG0001413	FBtr0078147	CG3709-RA	Pus10
OG0001414	FBtr0078117	CG11455-RA	ND-15
OG0001415	FBtr0078119	CG3436-RA	CG3436
OG0001416	FBtr0091612	CG33635-RA	CG33635
OG0001417	FBtr0078122	CG18497-RA	spen
OG0001418	FBtr0078124	CG11488-RA	mRpL10
OG0001419	FBtr0078146	CG11617-RA	CG11617
OG0001420	FBtr0299837	CG3696-RC	kis
OG0001421	FBtr0078126	CG13693-RA	CG13693
OG0001422	FBtr0078143	CG11606-RA	Rpp30
OG0001423	FBtr0078140	CG3645-RA	Dus1
OG0001424	FBtr0078142	CG17075-RA	CG17075
OG0001425	FBtr0078127	CG3345-RA	CG3345
OG0001426	FBtr0078139	CG11604-RA	mbm
OG0001427	FBtr0078128	CG11555-RA	CG11555
OG0001428	FBtr0300804	CG17078-RB	CG17078
OG0001429	FBtr0078129	CG11561-RA	smo
OG0001430	FBtr0078137	CG11601-RA	CG11601
OG0001431	FBtr0078136	CG3625-RB	CG3625
OG0001432	FBtr0078134	CG11592-RA	Amnionless
OG0001433	FBtr0078130	CG11562-RA	CG11562
OG0001434	FBtr0078133	CG3582-RA	U2af38
OG0001435	FBtr0078131	CG2720-RA	Stip1
OG0001436	FBtr0331205	CG2699-RB	Pi3K21B
OG0001437	FBtr0078050	CG4574-RD	Plc21C
OG0001438	FBtr0078099	CG11912-RA	CG11912
OG0001439	FBtr0078098	CG11911-RA	CG11911
OG0001440	FBtr0078052	CG33127-RA	CG33127
OG0001441	FBtr0330696	CG43755-RB	CG43755
OG0001442	FBtr0078096	CG31921-RA	CG31921
OG0001443	FBtr0078094	CG11907-RA	Ent1
OG0001444	FBtr0078053	CG3935-RA	al
OG0001445	FBtr0078093	CG4213-RA	CG4213
OG0001446	FBtr0078054	CG4033-RA	Polr1B
OG0001447	FBtr0089489	CG4260-RB	AP-2alpha
OG0001448	FBtr0078055	CG4063-RA	ebi
OG0001449	FBtr0078090	CG13690-RA	CG13690
OG0001450	FBtr0078056	CG4087-RA	RpLP1
OG0001451	FBtr0078089	CG11885-RA	CG11885
OG0001452	FBtr0078057	CG13692-RA	CG13692
OG0001453	FBtr0078058	CG13691-RA	BBS8
OG0001454	FBtr0078059	CG4114-RA	ex
OG0001455	FBtr0078087	CG4280-RA	crq
OG0001456	FBtr0078060	CG4164-RA	shv
OG0001457	FBtr0078061	CG4133-RA	CG4133
OG0001458	FBtr0310034	CG4297-RC	CG4297
OG0001459	FBtr0078062	CG4184-RA	MED15
OG0001460	FBtr0078083	CG4427-RA	cbt
OG0001461	FBtr0329895	CG2762-RC	ush
OG0001462	FBtr0078081	CG3018-RA	lwr
OG0001463	FBtr0078080	CG11840-RA	Spp
OG0001464	FBtr0078064	CG11822-RA	nAChRbeta3
OG0001465	FBtr0078079	CG2914-RA	Ets21C
OG0001466	FBtr0078078	CG11838-RB	rempA
OG0001467	FBtr0078066	CG2789-RA	Tspo
OG0001468	FBtr0078067	CG2794-RA	CG2794
OG0001469	FBtr0078075	CG2863-RA	Nle
OG0001470	FBtr0078068	CG2807-RA	Sf3b1
OG0001471	FBtr0078074	CG13688-RA	Ipk2
OG0001472	FBtr0078069	CG2813-RA	cold
OG0001473	FBtr0346650	CG13687-RF	Ptth
OG0001474	FBtr0078070	CG2819-RA	Pph13
OG0001475	FBtr0343221	CG2851-RD	Gsc
OG0001476	FBtr0078071	CG13689-RA	CG13689
OG0001478	FBtr0078045	CG17941-RA	ds
OG0001479	FBtr0301316	CG3159-RC	Eaat2
OG0001480	FBtr0078001	CG3022-RA	GABA-B-R3
OG0001481	FBtr0078006	CG13948-RA	Gr21a
OG0001482	FBtr0078007	CG3544-RA	CG3544
OG0001483	FBtr0078042	CG3324-RA	Pkg21D
OG0001484	FBtr0078009	CG3561-RA	Dbp21E2
OG0001485	FBtr0078041	CG3883-RA	Saf6
OG0001486	FBtr0078010	CG3639-RA	Pex12
OG0001487	FBtr0078040	CG15880-RA	CG15880
OG0001488	FBtr0078039	CG3876-RA	PGAP2
OG0001489	FBtr0078011	CG3642-RA	Clp
OG0001490	FBtr0078012	CG3662-RA	CG3662
OG0001491	FBtr0078038	CG3862-RA	CG3862
OG0001492	FBtr0078014	CG3727-RB	dock
OG0001493	FBtr0078016	CG3943-RA	kraken
OG0001494	FBtr0078017	CG13949-RA	CG13949
OG0001495	FBtr0078018	CG13950-RA	CG13950
OG0001496	FBtr0078033	CG4276-RA	aru
OG0001497	FBtr0078030	CG4258-RA	dbe
OG0001498	FBtr0091489	CG33526-RD	PNUTS
OG0001499	FBtr0078023	CG3966-RA	ninaA
OG0001500	FBtr0332181	CG15824-RB	CG15824
OG0001501	FBtr0336969	CG4226-RD	GluRIIC
OG0001502	FBtr0301416	CG31795-RC	IA-2
OG0001503	FBtr0077951	CG4415-RA	gNacalpha
OG0001504	FBtr0077993	CG4385-RB	S
OG0001505	FBtr0077952	CG4426-RA	ast
OG0001506	FBtr0077953	CG4428-RA	Atg4a
OG0001507	FBtr0332570	CG4629-RE	CG4629
OG0001508	FBtr0077955	CG14340-RA	CG14340
OG0001509	FBtr0077987	CG4710-RB	Pino
OG0001510	FBtr0077956	CG4552-RA	TBC1D23
OG0001511	FBtr0077986	CG4715-RA	Iris
OG0001512	FBtr0332271	CG4577-RB	Spar
OG0001513	FBtr0077958	CG4726-RA	MFS3
OG0001514	FBtr0077959	CG4749-RA	Nsun4
OG0001515	FBtr0077985	CG5041-RA	Tfb4
OG0001516	FBtr0077960	CG4764-RA	Vps29
OG0001517	FBtr0077981	CG5080-RB	CG5080
OG0001518	FBtr0077962	CG4785-RA	IntS14
OG0001519	FBtr0077980	CG5105-RA	Plap
OG0001520	FBtr0077965	CG31922-RA	CG31922
OG0001521	FBtr0077979	CG5118-RA	Charon
OG0001522	FBtr0077971	CG4947-RA	Tgt
OG0001523	FBtr0077972	CG5001-RA	CG5001
OG0001524	FBtr0077977	CG5139-RA	CG5139
OG0001525	FBtr0114498	CG14342-RB	CG14342
OG0001526	FBtr0299796	CG42329-RA	CG42329
OG0001527	FBtr0077920	CG5397-RA	CG5397
OG0001528	FBtr0077946	CG31924-RB	CG31924
OG0001529	FBtr0077944	CG5565-RA	CG5565
OG0001530	FBtr0077943	CG31659-RA	CG31659
OG0001531	FBtr0329947	CG33126-RB	NLaz
OG0001532	FBtr0077926	CG14346-RA	CG14346
OG0001533	FBtr0077929	CG31928-RA	CG31928
OG0001534	FBtr0077930	CG33128-RA	CG33128
OG0001535	FBtr0077932	CG31661-RA	CG31661
OG0001536	FBtr0334820	CG7420-RB	CG7420
OG0001537	FBtr0114554	CG7428-RB	halo
OG0001538	FBtr0077917	CG10869-RA	nis
OG0001539	FBtr0077916	CG31935-RA	Rab3GAP1
OG0001540	FBtr0474154	CG14351-RI	haf
OG0001541	FBtr0077876	CG14352-RA	CG14352
OG0001542	FBtr0077915	CG7361-RB	RFeSP
OG0001543	FBtr0303933	CG31666-RE	chinmo
OG0001544	FBtr0077881	CG17158-RA	cpb
OG0001545	FBtr0077912	CG17660-RA	CG17660
OG0001546	FBtr0077882	CG17642-RA	mRpL48
OG0001548	FBtr0077888	CG31936-RA	Gr22e
OG0001549	FBtr0077894	CG15623-RA	c-cup
OG0001550	FBtr0089786	CG31665-RB	wry
OG0001551	FBtr0077893	CG31663-RA	CG31663
OG0001552	FBtr0077891	CG7295-RA	CG7295
OG0001553	FBtr0473589	CG15358-RD	CG15358
OG0001554	FBtr0333006	CG7337-RG	Wdr62
OG0001555	FBtr0077871	CG15357-RA	CG15357
OG0001556	FBtr0307516	CG33673-RB	CG33673
OG0001557	FBtr0330202	CG31670-RD	erm
OG0001558	FBtr0077813	CG10908-RA	Der-1
OG0001559	FBtr0077869	CG15356-RA	CG15356
OG0001560	FBtr0077814	CG15362-RA	CG15362
OG0001561	FBtr0077815	CG7289-RA	CG7289
OG0001562	FBtr0077868	CG4233-RB	Got2
OG0001563	FBtr0077816	CG7291-RA	Npc2a
OG0001564	FBtr0100503	CG31941-RB	Obp22a
OG0001565	FBtr0309285	CG33543-RD	elff
OG0001566	FBtr0301066	CG4238-RD	CG4238
OG0001567	FBtr0299676	CG42296-RA	CG42296
OG0001568	FBtr0077822	CG4244-RB	Su(dx)
OG0001569	FBtr0077826	CG15377-RA	Or22c
OG0001570	FBtr0300671	CG33516-RB	dpr3
OG0001571	FBtr0077827	CG12674-RA	Paf1L
OG0001572	FBtr0077854	CG4259-RA	CG4259
OG0001573	FBtr0077828	CG7254-RA	Glyp
OG0001574	FBtr0301660	CG31671-RB	tho2
OG0001575	FBtr0077852	CG11723-RA	CG11723
OG0001576	FBtr0077829	CG7261-RA	Tbcd
OG0001577	FBtr0077831	CG7263-RB	AIF
OG0001578	FBtr0077832	CG15382-RA	CG15382
OG0001579	FBtr0077850	CG3166-RB	aop
OG0001580	FBtr0330664	CG10874-RD	CG10874
OG0001581	FBtr0077845	CG15385-RA	CG15385
OG0001582	FBtr0077844	CG4265-RA	Uch
OG0001583	FBtr0112365	CG34174-RA	CG34174
OG0001584	FBtr0077843	CG10880-RA	daed
OG0001585	FBtr0299970	CG42371-RA	CG42371
OG0001586	FBtr0077835	CG7074-RA	mio
OG0001587	FBtr0077836	CG7082-RA	papi
OG0001588	FBtr0077840	CG7085-RA	sau
OG0001589	FBtr0329965	CG10882-RC	Sec24CD
OG0001590	FBtr0077751	CG4267-RA	CG4267
OG0001591	FBtr0077754	CG4270-RA	CG4270
OG0001592	FBtr0302372	CG34049-RB	CG34049
OG0001593	FBtr0077803	CG17242-RA	CG17242
OG0001594	FBtr0077756	CG4271-RA	CG4271
OG0001595	FBtr0077801	CG17237-RA	CG17237
OG0001596	FBtr0077757	CG31949-RA	CG31949
OG0001597	FBtr0077758	CG16995-RA	CG16995
OG0001598	FBtr0077799	CG9967-RA	CG9967
OG0001599	FBtr0344662	CG33955-RE	eys
OG0001600	FBtr0077793	CG3664-RB	Rab5
OG0001601	FBtr0077762	CG4272-RA	Axud1
OG0001602	FBtr0330667	CG3597-RB	CG3597
OG0001603	FBtr0077791	CG3609-RA	CG3609
OG0001604	FBtr0077765	CG9866-RA	Atxn7
OG0001605	FBtr0077767	CG9867-RA	Eogt
OG0001606	FBtr0077768	CG9870-RA	PIG-Wa
OG0001607	FBtr0077790	CG3557-RA	CG3557
OG0001608	FBtr0077769	CG9887-RA	VGlut1
OG0001609	FBtr0307079	CG18641-RC	CG18641
OG0001610	FBtr0077770	CG9886-RA	Glyctk
OG0001611	FBtr0077771	CG9885-RA	dpp
OG0001612	FBtr0077782	CG3539-RC	Slh
OG0001613	FBtr0077780	CG9884-RD	oaf
OG0001614	FBtr0077781	CG3528-RA	CG3528
OG0001615	FBtr0077750	CG3515-RA	CG3515
OG0001616	FBtr0077693	CG9883-RA	Elba2
OG0001617	FBtr0077745	CG3214-RA	ND-B17.2
OG0001618	FBtr0077694	CG9881-RA	Arpc5
OG0001619	FBtr0077744	CG3210-RA	Drp1
OG0001620	FBtr0335171	CG15394-RC	CG15394
OG0001621	FBtr0114513	CG15395-RB	CG15395
OG0001622	FBtr0077743	CG9962-RA	CG9962
OG0001623	FBtr0302456	CG33125-RB	CG33125
OG0001624	FBtr0077698	CG9880-RA	Or23a
OG0001625	FBtr0077699	CG17302-RA	Prosbeta4R2
OG0001626	FBtr0077700	CG9879-RA	Trf4
OG0001627	FBtr0077702	CG15396-RB	Gr23a
OG0001628	FBtr0300986	CG15398-RB	Trf5
OG0001629	FBtr0334161	CG31689-RH	CG31689
OG0001630	FBtr0089750	CG2903-RB	Hrs
OG0001631	FBtr0077712	CG2843-RA	Cwc25
OG0001632	FBtr0077713	CG9894-RB	Bacc
OG0001633	FBtr0100383	CG9960-RA	HemK2
OG0001634	FBtr0077737	CG9958-RA	Snapin
OG0001635	FBtr0077715	CG2848-RA	Tnpo-SR
OG0001636	FBtr0077736	CG3077-RA	Snx21
OG0001637	FBtr0077716	CG2855-RA	aph-1
OG0001638	FBtr0077735	CG3069-RA	Taf10b
OG0001639	FBtr0077717	CG2859-RA	Taf10
OG0001640	FBtr0077718	CG2862-RA	HINT1
OG0001641	FBtr0077730	CG15399-RA	CG15399
OG0001642	FBtr0077726	CG3139-RA	Syt1
OG0001643	FBtr0077625	CG2991-RA	CG2991
OG0001644	FBtr0077685	CG31694-RA	Ifrd1
OG0001645	FBtr0077628	CG8813-RA	CG8813
OG0001646	FBtr0077629	CG8814-RA	Acbp7
OG0001647	FBtr0077684	CG3083-RA	Prx6a
OG0001648	FBtr0077630	CG31950-RA	Sbat
OG0001649	FBtr0077631	CG18627-RA	RabGGTb
OG0001650	FBtr0332460	CG3059-RF	NTPase
OG0001651	FBtr0077632	CG8817-RA	lilli
OG0001652	FBtr0077679	CG3181-RA	Ts
OG0001653	FBtr0290241	CG3178-RB	Rrp1
OG0001654	FBtr0077676	CG9641-RA	CG9641
OG0001655	FBtr0077642	CG3165-RA	CG3165
OG0001656	FBtr0077675	CG9643-RA	CG9643
OG0001657	FBtr0305980	CG3733-RB	Chd1
OG0001658	FBtr0077643	CG18642-RA	Bem46
OG0001659	FBtr0077673	CG3736-RA	okr
OG0001660	FBtr0273230	CG3558-RC	CG3558
OG0001661	FBtr0077671	CG17224-RA	CG17224
OG0001662	FBtr0077647	CG17264-RA	CG17264
OG0001663	FBtr0077670	CG17223-RA	alpha4GT1
OG0001664	FBtr0077648	CG3542-RA	Prp40
OG0001665	FBtr0077669	CG3605-RA	Sf3b2
OG0001666	FBtr0077651	CG17257-RB	GABPI
OG0001667	FBtr0300814	CG17258-RB	CG17258
OG0001668	FBtr0077667	CG17259-RA	SerRS
OG0001669	FBtr0077653	CG17260-RA	CG17260
OG0001670	FBtr0077666	CG17262-RA	cnir
OG0001671	FBtr0077655	CG17221-RA	Rtn4ip1
OG0001672	FBtr0077656	CG17261-RA	CG17261
OG0001673	FBtr0077662	CG9660-RA	toc
OG0001674	FBtr0077617	CG12400-RA	ND-B14.5B
OG0001675	FBtr0332372	CG12399-RB	Mad
OG0001676	FBtr0077574	CG8825-RA	Tdp1
OG0001677	FBtr0077576	CG3488-RA	Hydr2
OG0001678	FBtr0077578	CG15404-RA	CG15404
OG0001679	FBtr0112637	CG34393-RA	CG34393
OG0001680	FBtr0301033	CG3347-RB	CG3347
OG0001681	FBtr0077609	CG3332-RA	OtopLb
OG0001682	FBtr0077605	CG9664-RB	CG9664
OG0001683	FBtr0077604	CG9663-RA	CG9663
OG0001684	FBtr0077580	CG15406-RA	CG15406
OG0001685	FBtr0114460	CG3277-RC	CG3277
OG0001686	FBtr0077603	CG3326-RA	Fign
OG0001687	FBtr0077583	CG8837-RA	CG8837
OG0001688	FBtr0077584	CG33281-RA	CG33281
OG0001689	FBtr0089979	CG3327-RC	E23
OG0001690	FBtr0077588	CG8838-RA	CG8838
OG0001691	FBtr0306333	CG34394-RE	GramD1B
OG0001692	FBtr0332408	CG15412-RC	CG15412
OG0001693	FBtr0077594	CG9662-RA	Ostc
OG0001694	FBtr0077589	CG3289-RA	Ptpa
OG0001695	FBtr0300295	CG42459-RA	Sfp23F
OG0001696	FBtr0112366	CG34175-RA	CG34175
OG0001697	FBtr0077592	CG3254-RA	Pgant2
OG0001698	FBtr0077590	CG8840-RA	CG8840
OG0001699	FBtr0077516	CG2772-RA	CG2772
OG0001700	FBtr0077517	CG2774-RA	Snx1
OG0001701	FBtr0113019	CG12795-RB	CG12795
OG0001702	FBtr0077573	CG3248-RA	Cog3
OG0001703	FBtr0077519	CG8843-RA	Sec5
OG0001704	FBtr0077572	CG3246-RA	CG3246
OG0001705	FBtr0077520	CG8844-RA	ND-PDSW
OG0001706	FBtr0077524	CG8846-RA	Thor
OG0001707	FBtr0077568	CG15414-RA	CG15414
OG0001708	FBtr0445397	CG3234-RT	tim
OG0001709	FBtr0077563	CG31954-RA	CG31954
OG0001710	FBtr0077562	CG33123-RA	LeuRS
OG0001711	FBtr0077561	CG3213-RA	CG3213
OG0001712	FBtr0333251	CG8851-RC	CG8851
OG0001713	FBtr0089937	CG8852-RA	CG8852
OG0001714	FBtr0301590	CG15415-RB	Spindly
OG0001715	FBtr0077529	CG8853-RA	IFT57
OG0001716	FBtr0344768	CG10016-RC	drm
OG0001717	FBtr0077558	CG3242-RA	sob
OG0001718	FBtr0077557	CG3851-RA	odd
OG0001719	FBtr0077532	CG2788-RA	Ugt36A1
OG0001720	FBtr0089304	CG10033-RA	for
OG0001721	FBtr0302391	CG34340-RE	Drgx
OG0001722	FBtr0077549	CG3513-RA	CG3513
OG0001723	FBtr0077545	CG3604-RA	CG3604
OG0001724	FBtr0077544	CG10031-RA	CG10031
OG0001725	FBtr0077543	CG31778-RA	CG31778
OG0001726	FBtr0077542	CG31777-RA	CG31777
OG0001727	FBtr0077541	CG33122-RA	cutlet
OG0001728	FBtr0077537	CG2818-RA	CG2818
OG0001729	FBtr0273188		
OG0001730	FBtr0077490	CG10021-RB	bowl
OG0001731	FBtr0307051	CG3921-RB	bark
OG0001732	FBtr0077498	CG3920-RB	Reph
OG0001733	FBtr0077515	CG3407-RA	CG3407
OG0001734	FBtr0077499	CG16738-RA	slp1
OG0001735	FBtr0077500	CG2939-RA	slp2
OG0001736	FBtr0077504	CG3980-RB	Cep97
OG0001737	FBtr0077514	CG31957-RA	CG31957
OG0001738	FBtr0077505	CG15422-RA	CG15422
OG0001739	FBtr0077506	CG15423-RA	CG15423
OG0001741	FBtr0077477	CG3702-RA	CG3702
OG0001742	FBtr0077470	CG2960-RA	RpL40
OG0001743	FBtr0077476	CG3675-RA	Art2
OG0001744	FBtr0347158	CG15427-RJ	tutl
OG0001745	FBtr0077425	CG16857-RA	bdl
OG0001746	FBtr0077428	CG15429-RA	CG15429
OG0001747	FBtr0077429	CG3048-RA	Traf4
OG0001748	FBtr0077463	CG17612-RB	CG17612
OG0001749	FBtr0077462	CG3338-RA	Vps53
OG0001750	FBtr0331449	CG18013-RB	Psf2
OG0001751	FBtr0077431	CG4104-RA	Tps1
OG0001752	FBtr0077460	CG3652-RA	CG3652
OG0001753	FBtr0290071	CG33003-RB	CG33003
OG0001754	FBtr0077435	CG3058-RA	Dim1
OG0001755	FBtr0077459	CG15431-RA	CG15431
OG0001756	FBtr0112368	CG34177-RA	CG34177
OG0001757	FBtr0304638	CG43056-RA	CG43056
OG0001758	FBtr0077438	CG15432-RA	CG15432
OG0001759	FBtr0077457	CG15437-RA	morgue
OG0001760	FBtr0077439	CG15433-RA	Elp3
OG0001761	FBtr0077456	CG15438-RA	MFS18
OG0001762	FBtr0077455	CG15439-RA	CG15439
OG0001763	FBtr0077454	CG15440-RA	Secp43
OG0001764	FBtr0077440	CG15434-RA	ND-B8
OG0001765	FBtr0077453	CG15441-RA	Gs1l
OG0001766	FBtr0077452	CG15442-RA	RpL27A
OG0001767	FBtr0077451	CG33002-RA	mRpL27
OG0001768	FBtr0077441	CG15435-RA	CG15435
OG0001769	FBtr0077450	CG15443-RA	CG15443
OG0001770	FBtr0077443	CG17840-RA	FIG4
OG0001771	FBtr0077446	CG15444-RB	ine
OG0001772	FBtr0077444	CG15636-RA	HP6
OG0001773	FBtr0077376	CG3355-RA	CG3355
OG0001774	FBtr0077423	CG12205-RA	Elba1
OG0001775	FBtr0077378	CG15634-RA	Elba3
OG0001776	FBtr0077422	CG3251-RA	CG3251
OG0001777	FBtr0077420	CG15632-RA	Taf12L
OG0001778	FBtr0329978	CG34351-RD	dcma
OG0001779	FBtr0077419	CG15631-RA	CG15631
OG0001780	FBtr0077418	CG15630-RA	fipi
OG0001781	FBtr0077381	CG3294-RA	CG3294
OG0001782	FBtr0077417	CG3244-RA	slf
OG0001783	FBtr0077383	CG15629-RA	CG15629
OG0001784	FBtr0077416	CG3225-RA	CG3225
OG0001785	FBtr0077384	CG15628-RA	CG15628
OG0001786	FBtr0077415	CG2976-RA	Fnta
OG0001787	FBtr0077412	CG15626-RA	tank
OG0001788	FBtr0300941	CG2950-RD	mxt
OG0001789	FBtr0077386	CG11927-RA	CG11927
OG0001790	FBtr0077408	CG2937-RA	mRpS2
OG0001791	FBtr0077387	CG11926-RA	Mon1
OG0001792	FBtr0304909	CG31660-RD	smog
OG0001793	FBtr0472669	CG11924-RG	Cf2
OG0001794	FBtr0077389	CG3008-RA	CG3008
OG0001795	FBtr0077390	CG15625-RA	CG15625
OG0001796	FBtr0077391	CG3036-RA	CG3036
OG0001797	FBtr0077401	CG2837-RB	snsl
OG0001798	FBtr0077396	CG12787-RC	hoe1
OG0001799	FBtr0077394	CG15624-RA	hoe2
OG0001800	FBtr0078990	CG14044-RA	synr
OG0001801	FBtr0079058	CG8849-RA	mRpL24
OG0001802	FBtr0078991	CG3469-RA	betaggt-I
OG0001803	FBtr0079057	CG8873-RA	jet
OG0001804	FBtr0110838	CG34124-RA	CG34124
OG0001805	FBtr0110839	CG34125-RA	CG34125
OG0001806	FBtr0079053	CG8882-RA	eIF3i
OG0001807	FBtr0079052	CG8885-RA	Scox
OG0001808	FBtr0078994	CG3756-RA	Polr1C
OG0001809	FBtr0079051	CG8886-RB	l(2)05714
OG0001810	FBtr0078995	CG14043-RA	CG14043
OG0001811	FBtr0078996	CG3782-RA	mRpL28
OG0001812	FBtr0079049	CG8890-RA	Gmd
OG0001813	FBtr0078997	CG3792-RA	CG3792
OG0001814	FBtr0079048	CG8891-RA	CG8891
OG0001815	FBtr0079045	CG8892-RC	CG8892
OG0001816	FBtr0329975	CG34126-RE	CG34126
OG0001817	FBtr0301538	CG33113-RH	Rtnl1
OG0001818	FBtr0301130	CG42373-RB	Tfb5
OG0001819	FBtr0079000	CG3887-RA	SelT
OG0001820	FBtr0110983	CG14042-RA	CG14042
OG0001821	FBtr0079004	CG14041-RA	SP555
OG0001822	FBtr0079033	CG31650-RA	CG31650
OG0001823	FBtr0100048	CG33995-RA	CG33995
OG0001824	FBtr0334119	CG44000-RB	CG44000
OG0001825	FBtr0334124	CG44001-RA	CG44001
OG0001826	FBtr0079032	CG9121-RA	CG9121
OG0001827	FBtr0079030	CG9124-RA	eIF3h
OG0001828	FBtr0079009	CG14040-RA	senju
OG0001829	FBtr0079029	CG14036-RA	CG14036
OG0001830	FBtr0079028	CG31918-RA	Nepl3
OG0001831	FBtr0079027	CG18174-RA	Rpn11
OG0001832	FBtr0079012	CG14039-RA	qtc
OG0001833	FBtr0079016	CG5827-RA	RpL37A
OG0001834	FBtr0079026	CG31651-RA	Pgant5
OG0001835	FBtr0079018	CG5828-RA	Pank4
OG0001836	FBtr0329983	CG4230-RC	CG4230
OG0001837	FBtr0079025	CG8680-RA	ND-13A
OG0001838	FBtr0079092	CG7742-RA	CG7742
OG0001839	FBtr0110802	CG14034-RB	CG14034
OG0001840	FBtr0079063	CG6514-RA	TpnC25D
OG0001841	FBtr0079087	CG14026-RC	tkv
OG0001842	FBtr0310625	CG14025-RG	Nin
OG0001843	FBtr0079069	CG14030-RA	Bub1
OG0001844	FBtr0079071	CG14029-RA	vri
OG0001845	FBtr0079082	CG14024-RA	CG14024
OG0001846	FBtr0079072	CG14028-RA	cype
OG0001847	FBtr0079080	CG14022-RA	CG14022
OG0001848	FBtr0079073	CG14027-RA	TotM
OG0001849	FBtr0079078	CG14021-RB	fusl
OG0001850	FBtr0079077	CG12512-RA	Acsf2
OG0001851	FBtr0347409	CG11020-RH	nompC
OG0001852	FBtr0329966	CG14020-RB	CG14020
OG0001853	FBtr0079130	CG7382-RA	CG7382
OG0001854	FBtr0079095	CG11024-RA	cl
OG0001855	FBtr0079129	CG7371-RA	Vps52
OG0001856	FBtr0079096	CG6907-RA	Elp4
OG0001857	FBtr0079097	CG31989-RA	Cap-D3
OG0001858	FBtr0079099	CG31915-RA	CG31915
OG0001859	FBtr0079128	CG7277-RA	Coq6
OG0001860	FBtr0079126	CG14015-RA	CG14015
OG0001861	FBtr0079123	CG7269-RC	Hel25E
OG0001862	FBtr0079100	CG6944-RA	Lam
OG0001863	FBtr0079101	CG6957-RA	Gnpda
OG0001864	FBtr0114511	CG14014-RB	CG14014
OG0001865	FBtr0079103	CG18269-RA	CG18269
OG0001866	FBtr0079121	CG14013-RA	CG14013
OG0001867	FBtr0079104	CG14017-RA	CG14017
OG0001868	FBtr0079106	CG6992-RI	GluRIIA
OG0001869	FBtr0089577	CG7234-RI	GluRIIB
OG0001870	FBtr0079118	CG14011-RA	CG14011
OG0001871	FBtr0079117	CG7251-RA	CG7251
OG0001872	FBtr0079109	CG18266-RA	CG18266
OG0001873	FBtr0302933	CG14010-RB	DIP-eta
OG0001874	FBtr0079114	CG31646-RA	DIP-theta
OG0001877	FBtr0112619	CG34381-RB	TrissinR
OG0001878	FBtr0079158	CG8965-RA	rau
OG0001879	FBtr0079156	CG9024-RA	Acp26Ab
OG0001880	FBtr0079154	CG9021-RA	CG9021
OG0001881	FBtr0079153	CG14000-RA	CG14000
OG0001882	FBtr0079151	CG9016-RA	CG9016
OG0001883	FBtr0079146	CG9042-RB	Gpdh1
OG0001884	FBtr0333231	CG9044-RC	CG9044
OG0001885	FBtr0079150	CG13999-RA	CG13999
OG0001886	FBtr0079241	CG13998-RA	CG13998
OG0001887	FBtr0079171	CG9046-RA	Vm26Ab
OG0001888	FBtr0079239	CG9048-RA	Vm26Aa
OG0001889	FBtr0079238	CG9050-RA	psd
OG0001890	FBtr0079237	CG13992-RA	CG13992
OG0001891	FBtr0079172	CG9064-RA	Ucp4C
OG0001892	FBtr0079173	CG18340-RA	Ucp4B
OG0001893	FBtr0079233	CG9553-RA	chic
OG0001894	FBtr0079179	CG9078-RA	ifc
OG0001895	FBtr0079231	CG9088-RA	Kdm5
OG0001896	FBtr0113024	CG9093-RB	Tsp26A
OG0001897	FBtr0079228	CG9098-RA	CG9098
OG0001898	FBtr0079227	CG11607-RA	H2.0
OG0001899	FBtr0079181	CG13996-RA	CG13996
OG0001900	FBtr0079225	CG9107-RA	CG9107
OG0001901	FBtr0343131	CG9109-RC	CG9109
OG0001902	FBtr0079223	CG9115-RA	mtm
OG0001903	FBtr0079182	CG31643-RA	CG31643
OG0001904	FBtr0079219	CG9127-RA	Pfas
OG0001905	FBtr0079217	CG9131-RA	slmo
OG0001906	FBtr0344625	CG34179-RC	CG34179
OG0001907	FBtr0079183	CG12393-RB	IPIP
OG0001908	FBtr0079185	CG9135-RA	CG9135
OG0001909	FBtr0079187	CG13995-RA	CG13995
OG0001910	FBtr0079188	CG13994-RA	CG13994
OG0001911	FBtr0079215	CG9144-RA	Fbw5
OG0001912	FBtr0079189	CG9147-RB	CG9147
OG0001913	FBtr0302213	CG9150-RB	CG9150
OG0001914	FBtr0079191	CG13993-RA	Pfdn1
OG0001915	FBtr0079213	CG9154-RA	CG9154
OG0001916	FBtr0079192	CG9159-RA	Kr-h2
OG0001917	FBtr0344438	CG45074-RB	Kr-h1
OG0001918	FBtr0079211	CG9175-RA	CG9175
OG0001919	FBtr0079199	CG31642-RA	CG31642
OG0001920	FBtr0304908	CG31641-RD	stai
OG0001921	FBtr0079200	CG5972-RA	Arpc4
OG0001922	FBtr0346267	CG9226-RC	WDR79
OG0001923	FBtr0303079	CG42731-RA	tctn
OG0001924	FBtr0303078	CG42730-RA	B9d2
OG0001925	FBtr0079204	CG13989-RA	CG13989
OG0001926	FBtr0079243	CG9486-RA	AANATL2
OG0001927	FBtr0079285	CG13983-RA	CG13983
OG0001930	FBtr0079271	CG16947-RA	Rchy1
OG0001931	FBtr0079270	CG9531-RA	HemK1
OG0001932	FBtr0079268	CG9535-RA	mmy
OG0001933	FBtr0079267	CG9536-RA	CG9536
OG0001934	FBtr0079266	CG9539-RA	Sec61alpha
OG0001935	FBtr0079260	CG9537-RA	Daxx
OG0001936	FBtr0079265	CG9542-RA	Kfase
OG0001937	FBtr0079261	CG9543-RA	epsilonCOP
OG0001938	FBtr0079264	CG9548-RA	Phf5a
OG0001939	FBtr0079262	CG31638-RA	CG31638
OG0001940	FBtr0079263	CG9547-RA	CG9547
OG0001941	FBtr0079286	CG9550-RA	CG9550
OG0001942	FBtr0079287	CG31637-RA	CG31637
OG0001943	FBtr0079335	CG9554-RA	eya
OG0001944	FBtr0079333		
OG0001945	FBtr0079288	CG11015-RA	COX5B
OG0001946	FBtr0079289	CG11043-RA	COX5BL
OG0001947	FBtr0079332	CG9596-RB	Trmt6
OG0001948	FBtr0079290	CG31911-RA	Ent2
OG0001949	FBtr0079330	CG13766-RA	CG13766
OG0001950	FBtr0343159	CG11319-RB	Dpp10
OG0001951	FBtr0079291	CG11050-RA	CG11050
OG0001952	FBtr0113026	CG11320-RB	DIP-iota
OG0001953	FBtr0112553	CG34345-RA	CG34345
OG0001954	FBtr0079327	CG31634-RA	Oatp26F
OG0001955	FBtr0331187	CG31635-RC	CG31635
OG0001956	FBtr0079295	CG11098-RA	Tango1
OG0001957	FBtr0079297	CG11070-RA	Ube4A
OG0001958	FBtr0079323	CG13771-RA	CG13771
OG0001959	FBtr0290322	CG11181-RB	cup
OG0001960	FBtr0079322	CG9232-RA	Galt
OG0001961	FBtr0079321	CG11331-RA	Spn27A
OG0001962	FBtr0347411	CG34310-RE	PIGBOS1
OG0001963	FBtr0079320	CG11330-RA	cort
OG0001964	FBtr0273247	CG11328-RD	Nhe3
OG0001965	FBtr0079312	CG11326-RA	Tsp
OG0001966	FBtr0079310	CG11325-RC	AkhR
OG0001967	FBtr0079299	CG11188-RA	Aatf
OG0001968	FBtr0329893	CG11324-RE	homer
OG0001969	FBtr0329943	CG11199-RE	Liprin-alpha
OG0001970	FBtr0300056	CG11201-RB	TTLL3B
OG0001971	FBtr0079305	CG11323-RA	TTLL3A
OG0001972	FBtr0079303	CG11221-RA	meng
OG0001973	FBtr0339238	CG44271-RA	CG44271
OG0001974	FBtr0331216	CG11321-RE	LUBEL
OG0001975	FBtr0079336	CG17378-RA	CG17378
OG0001976	FBtr0079384	CG9258-RA	nrv1
OG0001977	FBtr0079381	CG9261-RC	nrv2
OG0001978	FBtr0079339	CG11236-RA	Daao2
OG0001979	FBtr0300821	CG17375-RB	CG17375
OG0001980	FBtr0079341	CG31632-RA	sens-2
OG0001981	FBtr0079342	CG10800-RA	Rca1
OG0001982	FBtr0079343	CG10805-RA	Heatr1
OG0001983	FBtr0079374	CG10806-RA	Nha1
OG0001984	FBtr0079344	CG13772-RA	Nlg2
OG0001985	FBtr0079372	CG13773-RA	Polr1F
OG0001986	FBtr0079345	CG10354-RA	Rat1
OG0001987	FBtr0079371	CG4488-RA	Wee1
OG0001988	FBtr0079368	CG10203-RA	x16
OG0001989	FBtr0079369	CG10206-RA	nop5
OG0001990	FBtr0079346	CG10377-RA	Hrb27C
OG0001991	FBtr0332327	CG18304-RD	CG18304
OG0001992	FBtr0079366	CG10158-RA	Fgop2
OG0001993	FBtr0079365	CG9211-RA	ihog
OG0001994	FBtr0079364	CG9207-RA	Gas41
OG0001995	FBtr0079349	CG3423-RA	SA1
OG0001996	FBtr0079363	CG13775-RA	CG13775
OG0001997	FBtr0079350	CG3430-RA	CG3430
OG0001998	FBtr0079362	CG9200-RA	Atac1
OG0001999	FBtr0079351	CG10399-RA	Hmgcl
OG0002000	FBtr0079358	CG9188-RB	sip2
OG0002001	FBtr0079352	CG3433-RA	Coprox
OG0002002	FBtr0079356	CG4494-RA	Sumo
OG0002003	FBtr0079355	CG8749-RA	snRNP-U1-70K
OG0002004	FBtr0302162	CG9138-RC	uif
OG0002005	FBtr0306926	CG43322-RA	CG43322
OG0002006	FBtr0079431	CG31628-RA	Gart
OG0002007	FBtr0079388	CG3440-RA	Pcp
OG0002008	FBtr0079429	CG31908-RA	CG31908
OG0002009	FBtr0306231	CG43227-RD	milt
OG0002011	FBtr0079455	CG6641-RA	Obp28a
OG0002012	FBtr0334849	CG44086-RH	RapGAP1
OG0002013	FBtr0079470	CG6717-RA	Spn28B
OG0002014	FBtr0079472	CG6739-RA	CG6739
OG0002015	FBtr0330706	CG43756-RJ	Slob
OG0002016	FBtr0079477	CG7068-RA	Tep3
OG0002017	FBtr0079478	CG7075-RA	Ntl
OG0002018	FBtr0079500	CG7216-RA	Acp1
OG0002020	FBtr0300185	CG7231-RE	CG7231
OG0002021	FBtr0114550	CG7228-RC	pes
OG0002022	FBtr0079551	CG7227-RA	CG7227
OG0002023	FBtr0079532	CG7224-RA	Sirup
OG0002024	FBtr0079550	CG7221-RA	Wwox
OG0002025	FBtr0079549	CG7219-RA	Spn28Dc
OG0002026	FBtr0079533	CG7356-RA	Tg
OG0002027	FBtr0079535	CG7380-RA	baf
OG0002028	FBtr0306000	CG7392-RE	Cka
OG0002029	FBtr0079540	CG7429-RA	CCDC53
OG0002030	FBtr0079546	CG7424-RA	RpL36A
OG0002031	FBtr0344788	CG7466-RB	Megf8
OG0002032	FBtr0079545	CG14472-RA	poe
OG0002033	FBtr0329946	CG18780-RB	MED20
OG0002034	FBtr0079542	CG7562-RA	Trf
OG0002035	FBtr0079543	CG7586-RA	Mcr
OG0002036	FBtr0079574	CG31605-RG	Bsg
OG0002037	FBtr0301229	CG8683-RB	mon2
OG0002038	FBtr0079642	CG12375-RA	CG12375
OG0002039	FBtr0079641	CG8552-RA	PAPLA1
OG0002040	FBtr0308299	CG43394-RB	CG43394
OG0002041	FBtr0079581	CG8506-RA	Rbsn-5
OG0002042	FBtr0079640	CG8498-RA	Acbp1
OG0002043	FBtr0335186	CG8475-RC	Phkb
OG0002044	FBtr0079586	CG8460-RA	CG8460
OG0002045	FBtr0079588	CG8455-RB	PGAP5
OG0002046	FBtr0079589	CG8419-RA	CG8419
OG0002047	FBtr0079635	CG8409-RA	Su(var)205
OG0002048	FBtr0079634	CG8372-RB	CG8372
OG0002049	FBtr0089935	CG8360-RA	CG8360
OG0002050	FBtr0079593	CG8353-RA	CG8353
OG0002051	FBtr0079594	CG8349-RA	CG8349
OG0002052	FBtr0079632	CG8292-RA	CG8292
OG0002053	FBtr0306170	CG8282-RB	Snx6
OG0002054	FBtr0302148	CG8222-RJ	Pvr
OG0002055	FBtr0079595	CG14277-RA	CG14277
OG0002056	FBtr0304640	CG43057-RA	CG43057
OG0002057	FBtr0079616	CG8049-RB	Btk
OG0002058	FBtr0079614	CG7870-RA	wol
OG0002059	FBtr0329935	CG7851-RC	Scgalpha
OG0002060	FBtr0079598	CG7840-RA	Pprd
OG0002061	FBtr0079613	CG7830-RA	Ostgamma
OG0002062	FBtr0079599	CG7818-RA	Mettl14
OG0002063	FBtr0079612	CG7810-RA	CG7810
OG0002064	FBtr0079600	CG7806-RA	CG7806
OG0002065	FBtr0301170	CG7795-RD	mtsh
OG0002066	FBtr0079601	CG7787-RA	strat
OG0002067	FBtr0079609	CG7781-RA	CG7781
OG0002068	FBtr0079602	CG14275-RA	CG14275
OG0002069	FBtr0079604	CG14274-RA	witty
OG0002070	FBtr0079605	CG14273-RA	CG14273
OG0002071	FBtr0079606	CG7778-RA	CG7778
OG0002072	FBtr0079607	CG31901-RA	Mur29B
OG0002073	FBtr0079724	CG13389-RA	RpS13
OG0002074	FBtr0079646	CG42522-RB	CSN8
OG0002075	FBtr0306102	CG17291-RD	Pp2A-29B
OG0002076	FBtr0079648	CG17292-RB	CG17292
OG0002077	FBtr0079650	CG17293-RA	Wdr82
OG0002078	FBtr0079723	CG13390-RA	CG13390
OG0002079	FBtr0079651	CG17294-RA	CG17294
OG0002080	FBtr0079721	CG13391-RA	AlaRS
OG0002081	FBtr0079720	CG13392-RA	Tmem126
OG0002082	FBtr0079652	CG17295-RA	Rcd4
OG0002083	FBtr0079719	CG13393-RA	Dad1
OG0002084	FBtr0079655	CG13384-RC	CG13384
OG0002085	FBtr0303799	CG42820-RA	CG42820
OG0002086	FBtr0079714	CG31893-RA	Peritrophin-15b
OG0002087	FBtr0079713	CG17814-RA	Peritrophin-15a
OG0002088	FBtr0079712	CG13396-RA	fy
OG0002089	FBtr0079663	CG13387-RA	emb
OG0002090	FBtr0079711	CG13397-RA	Naglu
OG0002091	FBtr0079667	CG13388-RD	Akap200
OG0002092	FBtr0079708	CG17610-RA	grk
OG0002093	FBtr0079707	CG13400-RA	Yeats2
OG0002094	FBtr0100268	CG13399-RB	Chrac-14
OG0002095	FBtr0100473	CG10890-RC	mus201
OG0002096	FBtr0079673	CG31897-RA	CG31897
OG0002097	FBtr0089673	CG13401-RA	CG13401
OG0002098	FBtr0079703	CG17608-RA	Agpat2
OG0002099	FBtr0079674	CG9233-RA	prg
OG0002100	FBtr0079681	CG13088-RA	CG13088
OG0002101	FBtr0308708	CG43400-RA	CG43400
OG0002102	FBtr0079700	CG13094-RC	Dh31
OG0002103	FBtr0079701	CG13095-RA	Bace
OG0002104	FBtr0079698	CG13096-RA	CG13096
OG0002105	FBtr0079697	CG13097-RA	CG13097
OG0002106	FBtr0079682	CG13089-RA	PIG-U
OG0002107	FBtr0079696	CG13098-RA	mRpL51
OG0002108	FBtr0079683	CG13090-RA	Mocs3
OG0002109	FBtr0112744	CG34441-RA	lmgB
OG0002110	FBtr0079695	CG34440-RA	lmgA
OG0002111	FBtr0329930	CG18405-RG	Sema1a
OG0002112	FBtr0079727	CG9280-RA	Glt
OG0002113	FBtr0079753	CG9287-RA	CG9287
OG0002114	FBtr0079751	CG9289-RA	CG9289
OG0002115	FBtr0079750	CG9296-RA	PrBP
OG0002116	FBtr0079730	CG9298-RA	Trs23
OG0002117	FBtr0079748	CG9310-RB	Hnf4
OG0002118	FBtr0079746	CG12437-RA	raw
OG0002119	FBtr0079732	CG12438-RA	CG12438
OG0002120	FBtr0330210	CG18024-RB	SoxN
OG0002121	FBtr0079734	CG32986-RA	CG32986
OG0002122	FBtr0079735	CG32987-RA	CG32987
OG0002123	FBtr0079736	CG32988-RA	CG32988
OG0002124	FBtr0079738	CG9483-RA	CG9483
OG0002125	FBtr0079754	CG9494-RA	Tsp29Fa
OG0002126	FBtr0079755	CG9496-RB	Tsp29Fb
OG0002127	FBtr0100481	CG9510-RB	Argl
OG0002128	FBtr0079760	CG18662-RA	CG18662
OG0002129	FBtr0079782	CG9552-RA	rost
OG0002130	FBtr0079780	CG9556-RA	alien
OG0002131	FBtr0079763	CG18661-RA	CG18661
OG0002132	FBtr0301665	CG9564-RC	Try29F
OG0002133	FBtr0079765	CG9568-RA	CG9568
OG0002134	FBtr0079778	CG9582-RA	CG9582
OG0002135	FBtr0299873	CG31609-RB	CG31609
OG0002136	FBtr0079770	CG13106-RA	Or30a
OG0002137	FBtr0301040	CG32982-RE	CG32982
OG0002138	FBtr0079773	CG13108-RA	CG13108
OG0002139	FBtr0330220	CG9586-RC	CG9586
OG0002140	FBtr0304974	CG13109-RG	tai
OG0002141	FBtr0079818	CG4454-RB	borr
OG0002142	FBtr0079807	CG3759-RA	Mco1
OG0002143	FBtr0079808	CG3763-RA	Fbp2
OG0002144	FBtr0079811	CG4435-RA	FutB
OG0002145	FBtr0079809	CG3766-RA	scat
OG0002146	FBtr0079810	CG3769-RA	CG3769
OG0002147	FBtr0079822	CG3779-RA	numb
OG0002148	FBtr0079862	CG4422-RA	Gdi
OG0002149	FBtr0089853	CG33298-RB	CG33298
OG0002150	FBtr0079825	CG3811-RA	Oatp30B
OG0002151	FBtr0079830	CG17855-RA	CG17855
OG0002152	FBtr0079831	CG3818-RA	Cpr30B
OG0002153	FBtr0273329	CG13114-RB	CG13114
OG0002155	FBtr0079834	CG3838-RA	brwl
OG0002156	FBtr0079858	CG4389-RA	Mtpalpha
OG0002157	FBtr0079855	CG12245-RA	gcm
OG0002158	FBtr0079836	CG3841-RA	CG3841
OG0002159	FBtr0114535	CG4382-RB	CG4382
OG0002160	FBtr0079837	CG3858-RA	gcm2
OG0002161	FBtr0079839	CG31884-RB	Trx2
OG0002162	FBtr0302199	CG3881-RC	GlcAT-S
OG0002163	FBtr0300213	CG33299-RB	CG33299
OG0002164	FBtr0079851	CG4379-RB	Pka-C1
OG0002165	FBtr0079846	CG3949-RA	hoip
OG0002166	FBtr0079848	CG4364-RA	CG4364
OG0002167	FBtr0303908	CG18660-RD	Nckx30C
OG0002168	FBtr0079863	CG13116-RA	CG13116
OG0002169	FBtr0079864	CG13117-RA	CG13117
OG0002170	FBtr0079865	CG3998-RA	zf30C
OG0002171	FBtr0079924	CG4079-RA	Taf11
OG0002172	FBtr0079866	CG4008-RA	und
OG0002173	FBtr0335505	CG44152-RA	ppk18
OG0002174	FBtr0079867	CG4017-RA	CG4017
OG0002175	FBtr0079868	CG17633-RA	CG17633
OG0002176	FBtr0100832	CG34059-RA	ppk16
OG0002177	FBtr0079870	CG4036-RA	CG4036
OG0002178	FBtr0079917	CG13123-RA	CG13123
OG0002179	FBtr0079872	CG4535-RA	Fkbp59
OG0002180	FBtr0113031	CG4537-RB	CG4537
OG0002181	FBtr0079911	CG5924-RA	mtDNA-helicase
OG0002182	FBtr0079874	CG4539-RA	Bka
OG0002183	FBtr0079905	CG5920-RA	RpS2
OG0002184	FBtr0079902	CG13124-RA	CG13124
OG0002185	FBtr0079901	CG5899-RA	Etl1
OG0002186	FBtr0079875	CG4602-RA	Srp54
OG0002187	FBtr0079876	CG4600-RA	Acaa
OG0002188	FBtr0079900	CG5885-RA	CG5885
OG0002189	FBtr0079879	CG4592-RA	CG4592
OG0002190	FBtr0299965	CG42366-RA	CG42366
OG0002191	FBtr0331634	CG42367-RC	CG42367
OG0002192	FBtr0079897	CG31876-RA	Cpr30F
OG0002193	FBtr0079895	CG31713-RA	Datp
OG0002194	FBtr0079883	CG4619-RA	CG4619
OG0002195	FBtr0079894	CG5853-RA	CG5853
OG0002196	FBtr0079892	CG13126-RA	CG13126
OG0002197	FBtr0079884	CG4709-RA	CG4709
OG0002198	FBtr0079891	CG5846-RA	CG5846
OG0002199	FBtr0079885	CG4658-RA	CG4658
OG0002200	FBtr0329986	CG5850-RG	CG5850
OG0002201	FBtr0079889	CG5838-RA	Dref
OG0002202	FBtr0079888	CG4651-RA	RpL13
OG0002203	FBtr0329984	CG4722-RB	bib
OG0002204	FBtr0079973	CG31875-RA	CG31875
OG0002205	FBtr0303882	CG31755-RB	SoYb
OG0002206	FBtr0303902	CG4747-RB	Ndf
OG0002207	FBtr0079932	CG4758-RB	Trp1
OG0002208	FBtr0079971	CG13131-RA	CG13131
OG0002209	FBtr0079934	CG4778-RA	obst-B
OG0002210	FBtr0079936	CG33302-RA	Cpr31A
OG0002211	FBtr0079938	CG4804-RA	Spn31A
OG0002212	FBtr0079969	CG13133-RA	CG13133
OG0002213	FBtr0079943	CG4839-RB	CG4839
OG0002214	FBtr0301684	CG13137-RB	CG13137
OG0002215	FBtr0079962	CG18145-RA	Ripalpha
OG0002216	FBtr0079946	CG4897-RA	RpL7
OG0002217	FBtr0112350	CG34159-RA	CG34159
OG0002218	FBtr0079960	CG5734-RA	Snx17
OG0002219	FBtr0079958	CG5727-RA	CG5727
OG0002220	FBtr0079947	CG4901-RA	ath
OG0002221	FBtr0079957	CG5722-RA	Npc1a
OG0002222	FBtr0079948	CG4904-RA	Prosalpha6
OG0002223	FBtr0079949	CG4908-RA	Bcs1
OG0002224	FBtr0079955	CG5708-RA	CG5708
OG0002225	FBtr0079952	CG4912-RB	eEF1delta
OG0002226	FBtr0079975	CG4916-RA	me31B
OG0002227	FBtr0080088	CG5686-RA	chico
OG0002228	FBtr0080086	CG5676-RA	Fundc1
OG0002229	FBtr0089900	CG5671-RD	Pten
OG0002230	FBtr0080079	CG5655-RA	Rsf1
OG0002231	FBtr0079986	CG31873-RA	Mulk
OG0002232	FBtr0080078	CG5619-RA	trk
OG0002233	FBtr0080074	CG5604-RA	Ufd4
OG0002234	FBtr0079987	CG4968-RA	CG4968
OG0002235	FBtr0080061	CG5384-RA	Usp14
OG0002236	FBtr0079988	CG4972-RA	CG4972
OG0002237	FBtr0080060	CG5381-RA	CG5381
OG0002238	FBtr0079989	CG4995-RB	CG4995
OG0002239	FBtr0080059	CG5371-RA	RnrL
OG0002240	FBtr0079994	CG5029-RA	SamDC
OG0002241	FBtr0112592	CG34367-RC	CG34367
OG0002242	FBtr0080000	CG5045-RA	ClpP
OG0002243	FBtr0080054	CG5366-RA	Cand1
OG0002244	FBtr0080002	CG13139-RA	lft
OG0002245	FBtr0080003	CG5056-RA	Oser1
OG0002246	FBtr0089855	CG33304-RA	rho-5
OG0002247	FBtr0080052	CG33303-RA	Ost1
OG0002249	FBtr0080006	CG5096-RA	CG5096
OG0002250	FBtr0080051	CG5363-RA	Cdk1
OG0002251	FBtr0080007	CG5108-RA	mRpS7
OG0002252	FBtr0474232	CG5102-RD	da
OG0002253	FBtr0080050	CG5362-RA	Mdh1
OG0002254	FBtr0331638	CG31716-RK	Cnot4
OG0002255	FBtr0100253	CG17768-RA	CG17768
OG0002256	FBtr0080017	CG5277-RA	Ip259
OG0002257	FBtr0080018	CG5300-RA	Klp31E
OG0002258	FBtr0080046	CG5354-RA	pie
OG0002259	FBtr0304118	CG5352-RB	SmB
OG0002260	FBtr0080021	CG5183-RA	KdelR
OG0002261	FBtr0080024	CG5188-RA	CG5188
OG0002262	FBtr0080044	CG5343-RA	Bug22
OG0002263	FBtr0080025	CG5193-RA	TfIIB
OG0002264	FBtr0080043	CG5337-RA	TBC1D16
OG0002265	FBtr0080026	CG5198-RA	holn1
OG0002266	FBtr0080029	CG6232-RA	loh
OG0002267	FBtr0080038	CG7456-RA	Cog4
OG0002268	FBtr0100565	CG6144-RB	CG6144
OG0002269	FBtr0080037	CG13144-RA	CG13144
OG0002270	FBtr0080035	CG7438-RA	Myo31DF
OG0002271	FBtr0080091	CG6094-RA	CG6094
OG0002272	FBtr0080135	CG7384-RA	CG7384
OG0002273	FBtr0080092	CG6098-RA	Lrr47
OG0002274	FBtr0304114	CG31721-RB	Trim9
OG0002275	FBtr0080098	CG6138-RA	CG6138
OG0002276	FBtr0112352	CG34161-RA	CG34161
OG0002277	FBtr0080131	CG7329-RA	CG7329
OG0002278	FBtr0080103	CG17098-RA	dbf
OG0002279	FBtr0080104	CG31871-RA	CG31871
OG0002280	FBtr0080105	CG17104-RA	CG17104
OG0002281	FBtr0080125	CG7300-RB	CG7300
OG0002282	FBtr0080124	CG7279-RA	Lip1
OG0002283	FBtr0080123	CG17116-RA	Lip2
OG0002284	FBtr0080108	CG6415-RA	Gcst
OG0002285	FBtr0303568	CG6431-RC	CG6431
OG0002286	FBtr0080110	CG6443-RA	CG6443
OG0002287	FBtr0080111	CG17118-RA	CG17118
OG0002288	FBtr0080122	CG6750-RA	EMC3
OG0002289	FBtr0080112	CG6444-RA	Dpy-30L1
OG0002290	FBtr0080121	CG6743-RA	Nup107
OG0002291	FBtr0080120	CG6737-RA	Vha16-5
OG0002292	FBtr0080113	CG12299-RA	CG12299
OG0002293	FBtr0080119	CG6729-RA	CG6729
OG0002294	FBtr0080117	CG17124-RA	CG17124
OG0002295	FBtr0080114	CG6495-RA	CG6495
OG0002296	FBtr0080191	CG6724-RA	CG6724
OG0002297	FBtr0080136	CG17127-RA	CG17127
OG0002298	FBtr0080189	CG31869-RA	CG31869
OG0002299	FBtr0080137	CG31870-RA	CG31870
OG0002300	FBtr0080188	CG6713-RA	Nos
OG0002301	FBtr0080187	CG6700-RA	Leng8
OG0002302	FBtr0080184	CG17137-RA	Porin2
OG0002303	FBtr0080182	CG6647-RA	porin
OG0002304	FBtr0305258	CG43129-RD	SmydA-3
OG0002305	FBtr0080181	CG6627-RA	Dnz1
OG0002306	FBtr0080180	CG6620-RA	aurB
OG0002307	FBtr0080143	CG6521-RA	Stam
OG0002308	FBtr0080144	CG12517-RA	CG12517
OG0002309	FBtr0080178	CG14071-RA	CG14071
OG0002310	FBtr0080177	CG14070-RA	CG14070
OG0002311	FBtr0301184	CG7309-RC	CG7309
OG0002312	FBtr0080175	CG14069-RA	CG14069
OG0002313	FBtr0340553	CG33507-RF	dpr2
OG0002314	FBtr0080145	CG14072-RA	CG14072
OG0002315	FBtr0080169	CG33129-RE	Tmem214
OG0002316	FBtr0080146	CG4621-RA	YL-1
OG0002317	FBtr0329948	CG16743-RB	CG16743
OG0002318	FBtr0080168	CG6093-RA	ao
OG0002319	FBtr0080167	CG6105-RA	ATPsynG
OG0002320	FBtr0329949	CG4636-RD	SCAR
OG0002321	FBtr0089881	CG4579-RA	Nup154
OG0002322	FBtr0080162	CG16840-RA	Art8
OG0002323	FBtr0080157	CG4584-RA	dUTPase
OG0002324	FBtr0080161	CG31868-RA	Samuel
OG0002325	FBtr0080158	CG4605-RA	Acp32CD
OG0002326	FBtr0113035	CG14913-RB	CG14913
OG0002327	FBtr0080193	CG14915-RA	CG14915
OG0002328	FBtr0304586	CG16854-RB	CG16854
OG0002329	FBtr0080196	CG4705-RB	Wdr59
OG0002330	FBtr0080231	CG6181-RA	Ge-1
OG0002331	FBtr0080230	CG6192-RA	Reps
OG0002332	FBtr0306138	CG4713-RB	l(2)gd1
OG0002333	FBtr0080229	CG6201-RA	Idua
OG0002334	FBtr0080198	CG14916-RA	Gr32a
OG0002335	FBtr0080228	CG6230-RA	CG6230
OG0002336	FBtr0080227	CG14921-RA	Dnaaf4
OG0002337	FBtr0080199	CG4738-RA	Nup160
OG0002338	FBtr0080225	CG6258-RA	RfC38
OG0002339	FBtr0080200	CG4751-RA	CG4751
OG0002340	FBtr0080201	CG4779-RA	Hgd
OG0002341	FBtr0112856	CG33114-RB	Gyc32E
OG0002342	FBtr0080222	CG6287-RA	Phgdh
OG0002343	FBtr0310279	CG42403-RL	Ca-beta
OG0002344	FBtr0080216	CG16874-RA	Vm32E
OG0002345	FBtr0080202	CG4788-RA	Boh2
OG0002346	FBtr0332558	CG43860-RA	ab
OG0002347	FBtr0091682	CG33695-RE	CG33695
OG0002348	FBtr0080212	CG4851-RA	Ppt2
OG0002349	FBtr0080213	CG16928-RA	mre11
OG0002350	FBtr0080214	CG14925-RA	Osi21
OG0002351	FBtr0080251	CG14926-RA	CG14926
OG0002352	FBtr0089913	CG6464-RA	salm
OG0002353	FBtr0080248	CG6488-RA	Cog8
OG0002354	FBtr0305261	CG14928-RB	spz4
OG0002355	FBtr0080239	CG4970-RB	CG4970
OG0002356	FBtr0080245	CG14930-RA	Taf9L
OG0002357	FBtr0340563	CG6589-RB	spag4
OG0002358	FBtr0080252	CG4977-RA	kek2
OG0002359	FBtr0080267	CG6614-RA	CG6614
OG0002360	FBtr0080266	CG12307-RA	CG12307
OG0002361	FBtr0080253	CG4983-RA	CG4983
OG0002362	FBtr0080265	CG14936-RA	Tsp33B
OG0002363	FBtr0080261	CG14938-RA	crol
OG0002364	FBtr0080259	CG14939-RA	CycY
OG0002365	FBtr0334143	CG44008-RA	CG44008
OG0002366	FBtr0080274	CG14933-RA	CG14933
OG0002369	FBtr0080291	CG5279-RA	Rh5
OG0002370	FBtr0080312	CG6734-RA	Wdr81
OG0002371	FBtr0080308	CG6766-RA	CG6766
OG0002372	FBtr0080306	CG6770-RA	CG6770
OG0002373	FBtr0080305	CG6792-RA	Plzf
OG0002374	FBtr0080294	CG14945-RB	PLCXD
OG0002375	FBtr0080296	CG5317-RA	RpL7-like
OG0002376	FBtr0080301	CG7061-RA	Rab3-GAP
OG0002377	FBtr0302029	CG14946-RC	firl
OG0002378	FBtr0080297	CG14947-RA	CG14947
OG0002379	FBtr0080298	CG6716-RB	prd
OG0002380	FBtr0080326	CG5325-RA	Pex19
OG0002381	FBtr0080364	CG6712-RA	CG6712
OG0002382	FBtr0080330	CG5336-RA	Ced-12
OG0002383	FBtr0474166	CG6618-RC	Patsas
OG0002384	FBtr0080332	CG5353-RA	ThrRS
OG0002385	FBtr0080361	CG6601-RA	Rab6
OG0002386	FBtr0080336	CG17211-RA	CG17211
OG0002387	FBtr0080360	CG17212-RB	rho-6
OG0002388	FBtr0080337	CG17213-RA	Gr33a
OG0002389	FBtr0080344	CG31762-RB	bru1
OG0002390	FBtr0080350	CG31862-RA	CG31862
OG0002391	FBtr0304856	CG43065-RE	bru2
OG0002392	FBtr0080354	CG17010-RA	CG17010
OG0002393	FBtr0080365	CG6504-RA	Pkd2
OG0002394	FBtr0080388	CG5446-RA	CG5446
OG0002395	FBtr0080367	CG6388-RA	Trm1
OG0002396	FBtr0080387	CG5435-RA	CG5435
OG0002397	FBtr0089899	CG5442-RB	SC35
OG0002398	FBtr0080369	CG6382-RA	eRF3
OG0002399	FBtr0080384	CG5427-RA	Oatp33Ea
OG0002400	FBtr0080383	CG5421-RA	CG5421
OG0002401	FBtr0080370	CG6417-RA	Oatp33Eb
OG0002402	FBtr0080381	CG31858-RA	t-cup
OG0002404	FBtr0090013	CG6214-RA	MRP
OG0002405	FBtr0080402	CG15483-RA	CG15483
OG0002406	FBtr0332210	CG12283-RB	kek1
OG0002407	FBtr0080496	CG9928-RA	CG9928
OG0002408	FBtr0080480	CG31730-RA	CG31730
OG0002409	FBtr0303784	CG31848-RB	CG31848
OG0002410	FBtr0334862	CG44085-RO	CG44085
OG0002411	FBtr0080478	CG9414-RA	Drep4
OG0002412	FBtr0080460	CG6116-RA	Uvrag
OG0002413	FBtr0080461	CG31729-RB	CG31729
OG0002414	FBtr0331503	CG43778-RA	hbt
OG0002415	FBtr0331506	CG43779-RA	CG43779
OG0002416	FBtr0080463	CG16825-RA	CG16825
OG0002417	FBtr0080464	CG16826-RA	CG16826
OG0002418	FBtr0302043	CG9395-RC	CG9395
OG0002419	FBtr0080474	CG9377-RA	CG9377
OG0002420	FBtr0080473	CG12396-RA	Nnp-1
OG0002421	FBtr0080465	CG6523-RA	Grx3
OG0002422	FBtr0080466	CG31852-RA	Tap42
OG0002423	FBtr0080467	CG31855-RA	CG31855
OG0002424	FBtr0080472	CG9306-RA	ND-B22
OG0002425	FBtr0080471	CG9305-RA	Bdp1
OG0002426	FBtr0080468	CG6565-RA	Stard7
OG0002427	FBtr0080470	CG9302-RA	CG9302
OG0002428	FBtr0080469	CG6699-RA	beta'COP
OG0002429	FBtr0080525	CG9293-RA	Ing5
OG0002430	FBtr0080499	CG7099-RA	CG7099
OG0002431	FBtr0080523	CG16957-RA	CG16957
OG0002432	FBtr0080521	CG9271-RA	Vm34Ca
OG0002433	FBtr0080501	CG16848-RA	Flad2
OG0002434	FBtr0080520	CG16956-RA	CG16956
OG0002435	FBtr0080502	CG7121-RA	Tehao
OG0002436	FBtr0080519	CG9267-RA	Hacd2
OG0002437	FBtr0303820	CG42809-RA	CG42809
OG0002438	FBtr0303821	CG42810-RA	CG42810
OG0002439	FBtr0080513	CG9239-RA	B4
OG0002440	FBtr0080541	CG7793-RA	Sos
OG0002441	FBtr0080542	CG7811-RA	Adc
OG0002442	FBtr0080571	CG8987-RA	PolG1
OG0002443	FBtr0080569	CG8978-RB	Arpc1
OG0002444	FBtr0080543	CG7833-RA	Orc5
OG0002445	FBtr0091627	CG33650-RA	PolG2
OG0002446	FBtr0091626	CG33649-RA	GatC
OG0002447	FBtr0080544	CG7885-RA	Polr2C
OG0002448	FBtr0080566	CG31842-RA	mRpS23
OG0002449	FBtr0080546	CG31811-RB	CenG1A
OG0002450	FBtr0080565	CG33307-RA	CG33307
OG0002451	FBtr0080564	CG33306-RA	CG33306
OG0002452	FBtr0080563	CG8997-RA	CG8997
OG0002453	FBtr0080549	CG7916-RA	CG7916
OG0002454	FBtr0080550	CG7953-RA	CG7953
OG0002455	FBtr0080551	CG7968-RA	CG7968
OG0002456	FBtr0080554	CG16869-RA	Ance-2
OG0002457	FBtr0080555	CG16870-RA	Acyp
OG0002458	FBtr0100327	CG17988-RB	Ance-3
OG0002459	FBtr0080560	CG16886-RA	Vajk1
OG0002460	FBtr0080558	CG16885-RA	Vajk2
OG0002461	FBtr0080557	CG16884-RA	Vajk3
OG0002462	FBtr0304720	CG42282-RE	NimA
OG0002463	FBtr0310074	CG33119-RB	NimB1
OG0002464	FBtr0100058	CG34003-RA	NimB3
OG0002465	FBtr0080617	CG33115-RA	NimB4
OG0002466	FBtr0080610	CG8930-RA	rk
OG0002467	FBtr0290243	CG16880-RB	NimC3
OG0002468	FBtr0303242	CG18095-RB	CG18095
OG0002469	FBtr0080592	CG16876-RA	NimC4
OG0002470	FBtr0445730	CG46301-RE	CG46301
OG0002471	FBtr0080603	CG15293-RA	Dsff1
OG0002472	FBtr0080602	CG31769-RA	CG31769
OG0002473	FBtr0306927	CG43333-RA	CG43333
OG0002474	FBtr0336949	CG4551-RG	Dyrk2
OG0002475	FBtr0302731	CG42677-RB	wb
OG0002476	FBtr0080623	CG15287-RA	ms(2)34Fe
OG0002477	FBtr0080624	CG33090-RB	CG33090
OG0002479	FBtr0080641	CG18124-RA	mTTF
OG0002480	FBtr0304632	CG43052-RB	CG43052
OG0002481	FBtr0080639	CG7516-RA	l(2)34Fd
OG0002482	FBtr0080627	CG4212-RB	Rab14
OG0002483	FBtr0080629	CG7480-RA	Pgant35A
OG0002484	FBtr0080630	CG4215-RA	spel1
OG0002485	FBtr0080638	CG3478-RA	ppk
OG0002486	FBtr0342915	CG4220-RD	elB
OG0002487	FBtr0080634	CG15284-RA	Pburs
OG0002488	FBtr0080633	CG3474-RA	Cpr35B
OG0002489	FBtr0300837	CG15283-RB	CG15283
OG0002490	FBtr0080643	CG4491-RA	noc
OG0002491	FBtr0080662	CG4218-RA	CG4218
OG0002492	FBtr0301496	CG3479-RF	osp
OG0002493	FBtr0006151	CG3484-RA	Adhr
OG0002494	FBtr0112356	CG34165-RA	CG34165
OG0002495	FBtr0473612	CG42685-RB	CG42685
OG0002496	FBtr0080670	CG4691-RA	CG4691
OG0002497	FBtr0305558		
OG0002498	FBtr0299711	CG42313-RA	side-II
OG0002499	FBtr0080676	CG4482-RA	mol
OG0002500	FBtr0080693	CG10846-RA	DCTN5-p25
OG0002501	FBtr0080728	CG4140-RA	Ankrd49
OG0002502	FBtr0080695	CG4185-RA	NC2beta
OG0002503	FBtr0080727	CG4103-RA	Thg
OG0002504	FBtr0080696	CG3688-RA	Rnmt
OG0002505	FBtr0304731	CG15274-RB	GABA-B-R1
OG0002506	FBtr0080699	CG4182-RA	yellow-c
OG0002507	FBtr0080725	CG4180-RA	Ciapin1
OG0002508	FBtr0080700	CG3497-RA	Su(H)
OG0002509	FBtr0091659	CG33679-RA	CG33679
OG0002510	FBtr0080722	CG3710-RA	TfIIS
OG0002511	FBtr0080718	CG4170-RD	vig
OG0002512	FBtr0080702	CG15270-RA	wwk
OG0002513	FBtr0080704	CG15269-RA	CG15269
OG0002514	FBtr0080705	CG3647-RB	stc
OG0002515	FBtr0305559	CG4168-RB	CG4168
OG0002516	FBtr0080714	CG3994-RA	ZnT35C
OG0002517	FBtr0080707	CG15267-RA	dao
OG0002518	FBtr0303164	CG3975-RB	PolD3
OG0002519	FBtr0080708	CG15266-RA	Uxt
OG0002520	FBtr0080709	CG31732-RB	yuri
OG0002521	FBtr0302159	CG42616-RF	Cul3
OG0002522	FBtr0080746	CG15261-RA	UK114
OG0002523	FBtr0080729	CG15263-RA	CG15263
OG0002524	FBtr0300846	CG15260-RB	CG15260
OG0002525	FBtr0080731	CG31733-RA	ms(2)35Ci
OG0002526	FBtr0080733	CG15262-RA	CG15262
OG0002527	FBtr0300021	CG15259-RB	nht
OG0002528	FBtr0080734	CG3758-RA	esg
OG0002529	FBtr0080743	CG15258-RA	CG15258
OG0002530	FBtr0080740	CG4158-RA	wor
OG0002531	FBtr0080735	CG4161-RA	CG4161
OG0002532	FBtr0080739	CG3956-RA	sna
OG0002533	FBtr0080738	CG4162-RA	lace
OG0002534	FBtr0300847	CG15256-RB	CG15256
OG0002535	FBtr0080752	CG4192-RA	kek3
OG0002536	FBtr0080785	CG15255-RA	CG15255
OG0002537	FBtr0080784	CG11864-RA	Semp1
OG0002538	FBtr0080755	CG18480-RA	CG18480
OG0002539	FBtr0344773	CG4587-RH	stol
OG0002540	FBtr0305561	CG3938-RF	CycE
OG0002541	FBtr0080771	CG13240-RA	ND-B17
OG0002542	FBtr0080760	CG4152-RA	Mtr4
OG0002543	FBtr0080765	CG3903-RA	Gli
OG0002544	FBtr0305560	CG3793-RB	CG3793
OG0002545	FBtr0080764	CG4148-RA	wek
OG0002546	FBtr0080763	CG18801-RA	Ku80
OG0002547	FBtr0331280	CG31826-RB	CG31826
OG0002548	FBtr0080787	CG13243-RA	CG13243
OG0002549	FBtr0080788	CG4767-RA	Tektin-A
OG0002550	FBtr0473622	CG7653-RC	CG7653
OG0002551	FBtr0080790	CG31735-RA	CG31735
OG0002552	FBtr0080810	CG31823-RA	CG31823
OG0002553	FBtr0080809	CG31821-RA	CG31821
OG0002554	FBtr0080808	CG7644-RA	beat-Ib
OG0002555	FBtr0300613	CG12448-RC	CG12448
OG0002556	FBtr0080800	CG10839-RA	CG10839
OG0002557	FBtr0080802	CG13245-RA	CG13245
OG0002558	FBtr0080801	CG4838-RA	beat-Ic
OG0002559	FBtr0080803	CG4824-RA	BicC
OG0002560	FBtr0343728	CG4846-RB	beat-Ia
OG0002561	FBtr0112359	CG34168-RA	CG34168
OG0002562	FBtr0303797	CG42817-RA	Ca-Ma2d
OG0002563	FBtr0080856	CG4993-RB	PRL-1
OG0002564	FBtr0080824	CG4930-RA	EndoGI
OG0002565	FBtr0080855	CG4965-RA	twe
OG0002566	FBtr0080825	CG4935-RA	CG4935
OG0002567	FBtr0080826	CG4132-RA	pkaap
OG0002568	FBtr0305564	CG13258-RB	CG13258
OG0002569	FBtr0080828	CG4163-RA	Cyp303a1
OG0002570	FBtr0080852	CG5876-RA	heix
OG0002571	FBtr0080829	CG17328-RA	CG17328
OG0002572	FBtr0080851	CG5869-RA	GMF
OG0002573	FBtr0080850	CG5861-RA	CG5861
OG0002574	FBtr0080831	CG4214-RB	Syx5
OG0002575	FBtr0080848	CG5855-RA	cni
OG0002576	FBtr0080833	CG4274-RA	fzy
OG0002577	FBtr0080844	CG5848-RA	cact
OG0002578	FBtr0080834	CG4278-RA	CG4278
OG0002579	FBtr0080843	CG5818-RA	mRpL4
OG0002580	FBtr0299599	CG42266-RA	CG42266
OG0002582	FBtr0080883	CG4694-RA	her
OG0002583	FBtr0080887	CG4711-RA	squ
OG0002584	FBtr0080884	CG17161-RB	grp
OG0002585	FBtr0303445	CG31808-RC	CG31808
OG0002586	FBtr0080888	CG13263-RA	Cyt-c-d
OG0002587	FBtr0080889	CG17903-RA	Cyt-c-p
OG0002588	FBtr0080941	CG17332-RB	VhaSFD
OG0002589	FBtr0290062	CG31812-RB	Tsen2
OG0002590	FBtr0080937	CG17996-RA	CG17996
OG0002591	FBtr0080936	CG17331-RA	Prosbeta4
OG0002592	FBtr0080935	CG11397-RA	glu
OG0002593	FBtr0080892	CG17905-RA	ChLD3
OG0002594	FBtr0080934	CG13277-RA	LSm7
OG0002595	FBtr0329945	CG17912-RF	BuGZ
OG0002596	FBtr0080894	CG17914-RA	yellow-b
OG0002597	FBtr0080933	CG13278-RA	ppk17
OG0002598	FBtr0080931	CG13280-RA	CG13280
OG0002599	FBtr0080914	CG13272-RA	CG13272
OG0002600	FBtr0080915	CG31991-RA	mdy
OG0002601	FBtr0080930	CG13281-RA	Cse1
OG0002602	FBtr0080919	CG31739-RA	AspRS-m
OG0002603	FBtr0080929	CG13282-RA	CG13282
OG0002604	FBtr0080960	CG32832-RA	Mpc2c
OG0002605	FBtr0080947	CG31743-RA	C4st
OG0002606	FBtr0080959	CG6115-RA	osi
OG0002607	FBtr0340172	CG42555-RJ	tweek
OG0002608	FBtr0301255	CG42556-RA	CG42556
OG0002609	FBtr0304932	CG31805-RC	CG31805
OG0002610	FBtr0080956	CG6291-RA	ApepP
OG0002611	FBtr0080955	CG6304-RA	CG6304
OG0002612	FBtr0080954	CG15136-RA	CG15136
OG0002613	FBtr0080953	CG12620-RA	CG12620
OG0002614	FBtr0302499	CG31784-RC	CG31784
OG0002615	FBtr0080970	CG6380-RA	CG6380
OG0002616	FBtr0080969	CG6860-RB	Lrch
OG0002617	FBtr0080976	CG5020-RA	CLIP-190
OG0002618	FBtr0081011	CG6840-RA	Polr2J
OG0002619	FBtr0080979	CG15141-RA	CG15141
OG0002620	FBtr0081010	CG31803-RA	Rsph9
OG0002621	FBtr0301577	CG6794-RC	Dif
OG0002622	FBtr0080980	CG5043-RA	CG5043
OG0002623	FBtr0081007	CG6667-RC	dl
OG0002624	FBtr0080981	CG5050-RA	CG5050
OG0002625	FBtr0330226	CG6605-RD	BicD
OG0002626	FBtr0080982	CG5094-RA	Sgt
OG0002627	FBtr0081001	CG6582-RA	cass
OG0002628	FBtr0080999	CG6549-RC	fws
OG0002629	FBtr0080983	CG5110-RA	Lamtor3
OG0002630	FBtr0080998	CG6453-RA	Gcs2beta
OG0002631	FBtr0080984	CG5131-RA	CG5131
OG0002632	FBtr0306165	CG6433-RC	qua
OG0002633	FBtr0080995	CG15142-RA	CG15142
OG0002634	FBtr0080994	CG6412-RA	mEFTs
OG0002635	FBtr0080990	CG7094-RA	CG7094
OG0002636	FBtr0080986	CG5545-RA	Oli
OG0002637	FBtr0080989	CG6870-RA	CG6870
OG0002638	FBtr0303254	CG5559-RB	Sytalpha
OG0002639	FBtr0080988	CG15147-RA	CG15147
OG0002640	FBtr0081026	CG5693-RA	CG5693
OG0002641	FBtr0302276	CG42635-RA	CG42635
OG0002642	FBtr0340228	CG15151-RB	rdo
OG0002643	FBtr0081030	CG5711-RA	Arr1
OG0002644	FBtr0081045	CG15153-RA	CG15153
OG0002645	FBtr0081034	CG15152-RA	CG15152
OG0002646	FBtr0081035	CG5758-RC	CG5758
OG0002647	FBtr0081043	CG7210-RB	kel
OG0002648	FBtr0329928	CG15154-RD	Socs36E
OG0002649	FBtr0081038	CG17681-RA	CG17681
OG0002650	FBtr0081048	CG15155-RA	CG15155
OG0002651	FBtr0081049	CG5783-RA	CG5783
OG0002652	FBtr0081062	CG7200-RA	JMJD4
OG0002653	FBtr0081061	CG7180-RA	Ptp36E
OG0002654	FBtr0081055	CG31787-RA	CG31787
OG0002655	FBtr0081050	CG5790-RA	CG5790
OG0002656	FBtr0112805	CG5803-RD	Fas3
OG0002657	FBtr0081088	CG12750-RA	ncm
OG0002658	FBtr0081087	CG10302-RA	bsf
OG0002659	FBtr0300675	CG10283-RC	CG10283
OG0002660	FBtr0300674	CG10176-RB	grnd
OG0002661	FBtr0300341	CG10275-RB	kon
OG0002662	FBtr0081069	CG10211-RA	CG10211
OG0002663	FBtr0112544	CG34341-RB	Pde11
OG0002664	FBtr0343826	CG15160-RC	CG15160
OG0002665	FBtr0081081	CG10393-RA	amos
OG0002666	FBtr0081080	CG10413-RA	CG10413
OG0002667	FBtr0081071	CG31789-RA	CG31789
OG0002668	FBtr0081072	CG10333-RA	CG10333
OG0002669	FBtr0081079	CG10414-RA	Atac2
OG0002670	FBtr0081078	CG15161-RA	IFT46
OG0002671	FBtr0329971	CG15162-RB	MESR3
OG0002672	FBtr0306922	CG43338-RB	CG43338
OG0002673	FBtr0081092	CG31751-RA	Hykk
OG0002674	FBtr0081131	CG10387-RA	tos
OG0002675	FBtr0081095	CG10336-RA	CG10336
OG0002676	FBtr0089628	CG10383-RA	CG10383
OG0002677	FBtr0081096	CG10338-RA	CG10338
OG0002678	FBtr0081097	CG10341-RA	CG10341
OG0002679	FBtr0081128	CG10376-RA	CG10376
OG0002680	FBtr0081098	CG10343-RA	CG10343
OG0002681	FBtr0343116		
OG0002682	FBtr0081126	CG10372-RA	Faf2
OG0002683	FBtr0081099	CG10346-RA	Grip71
OG0002684	FBtr0343114	CG10369-RD	Irk3
OG0002685	FBtr0301647	CG10348-RB	CG10348
OG0002686	FBtr0081101	CG15167-RA	CG15167
OG0002687	FBtr0305620	CG31753-RB	ham
OG0002688	FBtr0081122	CG10570-RA	CG10570
OG0002689	FBtr0081102	CG17325-RA	CG17325
OG0002690	FBtr0273228	CG10600-RB	CG10600
OG0002691	FBtr0081118	CG33120-RA	CG33120
OG0002692	FBtr0081110	CG17321-RA	CG17321
OG0002693	FBtr0347402	CG10602-RF	CG10602
OG0002694	FBtr0089318	CG10603-RA	mRpL13
OG0002695	FBtr0081111	CG10619-RA	tup
OG0002696	FBtr0081193	CG18397-RA	ssp3
OG0002697	FBtr0081192	CG10679-RA	Nedd8
OG0002698	FBtr0081191	CG10621-RA	CG10621
OG0002699	FBtr0081187	CG10637-RA	Nak
OG0002700	FBtr0081133	CG18398-RA	Tango6
OG0002701	FBtr0081186	CG10639-RA	L2HGDH
OG0002702	FBtr0081134	CG10431-RA	CG10431
OG0002703	FBtr0081185	CG10641-RA	Swip-1
OG0002704	FBtr0081135	CG15168-RA	EMC5
OG0002705	FBtr0081184	CG15170-RA	CG15170
OG0002706	FBtr0081136	CG15169-RA	CG15169
OG0002707	FBtr0081183	CG10650-RA	CG10650
OG0002708	FBtr0081181	CG10652-RB	RpL30
OG0002709	FBtr0081139	CG15171-RA	robl37BC
OG0002710	FBtr0081140	CG15172-RA	CG15172
OG0002711	FBtr0081141	CG10446-RA	Sidpn
OG0002712	FBtr0081180	CG10653-RA	hook
OG0002713	FBtr0081142	CG17492-RA	mib2
OG0002714	FBtr0081143	CG10449-RA	Catsup
OG0002715	FBtr0081178	CG15173-RA	Ttc19
OG0002716	FBtr0081144	CG10473-RB	Acn
OG0002717	FBtr0081146	CG10470-RA	CG10470
OG0002718	FBtr0081177	CG10655-RA	l(2)37Bb
OG0002719	FBtr0302289	CG42641-RA	Rpn3
OG0002720	FBtr0081148	CG10492-RA	CG10492
OG0002721	FBtr0081149	CG10493-RA	Phlpp
OG0002722	FBtr0081150	CG10495-RA	Dus4
OG0002723	FBtr0081151	CG17343-RA	CG17343
OG0002724	FBtr0081174	CG10702-RB	CG10702
OG0002725	FBtr0081173	CG17572-RA	CG17572
OG0002726	FBtr0081153	CG10501-RB	amd
OG0002727	FBtr0081164	CG10691-RB	Phb1
OG0002728	FBtr0081156	CG10563-RA	l(2)37Cd
OG0002729	FBtr0081162	CG10687-RA	AsnRS
OG0002730	FBtr0081157	CG17347-RA	DCTN6-p27
OG0002731	FBtr0336628	CG10685-RD	Polr1D
OG0002732	FBtr0336627	CG10719-RE	brat
OG0002733	FBtr0081194	CG10739-RA	pigeon
OG0002734	FBtr0081227	CG31797-RA	CG31797
OG0002735	FBtr0081197	CG13086-RA	CG13086
OG0002736	FBtr0081198	CG17349-RA	CG17349
OG0002738	FBtr0081221	CG17549-RA	CG17549
OG0002739	FBtr0081216	CG17544-RA	CG17544
OG0002740	FBtr0081200	CG31798-RA	CG31798
OG0002741	FBtr0081211	CG31794-RF	Pax
OG0002742	FBtr0081201	CG9976-RA	Lectin-galC1
OG0002743	FBtr0081204	CG16771-RA	Alp12
OG0002744	FBtr0081203	CG13085-RA	CG13085
OG0002745	FBtr0081205	CG9987-RA	RtcB
OG0002746	FBtr0081288	CG10234-RA	Hs2st
OG0002747	FBtr0081234	CG9999-RA	RanGAP
OG0002748	FBtr0081287	CG10223-RA	Top2
OG0002749	FBtr0081237	CG10026-RB	mcw
OG0002750	FBtr0302930	CG10195-RB	CG10195
OG0002751	FBtr0081285	CG10194-RA	CG10194
OG0002752	FBtr0081243	CG18094-RA	CG18094
OG0002753	FBtr0081284	CG10189-RA	Ctu2
OG0002754	FBtr0331325	CG10084-RC	swm
OG0002755	FBtr0081246	CG10123-RA	Top3alpha
OG0002756	FBtr0329963	CG10188-RC	cyst
OG0002757	FBtr0081247	CG10132-RA	CG10132
OG0002758	FBtr0081279	CG10166-RA	Dpm1
OG0002759	FBtr0081248	CG10137-RA	Cep104
OG0002760	FBtr0081277	CG10165-RA	CG10165
OG0002761	FBtr0081249	CG33116-RA	CG33116
OG0002762	FBtr0081251	CG13082-RA	CG13082
OG0002763	FBtr0081253	CG10360-RA	ref(2)P
OG0002764	FBtr0081276	CG10337-RA	CG10337
OG0002765	FBtr0081257	CG13077-RA	Fire-like
OG0002766	FBtr0081267	CG10334-RF	spi
OG0002767	FBtr0081258	CG10364-RA	msb1l
OG0002768	FBtr0081266	CG10268-RA	Pmvk
OG0002769	FBtr0331246	CG10263-RF	Hakai
OG0002770	FBtr0081259	CG10366-RA	CG10366
OG0002771	FBtr0331239	CG10443-RF	Lar
OG0002772	FBtr0081261	CG31695-RA	scw
OG0002773	FBtr0081325	CG10462-RA	CG10462
OG0002774	FBtr0081289	CG10447-RA	Nf-YB
OG0002775	FBtr0081324	CG10631-RA	CG10631
OG0002776	FBtr0081323	CG10628-RA	CG10628
OG0002777	FBtr0081290	CG10463-RA	Dus3
OG0002778	FBtr0347410	CG31692-RF	Fbp
OG0002779	FBtr0089320	CG10604-RB	bsh
OG0002780	FBtr0081318	CG10538-RA	CdGAPr
OG0002781	FBtr0081291	CG10466-RA	CG10466
OG0002782	FBtr0081316	CG10528-RA	fs(2)ltoPP43
OG0002783	FBtr0081314	CG13962-RA	CG13962
OG0002784	FBtr0329845	CG43720-RI	Nav
OG0002785	FBtr0081300	CG10664-RA	COX4
OG0002786	FBtr0100106	CG34051-RA	CG34051
OG0002787	FBtr0081308	CG13965-RA	CG13965
OG0002788	FBtr0081302	CG16772-RA	CG16772
OG0002789	FBtr0081303	CG10680-RA	CG10680
OG0002790	FBtr0081306	CG10658-RA	Hf
OG0002791	FBtr0332566	CG43861-RC	CG43861
OG0002792	FBtr0081350	CG10659-RA	AANATL3
OG0002793	FBtr0081327	CG13968-RB	sNPF
OG0002794	FBtr0081348	CG10726-RA	barr
OG0002795	FBtr0331184	CG13969-RB	bwa
OG0002796	FBtr0089395	CG16784-RC	pr
OG0002797	FBtr0081332	CG10718-RA	neb
OG0002798	FBtr0310558	CG43690-RA	fok
OG0002799	FBtr0081341	CG10747-RA	CG10747
OG0002800	FBtr0081333	CG10721-RA	Pyroxd1
OG0002801	FBtr0081340	CG10756-RA	Taf13
OG0002802	FBtr0081334	CG10722-RB	nesd
OG0002803	FBtr0081338	CG10757-RA	mRpS18B
OG0002804	FBtr0081336	CG10723-RA	Kua
OG0002805	FBtr0081378	CG10651-RA	CG10651
OG0002806	FBtr0081376	CG17571-RA	CG17571
OG0002807	FBtr0081375	CG17570-RA	CG17570
OG0002808	FBtr0081351	CG12617-RA	CG12617
OG0002809	FBtr0081352	CG10076-RA	spir
OG0002810	FBtr0081374	CG10922-RA	La
OG0002811	FBtr0336747	CG10043-RF	RtGEF
OG0002812	FBtr0081371	CG16798-RA	CG16798
OG0002813	FBtr0081369	CG10947-RB	CG10947
OG0002814	FBtr0081367	CG10949-RA	CG10949
OG0002815	FBtr0081358	CG10954-RA	Arpc2
OG0002816	FBtr0307019	CG15130-RB	CG15130
OG0002817	FBtr0081363	CG2493-RA	CG2493
OG0002818	FBtr0081381	CG15475-RA	CG15475
OG0002819	FBtr0081406	CG17470-RA	CG17470
OG0002820	FBtr0081404	CG2488-RA	phr6-4
OG0002821	FBtr0081384	CG2608-RA	CG2608
OG0002822	FBtr0081403	CG2478-RA	brun
OG0002823	FBtr0081388	CG2614-RA	CG2614
OG0002824	FBtr0290059	CG31678-RB	CG31678
OG0002825	FBtr0081390	CG2615-RB	IKKepsilon
OG0002826	FBtr0081399	CG1962-RA	Cen
OG0002827	FBtr0081391	CG2617-RA	CG2617
OG0002828	FBtr0081397	CG1864-RB	Hr38
OG0002829	FBtr0081396	CG9316-RA	CG9316
OG0002830	FBtr0081395	CG9317-RA	CarT
OG0002831	FBtr0081393	CG9318-RA	TM9SF2
OG0002832	FBtr0081392	CG2637-RA	Fs(2)Ket
OG0002833	FBtr0081460	CG9319-RA	Amacr
OG0002834	FBtr0081409	CG9320-RA	Ns4
OG0002835	FBtr0081459	CG9323-RA	Rhau
OG0002836	FBtr0305961	CG1768-RD	dia
OG0002837	FBtr0335152	CG1759-RC	cad
OG0002838	FBtr0081414	CG9324-RA	Pomp
OG0002839	FBtr0089947	CG9326-RB	vari
OG0002840	FBtr0081416	CG9328-RA	CG9328
OG0002841	FBtr0081455	CG33322-RA	CG33322
OG0002842	FBtr0081422	CG31673-RA	CG31673
OG0002843	FBtr0290042	CG9333-RB	Oseg5
OG0002844	FBtr0081424	CG31676-RA	CG31676
OG0002845	FBtr0081425	CG14402-RA	CG14402
OG0002846	FBtr0081426	CG9335-RA	twit
OG0002847	FBtr0081428	CG9338-RA	CG9338
OG0002848	FBtr0081429	CG31675-RA	CG31675
OG0002849	FBtr0307163	CG14401-RB	CG14401
OG0002850	FBtr0330255	CG9339-RJ	sky
OG0002851	FBtr0081439	CG9342-RA	Mtp
OG0002852	FBtr0081438	CG9273-RA	RPA2
OG0002853	FBtr0089944	CG9272-RA	Nthl1
OG0002854	FBtr0081461	CG1762-RA	Itgbn
OG0002855	FBtr0081507	CG9265-RA	CG9265
OG0002856	FBtr0329988	CG9264-RD	tadr
OG0002857	FBtr0081464	CG9259-RA	CG9259
OG0002858	FBtr0300444	CG14397-RA	CG14397
OG0002859	FBtr0114615	CG12050-RB	l(2)05287
OG0002860	FBtr0081465	CG9257-RA	CG9257
OG0002861	FBtr0299912	CG9256-RG	Nhe2
OG0002862	FBtr0306017	CG1099-RD	Dap160
OG0002863	FBtr0081468	CG9253-RA	pths
OG0002865	FBtr0081501	CG1071-RA	E2f2
OG0002866	FBtr0081469	CG9250-RA	Mpp6
OG0002867	FBtr0081500	CG9249-RA	Coq3
OG0002868	FBtr0081499	CG9247-RA	Nbr
OG0002869	FBtr0081472	CG9246-RA	Noc2
OG0002870	FBtr0306975	CG43346-RA	CG43346
OG0002871	FBtr0081475	CG9241-RA	Mcm10
OG0002872	FBtr0081493	CG14396-RC	Ret
OG0002873	FBtr0110895	CG8681-RB	clumsy
OG0002874	FBtr0081487	CG8678-RA	Atg18b
OG0002875	FBtr0331677	CG8677-RB	CG8677
OG0002876	FBtr0081479	CG8676-RB	Hr39
OG0002877	FBtr0081482	CG8674-RA	l(2)k14505
OG0002878	FBtr0081483	CG8671-RA	bbo
OG0002879	FBtr0081524	CG18362-RB	Mondo
OG0002880	FBtr0081512	CG8669-RA	crc
OG0002882	FBtr0273404	CG8666-RB	Tsp39D
OG0002883	FBtr0081517	CG8665-RA	Aldh1L1
OG0002884	FBtr0333355	CG8663-RE	nrv3
OG0002885	FBtr0085923	CG2201-RB	CG2201
OG0002886	FBtr0085919	CG2207-RA	Df31
OG0002887	FBtr0085897	CG1506-RA	Ac3
OG0002888	FBtr0085899	CG1512-RA	Cul2
OG0002889	FBtr0085915	CG2225-RA	CG2225
OG0002890	FBtr0085911	CG2238-RA	eEF2
OG0002891	FBtr0085909	CG11630-RA	CG11630
OG0002892	FBtr0085906	CG1374-RA	tsh
OG0002893	FBtr0085950	CG11629-RA	CG11629
OG0002894	FBtr0085931	CG31693-RA	CG31693
OG0002895	FBtr0089377	CG12630-RA	tio
OG0002896	FBtr0085935	CG6691-RA	ttm3
OG0002897	FBtr0306060	CG15219-RC	CG15219
OG0002898	FBtr0085941	CG15218-RA	CycK
OG0002899	FBtr0100407	CG1832-RB	Clamp
OG0002901	FBtr0111245	CG17715-RB	CG17715
OG0002902	FBtr0111125	CG18028-RA	lt
OG0002903	FBtr0111239	CG17540-RA	Spf45
OG0002904	FBtr0113781	CG40042-RA	Tim23
OG0002906	FBtr0111268	CG17665-RA	IntS3
OG0002909	FBtr0086068	CG30438-RB	Ugt50B3
OG0002910	FBtr0273208	CG17510-RC	Fis1
OG0002911	FBtr0086072	CG11665-RA	hrm
OG0002912	FBtr0086034	CG1344-RA	CG1344
OG0002913	FBtr0086062	CG8426-RA	Not3
OG0002914	FBtr0086036	CG8245-RA	CG8245
OG0002915	FBtr0086060	CG11066-RB	scaf
OG0002916	FBtr0086058	CG8376-RA	ap
OG0002917	FBtr0086043	CG12792-RA	l(2)09851
OG0002918	FBtr0086057	CG7791-RA	Mipep
OG0002919	FBtr0086044	CG7897-RA	Gp210
OG0002920	FBtr0086052	CG17250-RA	Or42a
OG0002921	FBtr0086045	CG14468-RA	Tsp42A
OG0002922	FBtr0300553	CG34385-RC	dpr12
OG0002923	FBtr0307307	CG43366-RB	CG43366
OG0002924	FBtr0086032	CG7838-RA	BubR1
OG0002925	FBtr0086031	CG11680-RA	mle
OG0002926	FBtr0335276	CG44128-RB	Src42A
OG0002927	FBtr0085972	CG7865-RA	Pngl
OG0002928	FBtr0086028	CG7863-RA	Strica
OG0002929	FBtr0086027	CG33131-RA	SCAP
OG0002930	FBtr0086025	CG14591-RA	CG14591
OG0002931	FBtr0085974	CG7861-RB	Tbce
OG0002932	FBtr0474125	CG14593-RC	CCHa2-R
OG0002933	FBtr0086023	CG7845-RA	l(2)k09848
OG0002934	FBtr0085977	CG7849-RB	CG7849
OG0002935	FBtr0086022	CG14590-RA	SmydA-5
OG0002936	FBtr0086018	CG7843-RA	Ars2
OG0002937	FBtr0086011	CG1765-RB	EcR
OG0002938	FBtr0332948	CG14589-RC	CG14589
OG0002939	FBtr0085987	CG8345-RA	Cyp6w1
OG0002940	FBtr0085988	CG8343-RA	CG8343
OG0002941	FBtr0086003	CG11212-RA	Ptr
OG0002942	FBtr0307499	CG30432-RB	CG30432
OG0002943	FBtr0086001	CG17994-RA	CG17994
OG0002944	FBtr0086000	CG8325-RA	Ttc7
OG0002945	FBtr0085992	CG8276-RB	bin3
OG0002946	FBtr0114492	CG12110-RF	Pld
OG0002947	FBtr0114365	CG9397-RI	jing
OG0002948	FBtr0086149	CG3152-RA	Trap1
OG0002949	FBtr0086107	CG3274-RA	Bap170
OG0002950	FBtr0086148	CG3174-RA	Fmo2
OG0002951	FBtr0086108	CG33134-RA	Debcl
OG0002952	FBtr0086109	CG30443-RA	Opbp
OG0002953	FBtr0086147	CG3183-RA	geminin
OG0002954	FBtr0086110	CG3273-RA	sced
OG0002955	FBtr0086146	CG3189-RA	Dpit47
OG0002956	FBtr0330252	CG15845-RE	Adf1
OG0002957	FBtr0086145	CG3194-RA	Hsepi
OG0002958	FBtr0086119	CG3271-RB	PGAP3
OG0002959	FBtr0086144	CG17266-RA	CG17266
OG0002960	FBtr0086143	CG30445-RA	Tdc1
OG0002961	FBtr0086122	CG15909-RA	CG15909
OG0002962	FBtr0086142	CG30446-RA	Tdc2
OG0002963	FBtr0086123	CG3270-RA	CG3270
OG0002964	FBtr0307075	CG3403-RB	Mob4
OG0002965	FBtr0086124	CG3269-RA	Rab2
OG0002966	FBtr0086140	CG3409-RA	chk
OG0002967	FBtr0344559	CG45092-RD	CG45092
OG0002968	FBtr0301423	CG9432-RF	hlk
OG0002969	FBtr0086126	CG3267-RA	Mccc2
OG0002970	FBtr0300285	CG3265-RF	Eb1
OG0002971	FBtr0086135	CG3420-RA	CG3420
OG0002972	FBtr0086134	CG9436-RA	Ar4
OG0002973	FBtr0086212	CG15237-RA	CG15237
OG0002974	FBtr0086211	CG3450-RA	ubl
OG0002975	FBtr0335512	CG44154-RA	koi
OG0002976	FBtr0086160	CG15236-RB	CG15236
OG0002977	FBtr0112408	CG34215-RA	CG34215
OG0002978	FBtr0086210	CG9445-RA	CG9445
OG0002979	FBtr0336654	CG9446-RE	coro
OG0002980	FBtr0336684	CG9447-RC	CG9447
OG0002981	FBtr0086196	CG9453-RB	Spn42Da
OG0002982	FBtr0086162	CG9455-RA	Spn42Dc
OG0002983	FBtr0300357	CG9456-RB	Spn42Dd
OG0002984	FBtr0086165	CG30158-RA	CG30158
OG0002985	FBtr0307183	CG3358-RE	CG3358
OG0002986	FBtr0086169	CG33349-RA	ppk25
OG0002987	FBtr0086185	CG3567-RA	Cyp6u1
OG0002988	FBtr0086186	CG30157-RA	Ufsp1
OG0002989	FBtr0086182	CG3572-RC	vimar
OG0002990	FBtr0086184	CG30156-RA	CG30156
OG0002991	FBtr0086170	CG17002-RB	CG17002
OG0002992	FBtr0089760	CG30159-RB	Miso1
OG0002993	FBtr0086171	CG18817-RA	Tsp42Ea
OG0002994	FBtr0086179	CG12847-RA	Tsp42Ec
OG0002995	FBtr0086181	CG12846-RA	Tsp42Ed
OG0002996	FBtr0086180	CG10106-RA	Tsp42Ee
OG0002997	FBtr0089023	CG12845-RA	Tsp42Ef
OG0002998	FBtr0089024	CG12142-RA	Tsp42Eg
OG0002999	FBtr0089026	CG12844-RB	Tsp42Eh
OG0003000	FBtr0089028	CG12843-RA	Tsp42Ei
OG0003001	FBtr0089030	CG12143-RA	Tsp42Ej
OG0003002	FBtr0089031	CG12841-RA	Tsp42Ek
OG0003003	FBtr0089032	CG12840-RA	Tsp42El
OG0003004	FBtr0089035	CG12838-RA	Tsp42Eo
OG0003005	FBtr0089062	CG4471-RA	Tsp42Ep
OG0003006	FBtr0089060	CG12832-RA	Tsp42Eq
OG0003007	FBtr0089036	CG12837-RA	Tsp42Er
OG0003008	FBtr0347153	CG12836-RC	CG12836
OG0003009	FBtr0300063	CG12831-RB	CG12831
OG0003010	FBtr0329858	CG43722-RC	esn
OG0003011	FBtr0089041	CG12172-RA	Spn43Aa
OG0003012	FBtr0112770	CG12828-RA	CG12828
OG0003013	FBtr0100356	CG1865-RB	Spn43Ab
OG0003014	FBtr0089053	CG1859-RA	Spn43Ad
OG0003015	FBtr0089052	CG1857-RA	nec
OG0003016	FBtr0089045	CG11060-RA	CG11060
OG0003017	FBtr0089046	CG33140-RA	CG33140
OG0003018	FBtr0089048	CG30384-RA	CG30384
OG0003019	FBtr0089044	CG11084-RC	pk
OG0003020	FBtr0089051	CG1854-RA	Or43a
OG0003021	FBtr0089050	CG1851-RA	Adk3
OG0003022	FBtr0089049	CG11086-RA	Gadd45
OG0003023	FBtr0089022	CG1850-RA	CG1850
OG0003024	FBtr0089021	CG1845-RA	Br140
OG0003025	FBtr0088961	CG12165-RA	Incenp
OG0003026	FBtr0332461	CG11101-RB	pwn
OG0003027	FBtr0088963	CG12164-RA	CG12164
OG0003028	FBtr0089015	CG1708-RA	cos
OG0003029	FBtr0088966	CG11107-RA	Dhx15
OG0003030	FBtr0344883	CG1712-RC	Gr43a
OG0003031	FBtr0089013	CG1707-RA	Glo1
OG0003032	FBtr0305124	CG43123-RA	CG43123
OG0003033	FBtr0088970	CG11121-RA	so
OG0003034	FBtr0089004	CG11145-RA	CG11145
OG0003035	FBtr0088971	CG11123-RA	CG11123
OG0003036	FBtr0088972	CG11124-RA	sPLA2
OG0003037	FBtr0089003	CG30503-RA	CG30503
OG0003038	FBtr0089002	CG1669-RA	kappaB-Ras
OG0003039	FBtr0300959	CG30502-RB	Fa2h
OG0003040	FBtr0088974	CG11125-RA	CG11125
OG0003041	FBtr0089329	CG11143-RA	Inos
OG0003042	FBtr0088998	CG11141-RB	CG11141
OG0003043	FBtr0088975	CG11127-RA	CG11127
OG0003044	FBtr0088997	CG11139-RA	p47
OG0003045	FBtr0308198	CG11140-RQ	Aldh-III
OG0003046	FBtr0300080	CG42396-RA	wech
OG0003047	FBtr0088984	CG1621-RA	Coop
OG0003048	FBtr0088983	CG1620-RA	CG1620
OG0003049	FBtr0088982	CG1616-RA	dpa
OG0003050	FBtr0089743	CG2146-RC	didum
OG0003051	FBtr0088981	CG12736-RA	mEFTu2
OG0003052	FBtr0088979	CG1603-RA	cliff
OG0003053	FBtr0088960	CG1602-RA	CG1602
OG0003054	FBtr0088904	CG2144-RA	PIG-G
OG0003055	FBtr0088959	CG10667-RA	Orc1
OG0003056	FBtr0088957	CG1600-RC	Drat
OG0003057	FBtr0088905	CG2140-RB	Cyt-b5
OG0003058	FBtr0088907	CG2137-RA	Gpo2
OG0003059	FBtr0088955	CG1598-RA	CG1598
OG0003060	FBtr0088909	CG2105-RB	Corin
OG0003061	FBtr0088954	CG30499-RA	Rpe
OG0003062	FBtr0088953	CG30498-RA	boca
OG0003063	FBtr0088952	CG1363-RA	blow
OG0003064	FBtr0088951	CG1360-RA	CG1360
OG0003065	FBtr0088912	CG2092-RB	scra
OG0003066	FBtr0088948	CG1358-RA	HisT
OG0003067	FBtr0306941	CG43340-RM	M7BP
OG0003068	FBtr0306944	CG43341-RA	CG43341
OG0003069	FBtr0088946	CG17985-RA	ima
OG0003070	FBtr0088947	CG1341-RA	Rpt1
OG0003071	FBtr0347154	CG1339-RB	Grl43a
OG0003072	FBtr0088944	CG12042-RA	DCTN4-p62
OG0003073	FBtr0088943	CG12826-RA	CG12826
OG0003074	FBtr0088942	CG1577-RA	mRpL52
OG0003075	FBtr0088924	CG12107-RA	CG12107
OG0003076	FBtr0088941	CG1406-RA	U2A
OG0003077	FBtr0332911	CG1399-RF	LRR
OG0003078	FBtr0088925	CG30493-RB	Coq9
OG0003079	FBtr0088926	CG30496-RA	CG30496
OG0003080	FBtr0088938	CG1389-RA	tor
OG0003081	FBtr0088935	CG18812-RC	Gdap2
OG0003082	FBtr0344723	CG1555-RB	cn
OG0003083	FBtr0088831	CG1925-RA	PolZ1
OG0003084	FBtr0088900	CG1553-RA	Nop17l
OG0003085	FBtr0308825	CG1891-RC	sax
OG0003086	FBtr0088899	CG1550-RA	TTLL12
OG0003087	FBtr0088834	CG1882-RA	puml
OG0003088	FBtr0088898	CG1548-RA	cathD
OG0003089	FBtr0088841	CG12822-RA	TrmO
OG0003090	FBtr0113331	CG12821-RB	Atg10
OG0003091	FBtr0308589	CG34361-RH	Dgk
OG0003092	FBtr0088888	CG12159-RA	CG12159
OG0003093	FBtr0088845	CG1877-RC	Cul1
OG0003094	FBtr0088887	CG17853-RA	Or43b
OG0003095	FBtr0088883	CG8729-RA	rnh1
OG0003096	FBtr0088850	CG8730-RA	drosha
OG0003097	FBtr0088882	CG8728-RA	Mppa
OG0003098	FBtr0088881	CG30380-RA	CG30380
OG0003099	FBtr0088880	CG14764-RA	CG14764
OG0003100	FBtr0113052	CG2906-RD	CG2906
OG0003101	FBtr0088857	CG2910-RA	nito
OG0003102	FBtr0088875	CG14763-RA	CG14763
OG0003103	FBtr0088874	CG8726-RB	CG8726
OG0003104	FBtr0088859	CG8725-RA	CSN4
OG0003105	FBtr0088871	CG11198-RA	Acc
OG0003106	FBtr0088860	CG8722-RB	Nup44A
OG0003107	FBtr0088870	CG11196-RA	Dic3
OG0003108	FBtr0088869	CG11194-RA	Hey
OG0003109	FBtr0088868	CG11191-RA	CG11191
OG0003110	FBtr0304750	CG14762-RB	CG14762
OG0003111	FBtr0339281	CG12769-RC	CG12769
OG0003112	FBtr0330631	CG8715-RK	lig
OG0003113	FBtr0088825	CG12770-RA	Vps28
OG0003114	FBtr0088824	CG8717-RA	slv
OG0003115	FBtr0088779	CG17976-RA	sut3
OG0003116	FBtr0088781	CG11210-RA	Tmem63
OG0003117	FBtr0088821	CG8711-RA	Cul4
OG0003118	FBtr0100140	CG30372-RB	Asap
OG0003119	FBtr0088783	CG2158-RA	Nup50
OG0003120	FBtr0100668	CG8710-RD	coil
OG0003121	FBtr0088784	CG2160-RA	Socs44A
OG0003122	FBtr0300658	CG42515-RA	Pbp49
OG0003123	FBtr0300660	CG42516-RA	CG42516
OG0003124	FBtr0088785	CG2163-RA	Pabp2
OG0003125	FBtr0088816	CG2297-RA	Obp44a
OG0003126	FBtr0088815	CG8709-RA	Lpin
OG0003127	FBtr0088811	CG11546-RA	kermit
OG0003128	FBtr0088807	CG8707-RA	RagC-D
OG0003129	FBtr0088806	CG30373-RA	CG30373
OG0003130	FBtr0088788	CG2173-RA	Rs1
OG0003131	FBtr0088789	CG2183-RA	Gasz
OG0003132	FBtr0088790	CG11482-RA	Mlh1
OG0003133	FBtr0088805	CG14757-RA	CG14757
OG0003134	FBtr0344893	CG33087-RF	LRP1
OG0003135	FBtr0088804	CG14756-RA	CG14756
OG0003136	FBtr0088803	CG8704-RA	dpn
OG0003137	FBtr0088792	CG8705-RB	pnut
OG0003138	FBtr0088794	CG14760-RA	CG14760
OG0003139	FBtr0088796	CG14759-RA	CG14759
OG0003140	FBtr0088802	CG2291-RA	CG2291
OG0003141	FBtr0088801	CG12126-RA	CG12126
OG0003142	FBtr0088800	CG30376-RA	CG30376
OG0003143	FBtr0339350	CG42698-RF	pdm3
OG0003144	FBtr0088739	CG11635-RA	CG11635
OG0003145	FBtr0088773	CG30365-RA	spaw
OG0003146	FBtr0088772	CG30364-RA	hubl
OG0003147	FBtr0112411	CG34218-RA	whip
OG0003148	FBtr0088771	CG30366-RA	swif
OG0003149	FBtr0088769	CG30362-RA	boly
OG0003150	FBtr0088765	CG2127-RA	CG2127
OG0003151	FBtr0088740	CG8701-RA	CG8701
OG0003152	FBtr0290124	CG2121-RB	CG2121
OG0003153	FBtr0088742	CG2038-RA	CSN7
OG0003154	FBtr0088760	CG2110-RA	Cyp4ad1
OG0003155	FBtr0088747	CG8694-RA	Mal-A2
OG0003156	FBtr0330608	CG30361-RG	mtt
OG0003157	FBtr0339346	CG42326-RE	CG42326
OG0003158	FBtr0088691	CG14752-RA	CG14752
OG0003159	FBtr0088730	CG8735-RA	Lnpk
OG0003160	FBtr0339354	CG8643-RC	rgr
OG0003161	FBtr0310448	CG8639-RI	Cirl
OG0003162	FBtr0088694	CG14750-RA	Vps25
OG0003163	FBtr0088728	CG8734-RA	beta3GalTII
OG0003164	FBtr0088695	CG14749-RA	Gle1
OG0003165	FBtr0088727	CG8635-RA	CG8635
OG0003166	FBtr0089427	CG2411-RA	ptc
OG0003167	FBtr0333001	CG8732-RJ	Acsl
OG0003168	FBtr0088704	CG8579-RA	Jon44E
OG0003169	FBtr0088705	CG8738-RA	CG8738
OG0003170	FBtr0088724	CG8584-RA	CG8584
OG0003171	FBtr0307023	CG14743-RB	CG14743
OG0003172	FBtr0088709	CG14745-RA	PGRP-SC2
OG0003173	FBtr0088719	CG14767-RC	CG14767
OG0003174	FBtr0088710	CG8411-RA	gcl
OG0003175	FBtr0301639	CG8739-RC	stmA
OG0003176	FBtr0302222	CG42615-RB	CG42615
OG0003177	FBtr0290115	CG8740-RD	blo
OG0003178	FBtr0088714	CG8746-RA	CG8746
OG0003179	FBtr0088636	CG30350-RA	CG30350
OG0003180	FBtr0304572	CG10844-RI	RyR
OG0003181	FBtr0330246	CG8272-RB	CG8272
OG0003182	FBtr0345224	CG8266-RD	Sec31
OG0003183	FBtr0088685	CG8262-RA	ana2
OG0003184	FBtr0088644	CG13751-RA	CG13751
OG0003185	FBtr0088684	CG13746-RA	MrgBP
OG0003186	FBtr0088645	CG8261-RA	Ggamma1
OG0003187	FBtr0088683	CG8258-RA	CCT8
OG0003188	FBtr0088650	CG30349-RA	CG30349
OG0003189	FBtr0088682	CG8252-RA	CG8252
OG0003190	FBtr0088679	CG8251-RA	Pgi
OG0003191	FBtr0088651	CG11770-RA	lin
OG0003192	FBtr0088652	CG8243-RA	CG8243
OG0003193	FBtr0088653	CG8237-RA	CG8237
OG0003194	FBtr0088676	CG8235-RA	AIMP1
OG0003195	FBtr0088654	CG8232-RA	PAN2
OG0003196	FBtr0088675	CG13745-RA	FANCI
OG0003197	FBtr0088656	CG13748-RA	CG13748
OG0003198	FBtr0088674	CG8230-RA	CG8230
OG0003199	FBtr0088688	CG33199-RA	CG33199
OG0003200	FBtr0088658	CG8224-RB	babo
OG0003201	FBtr0088671	CG8216-RA	spab
OG0003202	FBtr0273385	CG8213-RC	flz
OG0003203	FBtr0112560	CG34350-RA	Np
OG0003204	FBtr0301193	CG8172-RF	CG8172
OG0003205	FBtr0088666	CG13744-RA	CG13744
OG0003206	FBtr0088660	CG13747-RA	CG13747
OG0003207	FBtr0088665	CG8170-RA	CG8170
OG0003208	FBtr0088664	CG8196-RA	Ance-4
OG0003209	FBtr0088662	CG13743-RA	CG13743
OG0003210	FBtr0088661	CG8197-RA	CG8197
OG0003211	FBtr0300501	CG8084-RB	ana
OG0003212	FBtr0088633	CG8080-RA	Nadk2
OG0003213	FBtr0088632	CG13741-RA	Boot
OG0003214	FBtr0088631	CG8078-RA	Ctu1
OG0003215	FBtr0088565	CG8777-RA	CG8777
OG0003216	FBtr0330624	CG8075-RB	Vang
OG0003217	FBtr0088567	CG8781-RA	tsu
OG0003218	FBtr0088628	CG8070-RA	Mys45A
OG0003219	FBtr0088568	CG8069-RA	Phax
OG0003220	FBtr0088570	CG8068-RI	Su(var)2-10
OG0003221	FBtr0088579	CG11784-RA	GstE13
OG0003222	FBtr0088626	CG18659-RA	CG18659
OG0003223	FBtr0088580	CG8058-RA	Hydr1
OG0003224	FBtr0088624	CG8057-RA	alc
OG0003225	FBtr0088581	CG8788-RA	CG8788
OG0003226	FBtr0088623	CG8055-RA	shrb
OG0003227	FBtr0088582	CG30342-RA	Prp38
OG0003228	FBtr0301527	CG2412-RB	Rad51D
OG0003229	FBtr0088618	CG8014-RA	Rme-8
OG0003230	FBtr0089931	CG8024-RB	Rab32
OG0003231	FBtr0302512	CG8026-RD	CG8026
OG0003232	FBtr0088586	CG1650-RA	unpg
OG0003233	FBtr0088609	CG8027-RA	Gnptab
OG0003234	FBtr0088587	CG8029-RB	VhaAC45
OG0003235	FBtr0088607	CG2040-RA	hig
OG0003236	FBtr0112897	CG2049-RG	Pkn
OG0003237	FBtr0088600	CG2063-RA	CG2063
OG0003238	FBtr0088595	CG1968-RA	Cog6
OG0003239	FBtr0088599	CG2072-RA	Mad1
OG0003240	FBtr0112930	CG1975-RB	Drep2
OG0003241	FBtr0088598	CG2078-RA	Myd88
OG0003242	FBtr0332996	CG13954-RC	CG13954
OG0003243	FBtr0088558	CG13739-RA	CG13739
OG0003244	FBtr0088503	CG1978-RA	Or45a
OG0003245	FBtr0088555	CG8800-RA	ODA-Dnal1
OG0003246	FBtr0088554	CG8801-RA	Non1
OG0003247	FBtr0088505	CG13951-RA	l(2)k10201
OG0003248	FBtr0088552	CG8804-RB	wun
OG0003249	FBtr0088506	CG8805-RA	wun2
OG0003250	FBtr0088551	CG13955-RA	CG13955
OG0003251	FBtr0300293	CG8806-RB	prel
OG0003252	FBtr0112892	CG8808-RB	Pdk
OG0003253	FBtr0306808	CG11804-RD	ced-6
OG0003254	FBtr0088512	CG1916-RA	Wnt2
OG0003255	FBtr0088547	CG1888-RA	CG1888
OG0003256	FBtr0088519	CG12931-RA	Or45b
OG0003257	FBtr0339394	CG34407-RH	Not1
OG0003258	FBtr0088522	CG1814-RA	Nt5c
OG0003259	FBtr0088542	CG1868-RB	Smyd4-1
OG0003260	FBtr0088524	CG1818-RA	Urod
OG0003261	FBtr0088525	CG1821-RA	RpL31
OG0003262	FBtr0305178	CG42600-RD	clos
OG0003263	FBtr0088533	CG30338-RA	CG30338
OG0003264	FBtr0088535	CG30340-RA	CG30340
OG0003265	FBtr0088534	CG30339-RA	CG30339
OG0003266	FBtr0088531	CG1902-RA	CG1902
OG0003267	FBtr0088501	CG1794-RB	Mmp2
OG0003268	FBtr0088496	CG1690-RA	lut
OG0003269	FBtr0088495	CG1688-RA	CG1688
OG0003270	FBtr0088494	CG1648-RB	CG1648
OG0003271	FBtr0301706	CG1652-RB	lectin-46Cb
OG0003272	FBtr0088476	CG1656-RA	lectin-46Ca
OG0003273	FBtr0100088	CG34033-RA	CG34033
OG0003274	FBtr0088492	CG30001-RA	CG30001
OG0003275	FBtr0309880	CG1625-RD	dila
OG0003276	FBtr0088486	CG1623-RB	hebe
OG0003277	FBtr0088477	CG1663-RA	CG1663
OG0003278	FBtr0088485	CG12924-RA	Lsm11
OG0003279	FBtr0088478	CG1665-RA	Marc
OG0003280	FBtr0089394	CG1599-RA	Vamp7
OG0003281	FBtr0345019	CG1667-RB	Sting
OG0003282	FBtr0089998	CG1519-RA	Prosalpha7
OG0003283	FBtr0088373	CG1671-RA	CG1671
OG0003284	FBtr0088454	CG1516-RI	Pcb
OG0003285	FBtr0088374		
OG0003286	FBtr0472693	CG46338-RB	peo
OG0003287	FBtr0088375	CG1675-RA	Ntmt
OG0003288	FBtr0088376	CG18446-RA	Lime
OG0003289	FBtr0088377	CG12744-RA	CG12744
OG0003290	FBtr0088451	CG1472-RA	Sec24AB
OG0003291	FBtr0088450	CG1513-RA	CG1513
OG0003292	FBtr0088380	CG30008-RA	CG30008
OG0003293	FBtr0300921	CG30007-RE	tea
OG0003294	FBtr0088448	CG1441-RA	CG1441
OG0003295	FBtr0088383	CG2346-RA	FMRFa
OG0003296	FBtr0088384	CG12140-RA	Etf-QO
OG0003297	FBtr0330708	CG1429-RH	Mef2
OG0003298	FBtr0088441	CG15863-RA	Pdrg1
OG0003299	FBtr0088385	CG12130-RA	Pal1
OG0003300	FBtr0088440	CG1418-RA	CG1418
OG0003301	FBtr0088388	CG12134-RA	CG12134
OG0003302	FBtr0088390	CG2328-RA	eve
OG0003303	FBtr0112905	CG2331-RC	TER94
OG0003304	FBtr0088437	CG15862-RA	Pka-R2
OG0003305	FBtr0088393	CG12128-RA	ptch
OG0003306	FBtr0339420	CG1407-RG	CG1407
OG0003307	FBtr0088395	CG12129-RA	CG12129
OG0003308	FBtr0088434	CG18445-RA	oys
OG0003309	FBtr0088433	CG12918-RA	sel
OG0003310	FBtr0088432	CG1385-RA	Def
OG0003311	FBtr0088399	CG2264-RD	magu
OG0003312	FBtr0088431	CG2292-RA	PIG-N
OG0003313	FBtr0088403	CG12921-RA	mRpL42
OG0003314	FBtr0088429	CG1362-RA	Cdc2rk
OG0003315	FBtr0088404	CG12920-RA	CG12920
OG0003316	FBtr0088428	CG1371-RA	CG1371
OG0003317	FBtr0088405	CG12919-RA	egr
OG0003318	FBtr0089674	CG1380-RA	sut4
OG0003319	FBtr0088409	CG2269-RB	CG2269
OG0003320	FBtr0330606	CG2275-RC	Jra
OG0003321	FBtr0088425	CG1381-RA	RpLP0-like
OG0003322	FBtr0088412	CG17870-RB	14-3-3zeta
OG0003323	FBtr0088420	CG4001-RA	Pfk
OG0003324	FBtr0088423	CG11866-RA	dmpd
OG0003325	FBtr0300944	CG17753-RB	Ccs
OG0003326	FBtr0089758	CG30011-RC	gem
OG0003327	FBtr0290287	CG12917-RB	CG12917
OG0003328	FBtr0088331	CG33478-RB	Or46a
OG0003329	FBtr0088332	CG18011-RA	CG18011
OG0003330	FBtr0301444	CG33135-RF	KCNQ
OG0003331	FBtr0088369	CG12214-RB	mlt
OG0003332	FBtr0299834	CG34221-RB	CG34221
OG0003333	FBtr0452140	CG33183-RI	Hr3
OG0003334	FBtr0088333	CG3454-RA	Hdc
OG0003335	FBtr0088364	CG12209-RA	CG12209
OG0003336	FBtr0088334	CG12914-RA	CG12914
OG0003337	FBtr0273274	CG12210-RC	Syb
OG0003338	FBtr0088335	CG12913-RA	Csgalnact
OG0003339	FBtr0339452	CG12911-RD	CG12911
OG0003340	FBtr0088337	CG12910-RA	CG12910
OG0003341	FBtr0088360	CG3298-RB	RNaseZ
OG0003342	FBtr0088348	CG12909-RA	CG12909
OG0003343	FBtr0088359	CG12905-RA	Obp46a
OG0003344	FBtr0088349	CG12908-RA	Ndg
OG0003345	FBtr0303080	CG42732-RD	SLO2
OG0003346	FBtr0303149	CG12906-RB	Gr47a
OG0003347	FBtr0088323	CG12900-RA	Ir47a
OG0003348	FBtr0346961	CG42236-RG	RanBPM
OG0003349	FBtr0088314	CG12895-RA	CG12895
OG0003350	FBtr0088264	CG2204-RB	Galphao
OG0003351	FBtr0088311	CG18377-RA	Cyp49a1
OG0003352	FBtr0088310	CG12892-RA	Caf1-105
OG0003353	FBtr0301281	CG12891-RC	whd
OG0003354	FBtr0088306	CG11761-RA	trsn
OG0003355	FBtr0088274	CG17765-RA	Pef
OG0003356	FBtr0330607	CG2368-RM	psq
OG0003357	FBtr0113063	CG11883-RC	CG11883
OG0003358	FBtr0088258	CG16728-RA	Git
OG0003359	FBtr0088212	CG11887-RA	Elp2
OG0003360	FBtr0088213	CG12934-RA	CG12934
OG0003361	FBtr0330601	CG11895-RF	stan
OG0003362	FBtr0088257	CG7576-RA	Rab3
OG0003363	FBtr0088215	CG12309-RA	CAH13
OG0003364	FBtr0088256	CG12338-RA	Daao1
OG0003365	FBtr0088218	CG7220-RB	CG7220
OG0003366	FBtr0088255	CG7614-RA	Mat1
OG0003367	FBtr0088254	CG33144-RA	CG33144
OG0003368	FBtr0088253	CG12340-RA	wde
OG0003369	FBtr0088221	CG12935-RA	CG12935
OG0003370	FBtr0088222	CG12936-RA	mms4
OG0003371	FBtr0088223	CG7222-RA	CG7222
OG0003372	FBtr0088249	CG12342-RA	dgo
OG0003373	FBtr0088224	CG12323-RB	Prosbeta5
OG0003374	FBtr0088248	CG12938-RA	Lsm10
OG0003375	FBtr0088247	CG12343-RA	CG12343
OG0003376	FBtr0088227	CG12325-RA	CG12325
OG0003377	FBtr0088246	CG12344-RA	alka
OG0003378	FBtr0088245	CG7686-RA	LTV1
OG0003379	FBtr0113356	CG30015-RC	CG30015
OG0003380	FBtr0088228	CG6751-RA	nclb
OG0003381	FBtr0088240	CG7704-RA	Taf5
OG0003382	FBtr0339472	CG11919-RD	Pex6
OG0003383	FBtr0089728	CG18004-RA	CG18004
OG0003384	FBtr0088239	CG12346-RA	cag
OG0003385	FBtr0088236	CG12942-RA	dumpless1
OG0003386	FBtr0088238	CG7712-RA	ND-B14
OG0003387	FBtr0088237	CG11979-RA	Polr2E
OG0003388	FBtr0088198	CG12943-RA	polyph
OG0003389	FBtr0088199	CG12944-RA	Obp47a
OG0003390	FBtr0088211	CG7722-RA	Spn47C
OG0003391	FBtr0088210	CG33473-RB	luna
OG0003392	FBtr0088202	CG13232-RA	BBS4
OG0003393	FBtr0088206	CG13229-RA	CG13229
OG0003394	FBtr0088203	CG13231-RA	CG13231
OG0003395	FBtr0088205	CG12391-RA	CG12391
OG0003396	FBtr0330620	CG7734-RF	shn
OG0003397	FBtr0330635	CG9084-RC	CG9084
OG0003398	FBtr0339479	CG7737-RB	CG7737
OG0003399	FBtr0088196	CG30021-RA	metro
OG0003400	FBtr0088195	CG13218-RA	CG13218
OG0003401	FBtr0088107	CG13227-RA	CG13227
OG0003402	FBtr0112416	CG34223-RA	CG34223
OG0003403	FBtr0088194	CG13217-RA	CG13217
OG0003404	FBtr0088193	CG13216-RA	CG13216
OG0003405	FBtr0088192	CG13215-RA	CG13215
OG0003406	FBtr0088191	CG9080-RA	Lstn
OG0003407	FBtr0088108	CG13226-RA	CG13226
OG0003408	FBtr0088111	CG13225-RA	Or47a
OG0003409	FBtr0088190	CG9079-RA	Cpr47Ea
OG0003410	FBtr0088112	CG13224-RA	Cpr47Eb
OG0003411	FBtr0088113	CG13223-RA	CG13223
OG0003412	FBtr0088189	CG9077-RA	Cpr47Ec
OG0003413	FBtr0088114	CG13222-RA	Cpr47Ee
OG0003414	FBtr0088182	CG9067-RA	CG9067
OG0003415	FBtr0088115	CG13221-RA	Vhl
OG0003416	FBtr0332422	CG9062-RC	Uaf1
OG0003417	FBtr0088116	CG13220-RA	CG13220
OG0003418	FBtr0088178	CG13213-RC	Fbl6
OG0003419	FBtr0088177	CG18335-RA	CG18335
OG0003420	FBtr0088176	CG12390-RA	dare
OG0003421	FBtr0088175	CG18336-RA	CG18336
OG0003422	FBtr0088118	CG7741-RA	CG7741
OG0003423	FBtr0089379	CG13207-RA	nompA
OG0003424	FBtr0088166	CG13206-RA	Or47b
OG0003425	FBtr0273343	CG13209-RB	sha
OG0003426	FBtr0088121	CG12350-RA	lambdaTry
OG0003427	FBtr0331940	CG12388-RC	kappaTry
OG0003428	FBtr0088163	CG12386-RA	etaTry
OG0003429	FBtr0088162	CG12385-RA	thetaTry
OG0003430	FBtr0088157	CG13202-RA	CG13202
OG0003431	FBtr0088125	CG7754-RA	iotaTry
OG0003432	FBtr0088155	CG12384-RA	CG12384
OG0003433	FBtr0088126	CG12352-RA	san
OG0003434	FBtr0088127	CG30030-RA	Gr47b
OG0003435	FBtr0088128	CG13204-RA	CG13204
OG0003436	FBtr0088153	CG9035-RA	Tapdelta
OG0003437	FBtr0304901	CG13203-RC	CG13203
OG0003438	FBtr0088151	CG9033-RB	Tsp47F
OG0003439	FBtr0339489	CG9027-RE	Sod3
OG0003440	FBtr0088146	CG30023-RA	sprt
OG0003441	FBtr0088133	CG7759-RA	Smyd4-3
OG0003442	FBtr0331390	CG9023-RF	Drip
OG0003443	FBtr0305074	CG7777-RC	Prip
OG0003444	FBtr0330623	CG7776-RE	E(Pc)
OG0003445	FBtr0088068	CG17835-RD	inv
OG0003446	FBtr0088095	CG9015-RB	en
OG0003447	FBtr0113066	CG10897-RE	tou
OG0003448	FBtr0088090	CG9006-RA	Egm
OG0003449	FBtr0088089	CG9005-RA	atos
OG0003450	FBtr0113067	CG9003-RB	CG9003
OG0003451	FBtr0112421	CG34228-RA	CG34228
OG0003452	FBtr0088072	CG13198-RA	CG13198
OG0003453	FBtr0088084	CG13196-RA	CG13196
OG0003454	FBtr0088077	CG8238-RA	Buffy
OG0003455	FBtr0088082	CG8996-RA	wal
OG0003456	FBtr0088078	CG13197-RA	CG13197
OG0003457	FBtr0088029	CG13193-RA	CG13193
OG0003458	FBtr0300507	CG42493-RA	CG42493
OG0003459	FBtr0088030	CG12443-RA	ths
OG0003460	FBtr0088031	CG13192-RA	CG13192
OG0003461	FBtr0088064	CG8991-RA	Sobp
OG0003462	FBtr0112422	CG34229-RA	CG34229
OG0003463	FBtr0088063	CG8988-RA	S2P
OG0003464	FBtr0306061	CG43190-RA	CG43190
OG0003465	FBtr0088032	CG8271-RA	Sln
OG0003466	FBtr0088033	CG8274-RA	Mgtor
OG0003467	FBtr0112423	CG34230-RA	CG34230
OG0003468	FBtr0088062	CG8986-RA	Twdlbeta
OG0003469	FBtr0300859	CG42531-RA	CG42531
OG0003471	FBtr0088034	CG13190-RA	cuff
OG0003472	FBtr0088058	CG8983-RA	ERp60
OG0003473	FBtr0301431	CG42572-RD	MCPH1
OG0003474	FBtr0088038	CG13189-RA	Zip48C
OG0003475	FBtr0088054	CG13183-RA	reb
OG0003476	FBtr0088039	CG13188-RA	exp
OG0003477	FBtr0088051	CG8979-RA	PI31
OG0003478	FBtr0088046	CG8975-RA	RnrS
OG0003479	FBtr0088045	CG8972-RA	rho-7
OG0003480	FBtr0088043	CG8298-RA	CG8298
OG0003481	FBtr0088028	CG8967-RA	otk
OG0003482	FBtr0088027	CG8964-RA	otk2
OG0003483	FBtr0339583	CG8889-RE	Mppe
OG0003484	FBtr0087974	CG17509-RA	pds5
OG0003485	FBtr0087975	CG8321-RA	CG8321
OG0003486	FBtr0087976	CG8340-RA	128up
OG0003487	FBtr0087977	CG8344-RA	Polr3B
OG0003488	FBtr0330629	CG8357-RB	Drep1
OG0003489	FBtr0088023	CG30039-RA	CG30039
OG0003490	FBtr0339579	CG44314-RA	CG44314
OG0003491	FBtr0087979	CG8364-RB	Drep3
OG0003492	FBtr0088022	CG8888-RA	CG8888
OG0003493	FBtr0087981	CG13186-RA	CG13186
OG0003494	FBtr0088021	CG30040-RA	jeb
OG0003495	FBtr0087982	CG18343-RA	CG18343
OG0003496	FBtr0088020	CG8881-RA	SkpB
OG0003497	FBtr0087983	CG8378-RA	Smyd4-4
OG0003498	FBtr0088019		
OG0003499	FBtr0087984	CG12367-RA	Hen1
OG0003500	FBtr0088017	CG8878-RA	bsd
OG0003501	FBtr0087985	CG8407-RA	CG8407
OG0003502	FBtr0088016	CG8877-RA	Prp8
OG0003503	FBtr0112772	CG13177-RA	CG13177
OG0003504	FBtr0112426	CG34232-RB	CG34232
OG0003505	FBtr0087986	CG8427-RA	SmD3
OG0003506	FBtr0087987	CG8439-RA	CCT5
OG0003507	FBtr0088012	CG8862-RA	EndoG
OG0003508	FBtr0087989	CG13176-RA	wash
OG0003509	FBtr0100143	CG13175-RA	CG13175
OG0003510	FBtr0087992	CG8453-RA	Cyp6g1
OG0003511	FBtr0088009	CG8859-RA	Cyp6g2
OG0003512	FBtr0087993	CG8457-RA	Cyp6t3
OG0003513	FBtr0088008	CG8858-RA	CG8858
OG0003514	FBtr0088007	CG8857-RC	RpS11
OG0003515	FBtr0087995	CG13171-RA	CG13171
OG0003516	FBtr0114562	CG8854-RB	CG8854
OG0003517	FBtr0087996	CG13170-RA	CG13170
OG0003518	FBtr0306900	CG43315-RA	CG43315
OG0003519	FBtr0306902	CG43316-RA	CG43316
OG0003520	FBtr0087998	CG13168-RC	CG13168
OG0003521	FBtr0088000	CG13167-RA	Vha36-2
OG0003522	FBtr0088001	CG8472-RA	Cam
OG0003523	FBtr0345482	CG42700-RI	CG42700
OG0003524	FBtr0089669	CG13164-RA	salto
OG0003525	FBtr0087893	CG17739-RA	Drosp
OG0003526	FBtr0087895	CG30046-RB	CG30046
OG0003527	FBtr0087964	CG8841-RC	CG8841
OG0003528	FBtr0087897	CG8487-RB	garz
OG0003529	FBtr0301874	CG8493-RC	Den1
OG0003530	FBtr0087957	CG8839-RA	CG8839
OG0003531	FBtr0087904	CG13162-RA	ana3
OG0003532	FBtr0087914	CG30042-RA	Cpr49Ab
OG0003533	FBtr0087956	CG13155-RA	CG13155
OG0003534	FBtr0087955	CG8836-RA	Cpr49Ad
OG0003535	FBtr0087918	CG13158-RA	Or49a
OG0003536	FBtr0087920	CG8505-RA	Cpr49Ae
OG0003537	FBtr0087921	CG8510-RA	Cpr49Af
OG0003538	FBtr0087922	CG8511-RA	Cpr49Ag
OG0003539	FBtr0087924	CG8515-RA	Cpr49Ah
OG0003540	FBtr0087925	CG13157-RA	CG13157
OG0003541	FBtr0087926	CG8520-RA	CG8520
OG0003542	FBtr0087927	CG8525-RA	Dera
OG0003543	FBtr0087953	CG13154-RA	CG13154
OG0003544	FBtr0087952	CG8831-RA	Nup54
OG0003545	FBtr0087950	CG8830-RB	DUBAI
OG0003546	FBtr0114521	CG30051-RC	Tmem18
OG0003547	FBtr0113074	CG8529-RF	Dyb
OG0003548	FBtr0087933	CG12369-RA	Lac
OG0003549	FBtr0087948	CG8828-RA	dgt5
OG0003550	FBtr0087934	CG8545-RA	Nsun1
OG0003551	FBtr0087935	CG8550-RA	Nepl10
OG0003552	FBtr0473609	CG34234-RB	CG34234
OG0003553	FBtr0087947	CG8824-RB	fdl
OG0003554	FBtr0113358	CG30044-RB	s-cup
OG0003555	FBtr0087939	CG13151-RA	CG13151
OG0003556	FBtr0087941	CG8818-RA	CG8818
OG0003557	FBtr0087940	CG8569-RA	CG8569
OG0003558	FBtr0087822	CG8581-RA	fra
OG0003559	FBtr0087824	CG8587-RA	Cyp301a1
OG0003560	FBtr0087891	CG8816-RA	Ak6
OG0003561	FBtr0087825	CG8592-RA	stil
OG0003562	FBtr0087826	CG8594-RA	ClC-b
OG0003563	FBtr0304683	CG8815-RG	Sin3A
OG0003564	FBtr0087828	CG8604-RA	Amph
OG0003565	FBtr0087885	CG8811-RB	muskelin
OG0003566	FBtr0087840	CG12372-RA	spt4
OG0003567	FBtr0091650	CG33671-RA	Mvk
OG0003568	FBtr0091651	CG33672-RA	CG33672
OG0003569	FBtr0087841	CG8625-RA	Iswi
OG0003570	FBtr0087881	CG8785-RA	CG8785
OG0003571	FBtr0087880	CG8778-RA	CG8778
OG0003572	FBtr0087844	CG8632-RB	ZnT49B
OG0003573	FBtr0301237	CG8646-RB	CG8646
OG0003574	FBtr0087867	CG8776-RA	nemy
OG0003575	FBtr0306684	CG8771-RC	Nup188
OG0003576	FBtr0087847	CG13148-RB	CG13148
OG0003577	FBtr0087871	CG8768-RA	CG8768
OG0003578	FBtr0087849	CG12442-RA	wuc
OG0003579	FBtr0302645	CG42663-RB	CG42663
OG0003580	FBtr0087865	CG8767-RA	Mos
OG0003581	FBtr0087862	CG8766-RA	Taz
OG0003582	FBtr0087852	CG12373-RA	mRpL18
OG0003583	FBtr0087853	CG8657-RA	Dgkepsilon
OG0003584	FBtr0087858	CG8759-RB	Nacalpha
OG0003585	FBtr0087854	CG12374-RA	CG12374
OG0003586	FBtr0087855	CG17579-RA	sca
OG0003587	FBtr0087857	CG17580-RA	CG17580
OG0003588	FBtr0087781	CG17584-RA	Or49b
OG0003589	FBtr0302939	CG17575-RB	CG17575
OG0003590	FBtr0087817	CG30486-RA	CG30486
OG0003591	FBtr0306583	CG17574-RI	CG17574
OG0003592	FBtr0087815	CG3790-RA	Balat
OG0003593	FBtr0087784	CG3821-RA	AspRS
OG0003594	FBtr0087785	CG3830-RA	vg
OG0003595	FBtr0334772	CG3845-RD	NAT1
OG0003596	FBtr0087788	CG13319-RA	CG13319
OG0003597	FBtr0087789	CG3850-RA	sug
OG0003598	FBtr0087806	CG17019-RA	CG17019
OG0003599	FBtr0087803	CG13322-RC	SCCRO3
OG0003600	FBtr0087802	CG30487-RA	CG30487
OG0003601	FBtr0087790	CG13320-RA	Sans
OG0003602	FBtr0339106	CG44251-RA	CG44251
OG0003603	FBtr0087798	CG3886-RA	Psc
OG0003604	FBtr0330613	CG3905-RC	Su(z)2
OG0003605	FBtr0087794	CG3915-RB	Drl-2
OG0003606	FBtr0339745	CG44341-RA	CG44341
OG0003607	FBtr0087780	CG3955-RA	CG3955
OG0003608	FBtr0087779	CG13326-RA	CG13326
OG0003609	FBtr0299507	CG34438-RF	Cap-G
OG0003610	FBtr0330332	CG43741-RE	Ack-like
OG0003611	FBtr0112741	CG34439-RB	ND-MWFE
OG0003612	FBtr0087728	CG4007-RA	Nrk
OG0003613	FBtr0087772	CG4604-RA	GLaz
OG0003614	FBtr0087729	CG4016-RB	Spt-I
OG0003615	FBtr0087732	CG33138-RA	Agbe
OG0003616	FBtr0310497	CG33137-RB	CG33137
OG0003617	FBtr0333148	CG4062-RC	ValRS
OG0003618	FBtr0087768	CG4088-RA	Orc3
OG0003619	FBtr0300287	CG34315-RB	CG34315
OG0003620	FBtr0087736	CG4616-RA	FLASH
OG0003621	FBtr0112510	CG34312-RA	CG34312
OG0003622	FBtr0087767	CG30058-RA	CG30058
OG0003623	FBtr0300636	CG34235-RB	CG34235
OG0003624	FBtr0087766	CG12251-RA	AQP
OG0003625	FBtr0087738	CG4627-RA	Tmem186
OG0003626	FBtr0333151	CG4630-RB	CG4630
OG0003627	FBtr0087764	CG4646-RA	CG4646
OG0003628	FBtr0087762	CG4643-RA	Fsn
OG0003629	FBtr0087740	CG4654-RA	Dp
OG0003630	FBtr0087761	CG4663-RA	Pex13
OG0003631	FBtr0087742	CG12765-RA	fsd
OG0003632	FBtr0087760	CG4670-RA	Qsox1
OG0003633	FBtr0087743	CG4676-RA	CG4676
OG0003634	FBtr0087759	CG4679-RA	Ptcd3
OG0003635	FBtr0087744	CG4688-RA	GstE14
OG0003636	FBtr0345532	CG4696-RC	Mp20
OG0003637	FBtr0087757	CG4712-RB	CG4712
OG0003638	FBtr0087756	CG4714-RA	CG4714
OG0003639	FBtr0087747	CG4716-RA	CG4716
OG0003640	FBtr0299740	CG42319-RE	CG42319
OG0003641	FBtr0330736	CG32843-RC	Dh31-R
OG0003642	FBtr0087753	CG17047-RA	CG17047
OG0003643	FBtr0087721	CG17048-RA	CG17048
OG0003644	FBtr0087720	CG10814-RA	CG10814
OG0003645	FBtr0310562	CG43691-RC	CG43691
OG0003646	FBtr0087717	CG4744-RA	CG4744
OG0003647	FBtr0299757	CG42321-RH	ATP8A
OG0003648	FBtr0087714	CG30060-RA	CG30060
OG0003649	FBtr0087663	CG30065-RA	CG30065
OG0003650	FBtr0087664	CG4812-RA	Ser8
OG0003651	FBtr0309891	CG4832-RL	cnn
OG0003653	FBtr0087699	CG6016-RB	bbc
OG0003654	FBtr0087668	CG17064-RA	mars
OG0003655	FBtr0087670	CG6050-RA	mEFTu1
OG0003656	FBtr0301388	CG6061-RB	mip120
OG0003657	FBtr0087671	CG13330-RA	CG13330
OG0003658	FBtr0091492	CG33528-RD	Vmat
OG0003659	FBtr0087673	CG13331-RA	CG13331
OG0003660	FBtr0087674	CG13332-RA	CG13332
OG0003661	FBtr0087676	CG13333-RA	link
OG0003662	FBtr0087677	CG13334-RA	CG13334
OG0003663	FBtr0303818	CG42808-RA	CG42808
OG0003664	FBtr0330618	CG6191-RC	Cables1
OG0003665	FBtr0087623	CG6197-RA	fand
OG0003666	FBtr0087652	CG12464-RA	CG12464
OG0003667	FBtr0087625	CG17716-RA	tei
OG0003668	FBtr0087651	CG6209-RA	CG6209
OG0003669	FBtr0087626	CG13337-RA	CG13337
OG0003670	FBtr0087650	CG6220-RA	Cdc73L
OG0003671	FBtr0087629	CG13338-RA	Cpr50Ca
OG0003672	FBtr0087630	CG6305-RA	Cpr50Cb
OG0003673	FBtr0304694	CG12295-RC	stj
OG0003674	FBtr0087632	CG13339-RA	CG13339
OG0003675	FBtr0087633	CG6329-RA	CG6329
OG0003676	FBtr0087646	CG6337-RA	CG6337
OG0003677	FBtr0087637	CG6347-RA	CtsL2
OG0003678	FBtr0087638	CG6357-RA	CG6357
OG0003679	FBtr0087645	CG10808-RA	Syngr
OG0003680	FBtr0087640	CG30485-RA	CG30485
OG0003681	FBtr0087643	CG6543-RA	Echs1
OG0003682	FBtr0087641	CG13345-RA	tum
OG0003683	FBtr0087585	CG13343-RA	Uba3
OG0003684	FBtr0087622	CG16935-RA	Mecr
OG0003685	FBtr0087586	CG13344-RA	CG13344
OG0003686	FBtr0087621	CG18076-RH	shot
OG0003687	FBtr0087612	CG6671-RC	AGO1
OG0003688	FBtr0100285	CG30481-RA	mRpL53
OG0003689	FBtr0114493	CG13349-RD	Rpn13
OG0003690	FBtr0087593	CG6692-RC	CtsL1
OG0003691	FBtr0087594	CG13348-RA	PheRS-m
OG0003692	FBtr0087609	CG6704-RA	St4
OG0003693	FBtr0087608	CG18568-RA	CG18568
OG0003694	FBtr0303989	CG6701-RB	CG6701
OG0003695	FBtr0087606	CG13350-RA	Ctf4
OG0003696	FBtr0087595	CG8067-RA	CG8067
OG0003697	FBtr0087605	CG8085-RA	RN-tre
OG0003698	FBtr0087596	CG8118-RA	mam
OG0003699	FBtr0087599	CG18371-RA	CG18371
OG0003700	FBtr0087601	CG30483-RA	Prosap
OG0003701	FBtr0299667	CG42287-RA	CG42287
OG0003702	FBtr0299668	CG42288-RA	CG42288
OG0003703	FBtr0310669	CG8233-RE	Rcd1
OG0003704	FBtr0087581	CG13018-RA	CG13018
OG0003705	FBtr0087519	CG13016-RA	CG13016
OG0003706	FBtr0087580	CG8257-RA	CysRS-m
OG0003707	FBtr0087520	CG12366-RA	Ofut1
OG0003708	FBtr0087579	CG8309-RA	eIF3m
OG0003709	FBtr0087523	CG18324-RB	CG18324
OG0003710	FBtr0087578	CG8338-RA	mRpS16
OG0003711	FBtr0339961	CG8367-RL	cg
OG0003712	FBtr0087577	CG8394-RA	Vgat
OG0003713	FBtr0087576	CG8404-RA	Sox15
OG0003714	FBtr0087575	CG8415-RA	RpS23
OG0003715	FBtr0087532	CG8468-RC	CG8468
OG0003716	FBtr0087574	CG8479-RA	Opa1
OG0003717	FBtr0087535	CG8494-RA	Usp20-33
OG0003718	FBtr0087536	CG8503-RA	SmydA-1
OG0003719	FBtr0087568	CG8542-RA	Hsc70-5
OG0003720	FBtr0087538	CG8531-RA	CG8531
OG0003721	FBtr0087539	CG8536-RA	beta4GalNAcTA
OG0003722	FBtr0301203	CG8547-RC	CG8547
OG0003723	FBtr0087564	CG8553-RB	Sps1
OG0003724	FBtr0100372	CG8585-RE	Ih
OG0003725	FBtr0087562	CG8589-RA	tej
OG0003726	FBtr0087546	CG8613-RA	CG8613
OG0003727	FBtr0087561	CG8617-RA	CG8617
OG0003728	FBtr0087560	CG12505-RA	Arc1
OG0003729	FBtr0087547	CG13941-RA	Arc2
OG0003730	FBtr0087548	CG8151-RB	Tfb1
OG0003731	FBtr0087558	CG30067-RB	Obp50a
OG0003732	FBtr0303243	CG30073-RB	Obp50b
OG0003733	FBtr0112378	CG34185-RA	CG34185
OG0003734	FBtr0087556	CG13939-RA	Obp50e
OG0003735	FBtr0087485	CG8422-RA	Dh44-R1
OG0003736	FBtr0087487	CG10105-RA	Sin1
OG0003737	FBtr0087488	CG17386-RA	Achl
OG0003738	FBtr0087516	CG10108-RA	phyl
OG0003739	FBtr0302927	CG42702-RC	L
OG0003740	FBtr0347396	CG46146-RA	PRAS40
OG0003741	FBtr0089258	CG10110-RA	Cpsf160
OG0003742	FBtr0332929	CG8787-RC	Asx
OG0003743	FBtr0087514	CG10112-RA	Cpr51A
OG0003744	FBtr0474168	CG10117-RD	ttv
OG0003745	FBtr0087513		
OG0003746	FBtr0333166	CG10119-RB	LamC
OG0003747	FBtr0087496	CG12869-RA	CG12869
OG0003748	FBtr0087511	CG10122-RA	Polr1A
OG0003749	FBtr0301734	CG30077-RB	Blos1
OG0003750	FBtr0301735	CG12868-RB	CG12868
OG0003751	FBtr0087498	CG10130-RA	Sec61beta
OG0003752	FBtr0087500	CG12863-RA	CG12863
OG0003753	FBtr0087499	CG10131-RA	Had2
OG0003754	FBtr0087484	CG12862-RA	CG12862
OG0003755	FBtr0087433	CG10139-RA	CG10139
OG0003756	FBtr0087481	CG12861-RA	CG12861
OG0003757	FBtr0087480	CG12860-RA	CG12860
OG0003758	FBtr0339981	CG12866-RD	Targ
OG0003759	FBtr0087477	CG10145-RA	mspo
OG0003760	FBtr0087478	CG30480-RA	CG30480
OG0003761	FBtr0087476	CG12858-RA	jef
OG0003762	FBtr0087436	CG10816-RA	Dro
OG0003763	FBtr0087474	CG10149-RA	Rpn6
OG0003764	FBtr0087439	CG30476-RA	ave
OG0003765	FBtr0289934	CG10151-RD	CG10151
OG0003766	FBtr0087440	CG12859-RA	ND-B15
OG0003767	FBtr0087469	CG12857-RA	CG12857
OG0003768	FBtr0329880	CG10155-RC	Spred
OG0003769	FBtr0087441	CG10159-RA	BEAF-32
OG0003770	FBtr0112810	CG10197-RC	kn
OG0003771	FBtr0087444	CG10200-RB	hui
OG0003772	FBtr0087447	CG10205-RA	CG10205
OG0003773	FBtr0087463	CG10207-RA	NaPi-T
OG0003774	FBtr0087461	CG10212-RA	SMC2
OG0003775	FBtr0087448	CG10215-RA	Ercc1
OG0003776	FBtr0087460	CG12797-RA	Ciao1
OG0003777	FBtr0087449	CG12855-RA	HPS1
OG0003778	FBtr0091446	CG33506-RA	CG33506
OG0003779	FBtr0091445	CG33505-RA	U3-55K
OG0003780	FBtr0302294	CG10228-RD	Pcf11
OG0003781	FBtr0087405	CG17453-RA	Cyp317a1
OG0003782	FBtr0112929	CG10249-RD	Kank
OG0003783	FBtr0087428	CG10253-RA	Agps
OG0003784	FBtr0087407	CG10255-RA	Lap1
OG0003785	FBtr0087408	CG10257-RA	CG10257
OG0003786	FBtr0329887	CG42783-RJ	aPKC
OG0003787	FBtr0087409	CG12424-RC	ckn
OG0003788	FBtr0301507	CG7761-RB	pcs
OG0003789	FBtr0087424	CG7639-RB	CG7639
OG0003790	FBtr0087421	CG10265-RA	CG10265
OG0003791	FBtr0305214	CG11798-RF	chn
OG0003793	FBtr0087417	CG7544-RA	CG7544
OG0003794	FBtr0329939	CG8092-RC	row
OG0003795	FBtr0087401	CG8093-RA	vaha
OG0003796	FBtr0087366	CG11808-RA	CG11808
OG0003797	FBtr0087400	CG12954-RA	mRpL41
OG0003798	FBtr0087368	CG8079-RA	CG8079
OG0003799	FBtr0087399	CG8094-RA	Hex-C
OG0003800	FBtr0087398	CG33466-RA	Fs
OG0003801	FBtr0339077	CG44240-RE	Trpm
OG0003802	FBtr0087394	CG8102-RA	ND-51L2
OG0003803	FBtr0087392	CG8152-RA	CG8152
OG0003804	FBtr0087373	CG8153-RC	Xpc
OG0003805	FBtr0087391	CG8155-RA	CG8155
OG0003806	FBtr0087375	CG8156-RD	Arf6
OG0003807	FBtr0114456	CG16801-RC	Hr51
OG0003808	FBtr0087382	CG8166-RA	unc-5
OG0003809	FBtr0087388	CG8169-RA	Pms2
OG0003810	FBtr0087387	CG8171-RA	dup
OG0003811	FBtr0330628	CG8174-RD	SRPK
OG0003812	FBtr0340003	CG8180-RB	CG8180
OG0003813	FBtr0273307	CG12964-RB	CG12964
OG0003814	FBtr0087331	CG8182-RA	Pgant1
OG0003815	FBtr0329957	CG8183-RE	Khc-73
OG0003816	FBtr0087334	CG30467-RA	CG30467
OG0003817	FBtr0087355	CG8187-RA	CG8187
OG0003818	FBtr0087336	CG8190-RA	eIF2Bgamma
OG0003819	FBtr0087354	CG8192-RA	CG8192
OG0003820	FBtr0306569	CG12963-RG	CG12963
OG0003821	FBtr0087353	CG8195-RA	CG8195
OG0003822	FBtr0087352	CG8200-RB	Flo1
OG0003823	FBtr0087350	CG8203-RA	Cdk5
OG0003824	FBtr0087349	CG8204-RA	CG8204
OG0003825	FBtr0087343	CG8205-RF	fus
OG0003826	FBtr0087342	CG8207-RA	Gmppa
OG0003827	FBtr0087341	CG8210-RA	Vha14-1
OG0003828	FBtr0087278	CG33139-RA	Impbeta11
OG0003829	FBtr0087320	CG8214-RA	Cep89
OG0003830	FBtr0087319	CG30080-RA	CG30080
OG0003831	FBtr0100388	CG30084-RF	Zasp52
OG0003832	FBtr0301048	CG33465-RC	CG33465
OG0003833	FBtr0087311	CG8246-RA	Poxn
OG0003834	FBtr0087310	CG8249-RA	CG8249
OG0003835	FBtr0087287	CG8253-RA	tun
OG0003836	FBtr0308816	CG12970-RC	cGlr1
OG0003837	FBtr0087307	CG8256-RC	Gpo1
OG0003838	FBtr0087306	CG30085-RA	Rif1
OG0003839	FBtr0330734	CG43758-RF	sli
OG0003840	FBtr0087298	CG8291-RA	bdg
OG0003841	FBtr0087296	CG8293-RA	Diap2
OG0003842	FBtr0087290	CG8297-RA	bug
OG0003843	FBtr0087295	CG8295-RD	Mlf
OG0003844	FBtr0087291	CG8299-RA	CG8299
OG0003845	FBtr0114558	CG8302-RB	Cyp4aa1
OG0003846	FBtr0087201	CG8366-RA	CG8366
OG0003847	FBtr0087268	CG8314-RA	CG8314
OG0003848	FBtr0087267	CG8315-RA	Pex11ab
OG0003849	FBtr0087202	CG8320-RA	Tmem208
OG0003850	FBtr0300596	CG8322-RD	Acly
OG0003851	FBtr0087203	CG8370-RA	Tmem131
OG0003852	FBtr0087264	CG8386-RA	Ufc1
OG0003853	FBtr0087263	CG8388-RA	CG8388
OG0003854	FBtr0087204	CG8389-RB	CG8389
OG0003855	FBtr0087262	CG8392-RA	Prosbeta1
OG0003856	FBtr0087206	CG8395-RA	Rrp42
OG0003857	FBtr0087261	CG8397-RA	EMC7
OG0003858	FBtr0340018	CG8399-RB	CG8399
OG0003859	FBtr0087259	CG8400-RA	casp
OG0003860	FBtr0301196	CG8401-RB	CG8401
OG0003861	FBtr0087209	CG8403-RA	SP2353
OG0003862	FBtr0087210	CG8405-RA	CG8405
OG0003863	FBtr0306238	CG18250-RD	Dg
OG0003864	FBtr0111011	CG34147-RA	mRpL34
OG0003865	FBtr0087255	CG8414-RA	Nol9
OG0003866	FBtr0087211	CG8416-RA	Rho1
OG0003867	FBtr0087254	CG8418-RA	Ric
OG0003868	FBtr0336734	CG8421-RL	Asph
OG0003869	FBtr0087222	CG8424-RA	Jhedup
OG0003870	FBtr0087223	CG8425-RA	Jhe
OG0003871	FBtr0087236	CG8440-RA	Lis-1
OG0003872	FBtr0087247	CG8441-RA	CG8441
OG0003873	FBtr0087242	CG8443-RA	clu
OG0003874	FBtr0087245	CG8445-RA	caly
OG0003875	FBtr0339085	CG44242-RB	CG44242
OG0003876	FBtr0303860	CG42837-RA	CG42837
OG0003877	FBtr0339086	CG44243-RA	Lipt1
OG0003878	FBtr0087244	CG18247-RA	Shark
OG0003879	FBtr0113084	CG8448-RE	mrj
OG0003880	FBtr0087192	CG7798-RA	CG7798
OG0003881	FBtr0087191	CG15706-RA	CG15706
OG0003882	FBtr0087130	CG3666-RA	Tsf3
OG0003883	FBtr0087132	CG3687-RA	CG3687
OG0003884	FBtr0087189	CG15707-RA	krimp
OG0003885	FBtr0087188	CG15708-RA	CG15708
OG0003886	FBtr0302925	CG42701-RB	CngA
OG0003887	FBtr0089871	CG3730-RA	csul
OG0003888	FBtr0087184	CG7765-RA	Khc
OG0003889	FBtr0087135	CG33017-RB	CG33017
OG0003890	FBtr0087183	CG7760-RA	cato
OG0003891	FBtr0087137	CG15705-RA	CG15705
OG0003892	FBtr0087182	CG7755-RA	CG7755
OG0003893	FBtr0087181	CG30324-RA	CG30324
OG0003894	FBtr0087139	CG3767-RA	JhI-26
OG0003895	FBtr0087140	CG30100-RA	CG30100
OG0003896	FBtr0087179	CG7747-RA	CG7747
OG0003897	FBtr0329958	CG3615-RB	Atg9
OG0003898	FBtr0112650	CG34399-RC	Nox
OG0003899	FBtr0087178	CG8060-RA	CG8060
OG0003900	FBtr0290031	CG8048-RE	Vha44
OG0003901	FBtr0087145	CG4311-RA	Hmgs
OG0003902	FBtr0087150	CG6251-RA	Nup62
OG0003903	FBtr0087170	CG7989-RA	wcd
OG0003904	FBtr0087152	CG6262-RA	Trehl
OG0003905	FBtr0087167	CG15711-RA	CG15711
OG0003906	FBtr0306048	CG43187-RA	CG43187
OG0003907	FBtr0087157	CG4398-RA	jtb
OG0003908	FBtr0087160	CG7848-RA	CG7848
OG0003909	FBtr0113085	CG4409-RB	CG4409
OG0003910	FBtr0087159	CG15925-RA	Parp16
OG0003911	FBtr0087127	CG15712-RA	CG15712
OG0003912	FBtr0087126	CG7813-RA	knon
OG0003913	FBtr0087097	CG4905-RE	Syn2
OG0003914	FBtr0330002	CG8380-RB	DAT
OG0003915	FBtr0087099	CG4945-RB	CG4945
OG0003916	FBtr0087123	CG8332-RA	RpS15
OG0003917	FBtr0306005	CG8317-RB	Lst
OG0003918	FBtr0087102	CG5072-RC	Cdk4
OG0003919	FBtr0087105	CG4918-RA	RpLP2
OG0003920	FBtr0087120	CG8306-RA	CG8306
OG0003921	FBtr0340064	CG8303-RC	CG8303
OG0003922	FBtr0087107	CG5089-RA	CG5089
OG0003923	FBtr0087108	CG5065-RA	CG5065
OG0003924	FBtr0087118	CG8250-RA	Alk
OG0003925	FBtr0087109	CG18471-RA	gprs
OG0003926	FBtr0112763	CG34457-RA	CG34457
OG0003927	FBtr0112764	CG34458-RA	CG34458
OG0003928	FBtr0087083	CG15617-RA	CG15617
OG0003929	FBtr0087082	CG8626-RA	Acp53C14a
OG0003930	FBtr0087081	CG15616-RA	Acp53C14b
OG0003931	FBtr0087079	CG8566-RD	unc-104
OG0003932	FBtr0087078	CG8905-RA	Sod2
OG0003933	FBtr0087026	CG5522-RA	RalGPS
OG0003934	FBtr0087032	CG15919-RA	CG15919
OG0003935	FBtr0300552	CG15615-RB	CG15615
OG0003936	FBtr0112765	CG34459-RA	CG34459
OG0003937	FBtr0087036	CG5859-RA	IntS8
OG0003938	FBtr0087075	CG8648-RA	Fen1
OG0003939	FBtr0100437	CG5935-RB	Dek
OG0003940	FBtr0087074	CG8912-RC	Psi
OG0003941	FBtr0332947	CG6341-RB	eEF1beta
OG0003942	FBtr0087042	CG6426-RA	CG6426
OG0003943	FBtr0087043	CG6421-RA	CG6421
OG0003944	FBtr0087045	CG6435-RA	CG6435
OG0003945	FBtr0087071	CG8910-RA	CG8910
OG0003946	FBtr0340070	CG6472-RB	CG6472
OG0003947	FBtr0087070	CG9013-RA	Vha16-4
OG0003948	FBtr0112384	CG34191-RA	Ufm1
OG0003949	FBtr0339071	CG44239-RA	PIG-V
OG0003950	FBtr0087054	CG6665-RC	CG6665
OG0003951	FBtr0087056	CG6702-RA	Cbp53E
OG0003952	FBtr0100120	CG9002-RA	ste24c
OG0003953	FBtr0087060	CG9001-RA	ste24b
OG0003954	FBtr0087059	CG9000-RA	ste24a
OG0003955	FBtr0087057	CG6796-RA	AsnRS-m
OG0003956	FBtr0087058	CG8980-RA	NiPp1
OG0003957	FBtr0086966	CG6805-RA	CG6805
OG0003958	FBtr0114627	CG15609-RF	Ehbp1
OG0003959	FBtr0087016	CG8963-RA	Paip1
OG0003960	FBtr0086968	CG6829-RB	Dark
OG0003961	FBtr0086970	CG9635-RF	RhoGEF2
OG0003962	FBtr0086972	CG9640-RA	SmydA-7
OG0003963	FBtr0086973	CG9642-RA	SmydA-6
OG0003964	FBtr0086974	CG9646-RA	CG9646
OG0003965	FBtr0086975	CG6953-RA	fat-spondin
OG0003966	FBtr0087013	CG8950-RA	Gtf3c3
OG0003967	FBtr0300276	CG6967-RC	Mov10
OG0003968	FBtr0087010	CG30460-RC	CG30460
OG0003969	FBtr0087007	CG8946-RA	Sply
OG0003970	FBtr0086979	CG6984-RA	CG6984
OG0003971	FBtr0333551	CG8938-RD	GstS1
OG0003972	FBtr0273336		
OG0003973	FBtr0086982	CG15611-RA	CG15611
OG0003974	FBtr0110777	CG10956-RB	Spn53F
OG0003975	FBtr0087002	CG15605-RA	CG15605
OG0003976	FBtr0086984	CG15918-RA	Cda9
OG0003977	FBtr0086986	CG15917-RA	Gbp1
OG0003978	FBtr0086987	CG11395-RA	Gbp2
OG0003979	FBtr0304891	CG43103-RA	CG43103
OG0003980	FBtr0087000	CG17287-RA	CG17287
OG0003981	FBtr0086998	CG30457-RA	CG30457
OG0003982	FBtr0086996	CG18469-RA	CG18469
OG0003983	FBtr0336940	CG33197-RR	mbl
OG0003984	FBtr0086909	CG10939-RA	CG10939
OG0003985	FBtr0086964	CG6568-RA	Camp
OG0003986	FBtr0086963	CG30101-RA	Vajk4
OG0003987	FBtr0086910	CG10938-RA	Prosalpha5
OG0003988	FBtr0086962	CG6556-RA	cnk
OG0003989	FBtr0086913	CG4798-RB	l(2)k01209
OG0003990	FBtr0086961	CG6550-RA	CG6550
OG0003991	FBtr0329993	CG4802-RB	Mtap
OG0003992	FBtr0086960	CG6546-RA	Bap55
OG0003993	FBtr0086917	CG18468-RA	Lhr
OG0003994	FBtr0340213	CG6542-RC	EDTP
OG0003995	FBtr0086918	CG18467-RA	psv
OG0003996	FBtr0086921	CG14478-RA	CG14478
OG0003997	FBtr0086954	CG6522-RA	Tes
OG0003998	FBtr0331464	CG4816-RE	qkr54B
OG0003999	FBtr0086953	CG6520-RA	insb
OG0004000	FBtr0086929	CG30103-RA	CG30103
OG0004001	FBtr0305703	CG43164-RC	nw
OG0004002	FBtr0086935	CG4847-RD	CtsK2
OG0004003	FBtr0086938	CG4853-RA	CG4853
OG0004004	FBtr0086951	CG11419-RA	APC10
OG0004005	FBtr0332260	CG33130-RI	Patronin
OG0004006	FBtr0086941	CG4878-RB	eIF3b
OG0004007	FBtr0307337	CG43370-RD	Cc2d2a
OG0004008	FBtr0112387	CG34194-RA	CG34194
OG0004009	FBtr0086945	CG4886-RA	cyp33
OG0004010	FBtr0086947	CG6510-RA	RpL18A
OG0004011	FBtr0086827	CG14480-RA	CG14480
OG0004012	FBtr0086906	CG6501-RA	Ns2
OG0004014	FBtr0086836	CG4954-RA	eIF3c
OG0004015	FBtr0273298	CG30108-RB	Triap1
OG0004016	FBtr0340271	CG30109-RB	Triap2
OG0004017	FBtr0086892	CG6459-RA	P32
OG0004018	FBtr0086890	CG6446-RA	Sema1b
OG0004019	FBtr0301265	CG42561-RA	CG42561
OG0004020	FBtr0086840	CG4966-RA	HPS4
OG0004021	FBtr0086889	CG14485-RA	swi2
OG0004022	FBtr0086888	CG17818-RA	rdgBbeta
OG0004023	FBtr0086886	CG6424-RA	CG6424
OG0004024	FBtr0086859	CG10934-RA	CG10934
OG0004025	FBtr0086860	CG10933-RA	Dlish
OG0004026	FBtr0086885	CG6410-RA	Snx16
OG0004027	FBtr0299816	CG4975-RC	CG4975
OG0004028	FBtr0301182	CG4984-RC	CG4984
OG0004029	FBtr0112388	CG34195-RA	CG34195
OG0004030	FBtr0086883	CG6406-RB	Hyccin
OG0004031	FBtr0086882	CG6401-RA	PIG-A
OG0004032	FBtr0086864	CG4996-RA	Vps50
OG0004033	FBtr0086865	CG14487-RA	Ir54a
OG0004034	FBtr0086881	CG12298-RA	sub
OG0004035	FBtr0089545	CG10931-RA	CG10931
OG0004036	FBtr0089560	CG6385-RA	Sardh
OG0004037	FBtr0089559	CG6370-RA	OstDelta
OG0004038	FBtr0089558	CG14488-RA	CG14488
OG0004039	FBtr0089557	CG18635-RA	CG18635
OG0004040	FBtr0089556	CG6362-RA	CG6362
OG0004041	FBtr0089554	CG6355-RA	fab1
OG0004042	FBtr0089549	CG5032-RA	aft
OG0004043	FBtr0089550	CG5033-RA	CG5033
OG0004044	FBtr0299706	CG42311-RJ	grh
OG0004045	FBtr0086799	CG14489-RA	olf186-M
OG0004046	FBtr0273321	CG30323-RB	CG30323
OG0004047	FBtr0114614	CG11430-RE	Orai
OG0004048	FBtr0086801	CG14490-RA	CG14490
OG0004049	FBtr0086825	CG5785-RB	thr
OG0004050	FBtr0113091	CG5784-RC	Mapmodulin
OG0004051	FBtr0086818	CG14492-RA	CG14492
OG0004052	FBtr0086802	CG5076-RA	Elk
OG0004053	FBtr0300215	CG33996-RB	dpr13
OG0004054	FBtr0086804	CG5084-RA	CG5084
OG0004055	FBtr0089630	CG10910-RB	CG10910
OG0004056	FBtr0086813	CG5773-RA	CG5773
OG0004057	FBtr0473584	CG14495-RC	CG14495
OG0004058	FBtr0112627	CG34386-RC	CG34386
OG0004059	FBtr0086787	CG5757-RA	Dtymk
OG0004060	FBtr0329994	CG5098-RC	CG5098
OG0004061	FBtr0330001	CG5756-RC	CG5756
OG0004062	FBtr0112389	CG34196-RA	CG34196
OG0004063	FBtr0086783	CG5753-RA	stau
OG0004064	FBtr0086733	CG10913-RA	Spn55B
OG0004065	FBtr0086734	CG12767-RA	Dlip3
OG0004066	FBtr0110966	CG5748-RD	Hsf
OG0004067	FBtr0086735	CG5109-RA	Pcl
OG0004068	FBtr0086781	CG17680-RA	EMRE
OG0004069	FBtr0330000	CG5742-RC	CG5742
OG0004070	FBtr0086744	CG5124-RA	adp
OG0004071	FBtr0086745	CG10914-RA	CG10914
OG0004072	FBtr0086746	CG10915-RA	Naus
OG0004073	FBtr0086775	CG5733-RA	Nup75
OG0004074	FBtr0300664	CG42517-RC	MED9
OG0004075	FBtr0300662	CG42518-RA	CG42518
OG0004076	FBtr0086773	CG5729-RA	Gtpbp1
OG0004077	FBtr0086749	CG10916-RA	CG10916
OG0004078	FBtr0086772	CG5726-RA	CG5726
OG0004079	FBtr0086750	CG5140-RA	nopo
OG0004080	FBtr0086771	CG5721-RA	CG5721
OG0004081	FBtr0099994	CG33958-RA	CG33958
OG0004082	FBtr0086754	CG10917-RA	fj
OG0004083	FBtr0086768	CG5581-RA	Ote
OG0004084	FBtr0089842	CG33198-RA	pen-2
OG0004085	FBtr0086756	CG14502-RA	CG14502
OG0004086	FBtr0307185	CG18540-RB	CG18540
OG0004087	FBtr0110803	CG14505-RB	CG14505
OG0004088	FBtr0086729	CG15066-RA	BomBc1
OG0004089	FBtr0086668	CG5154-RA	Idgf5
OG0004090	FBtr0086726	CG17522-RA	GstE10
OG0004091	FBtr0086672	CG17525-RA	GstE4
OG0004092	FBtr0086677	CG17534-RA	GstE9
OG0004093	FBtr0086725	CG5576-RA	imd
OG0004094	FBtr0086679	CG5170-RD	Dp1
OG0004095	FBtr0306637	CG5174-RO	CG5174
OG0004096	FBtr0086691	CG12263-RA	PIG-O
OG0004097	FBtr0086693	CG5186-RA	slim
OG0004098	FBtr0086694	CG5189-RA	Lamtor2
OG0004099	FBtr0086723	CG5519-RA	Prp19
OG0004100	FBtr0299806	CG30120-RB	CG30120
OG0004101	FBtr0086696	CG5190-RA	rswl
OG0004102	FBtr0086722	CG17669-RA	Dnaaf3
OG0004103	FBtr0086720	CG30116-RA	CG30116
OG0004104	FBtr0086697	CG5224-RA	GstE11
OG0004105	FBtr0304867	CG43066-RC	CG43066
OG0004106	FBtr0300421	CG30115-RE	GEFmeso
OG0004107	FBtr0302904	CG42697-RA	CG42697
OG0004108	FBtr0086705	CG10927-RA	CG10927
OG0004109	FBtr0086714	CG5497-RA	mRpS28
OG0004110	FBtr0086706	CG5323-RA	CG5323
OG0004111	FBtr0086707	CG5327-RA	CG5327
OG0004112	FBtr0086713	CG5493-RA	Cdo
OG0004113	FBtr0086712	CG5489-RA	Atg7
OG0004114	FBtr0086708	CG5335-RA	ctg
OG0004115	FBtr0086709	CG5341-RA	Sec6
OG0004116	FBtr0086710	CG5345-RA	Cth
OG0004117	FBtr0086661	CG5482-RA	zda
OG0004118	FBtr0086657	CG5473-RA	Ntan1
OG0004119	FBtr0086654	CG5469-RD	amls
OG0004120	FBtr0340390	CG33136-RB	CG33136
OG0004121	FBtr0086652	CG15085-RA	edl
OG0004122	FBtr0340487	CG44435-RA	CG44435
OG0004123	FBtr0340486	CG44434-RA	CG44434
OG0004124	FBtr0340485	CG44433-RA	CG44433
OG0004125	FBtr0304025	CG42856-RB	Sik3
OG0004126	FBtr0086607	CG15073-RA	CG15073
OG0004127	FBtr0086647	CG15087-RA	Vps51
OG0004128	FBtr0100053	CG33998-RA	CG33998
OG0004129	FBtr0086643	CG18609-RA	mElo
OG0004130	FBtr0086642	CG17821-RA	CG17821
OG0004131	FBtr0086609	CG15077-RA	Cyp12b2
OG0004132	FBtr0299943	CG42351-RC	Jabba
OG0004133	FBtr0330004	CG15078-RD	Mctp
OG0004134	FBtr0086639	CG15093-RB	Hibadh
OG0004135	FBtr0086613	CG15080-RA	CG15080
OG0004137	FBtr0086634	CG15095-RB	MFS14
OG0004138	FBtr0112862	CG15081-RE	Phb2
OG0004139	FBtr0330605	CG15097-RE	CG15097
OG0004140	FBtr0086617	CG15082-RA	CG15082
OG0004141	FBtr0086629	CG15098-RA	CG15098
OG0004142	FBtr0086618	CG15083-RA	CG15083
OG0004143	FBtr0330054	CG15099-RB	CG15099
OG0004144	FBtr0086627	CG15100-RA	MetRS
OG0004145	FBtr0086619	CG15084-RA	CG15084
OG0004146	FBtr0273238	CG18190-RB	EB-SUN
OG0004147	FBtr0086622	CG15106-RA	Jheh3
OG0004148	FBtr0086620	CG12763-RA	DptA
OG0004149	FBtr0086602	CG30329-RA	Vha100-3
OG0004150	FBtr0344564	CG12758-RF	sano
OG0004151	FBtr0086601	CG18608-RA	prod
OG0004152	FBtr0331978	CG15107-RB	CG15107
OG0004153	FBtr0086570	CG15104-RA	Topors
OG0004154	FBtr0302494	CG18605-RB	CG18605
OG0004155	FBtr0114622	CG15105-RC	tn
OG0004156	FBtr0330056	CG15113-RE	5-HT1B
OG0004157	FBtr0086597	CG15115-RA	CG15115
OG0004158	FBtr0086596	CG15116-RA	Gpxl
OG0004159	FBtr0299568	CG15109-RE	CG15109
OG0004160	FBtr0474126	CG16720-RC	5-HT1A
OG0004161	FBtr0086579	CG15110-RA	botv
OG0004162	FBtr0086590	CG15118-RA	CG15118
OG0004163	FBtr0086580	CG15111-RB	CG15111
OG0004164	FBtr0114623	CG15112-RF	ena
OG0004165	FBtr0290312	CG10737-RT	CG10737
OG0004166	FBtr0086504	CG7097-RA	hppy
OG0004167	FBtr0086505	CG7137-RA	CG7137
OG0004168	FBtr0086509	CG11949-RA	cora
OG0004169	FBtr0086510	CG7225-RA	wbl
OG0004170	FBtr0086511	CG7229-RA	tbrd-2
OG0004171	FBtr0330058	CG7230-RC	rib
OG0004172	FBtr0086563	CG11906-RA	CG11906
OG0004173	FBtr0086514	CG18607-RA	AANATL4
OG0004174	FBtr0086515	CG11001-RA	Fkbp12
OG0004175	FBtr0086560	CG15119-RA	mip40
OG0004176	FBtr0086516	CG7417-RA	Tab2
OG0004177	FBtr0300283	CG7461-RB	Acadvl
OG0004178	FBtr0086558	CG9834-RA	EndoB
OG0004179	FBtr0302390	CG34045-RB	CG34045
OG0004180	FBtr0086518	CG9975-RA	fest
OG0004182	FBtr0086551	CG10460-RA	cer
OG0004183	FBtr0309113	CG43443-RP	hts
OG0004184	FBtr0114605	CG10023-RD	Fak
OG0004185	FBtr0086531	CG7626-RA	Spt5
OG0004186	FBtr0086533	CG7726-RA	RpL11
OG0004187	FBtr0086534	CG7735-RA	Arl6
OG0004188	FBtr0086540	CG9291-RA	EloC
OG0004189	FBtr0086535	CG7744-RA	CG7744
OG0004190	FBtr0330245	CG8201-RX	par-1
OG0004191	FBtr0086502	CG11242-RA	Tbcb
OG0004192	FBtr0086501	CG11237-RA	Oseg6
OG0004193	FBtr0086462	CG8432-RA	Rep
OG0004194	FBtr0086500	CG11228-RA	hpo
OG0004195	FBtr0086463	CG15120-RA	CG15120
OG0004196	FBtr0086499	CG16926-RA	CG16926
OG0004197	FBtr0086464	CG11007-RA	Tmx2
OG0004198	FBtr0086465		
OG0004199	FBtr0086327	CG8462-RA	Obp56e
OG0004200	FBtr0086329	CG8517-RA	CG8517
OG0004201	FBtr0086343	CG13873-RB	Obp56g
OG0004202	FBtr0086340	CG8654-RA	CG8654
OG0004203	FBtr0300692	CG11041-RB	CG11041
OG0004204	FBtr0086324	CG16894-RA	CG16894
OG0004205	FBtr0086313	CG11044-RA	CG11044
OG0004206	FBtr0086315	CG11099-RA	CG11099
OG0004207	FBtr0086323	CG13869-RA	CG13869
OG0004208	FBtr0086322	CG11208-RA	Hacl
OG0004209	FBtr0086321	CG11209-RA	ppk6
OG0004210	FBtr0086320	CG9864-RA	CG9864
OG0004211	FBtr0336634	CG9204-RD	Ate1
OG0004212	FBtr0086270	CG11055-RB	Hsl
OG0004213	FBtr0086306	CG9183-RA	plu
OG0004214	FBtr0339542	CG8908-RE	CG8908
OG0004215	FBtr0086277	CG11788-RA	CG11788
OG0004216	FBtr0086304	CG9143-RA	CG9143
OG0004217	FBtr0086302	CG16868-RA	CG16868
OG0004218	FBtr0086278	CG8914-RA	CkIIbeta2
OG0004219	FBtr0086299	CG11200-RB	Ppdh
OG0004220	FBtr0086298		
OG0004221	FBtr0086282	CG13871-RA	CG13871
OG0004222	FBtr0086280	CG8920-RB	tapas
OG0004223	FBtr0086297	CG13867-RA	MED8
OG0004224	FBtr0086284	CG8929-RB	CG8929
OG0004225	FBtr0086286	CG16739-RA	CG16739
OG0004226	FBtr0086288	CG13870-RA	CG13870
OG0004227	FBtr0086289	CG16741-RA	CG16741
OG0004228	FBtr0290122	CG11192-RB	CG11192
OG0004229	FBtr0112775	CG12484-RB	side-VIII
OG0004230	FBtr0086295	CG13426-RA	CG13426
OG0004231	FBtr0086214	CG13422-RA	GNBP-like3
OG0004232	FBtr0086216	CG18067-RA	Bbd
OG0004233	FBtr0086217	CG13423-RA	CG13423
OG0004234	FBtr0086268	CG13427-RA	CG13427
OG0004235	FBtr0086267	CG13428-RA	CG13428
OG0004236	FBtr0086266	CG30148-RA	CG30148
OG0004237	FBtr0086263	CG18066-RA	Cpr57A
OG0004238	FBtr0100495	CG13430-RA	CG13430
OG0004239	FBtr0100677	CG18065-RA	BORCS7
OG0004240	FBtr0342701	CG13424-RB	lms
OG0004241	FBtr0086259	CG13431-RA	Mgat1
OG0004242	FBtr0086221	CG13425-RC	HnRNP-K
OG0004243	FBtr0086255	CG30147-RB	Hil
OG0004244	FBtr0086225	CG9945-RB	CG9945
OG0004245	FBtr0086254	CG11180-RA	CG11180
OG0004246	FBtr0086253	CG11175-RA	Rcd6
OG0004247	FBtr0086252	CG30149-RB	rig
OG0004248	FBtr0086229	CG13436-RA	CG13436
OG0004249	FBtr0342716	CG9954-RB	maf-S
OG0004250	FBtr0086231	CG11110-RA	Immp2
OG0004251	FBtr0091786	CG33785-RA	Polr3K
OG0004252	FBtr0086232	CG11132-RA	DMAP1
OG0004253	FBtr0342717	CG11136-RC	Lrt
OG0004254	FBtr0086249	CG16799-RA	CG16799
OG0004255	FBtr0086248	CG11159-RA	CG11159
OG0004256	FBtr0086235	CG13437-RA	CG13437
OG0004257	FBtr0086245	CG9025-RA	Fem-1
OG0004258	FBtr0086242	CG8994-RA	exu
OG0004259	FBtr0086236	CG30152-RA	galla1
OG0004260	FBtr0086241	CG13441-RA	Gr57a
OG0004261	FBtr0086237	CG13438-RA	CG13438
OG0004262	FBtr0086240	CG13442-RA	CG13442
OG0004263	FBtr0112395	CG34202-RA	CG34202
OG0004264	FBtr0086239	CG13443-RA	CG13443
OG0004266	FBtr0310388	CG43668-RA	CG43668
OG0004267	FBtr0342791	CG15225-RB	CG15225
OG0004268	FBtr0071562	CG11312-RA	insc
OG0004269	FBtr0335284	CG15227-RB	CAH14
OG0004270	FBtr0113368	CG30295-RB	Ipk1
OG0004271	FBtr0304717	CG9236-RB	Cib2
OG0004272	FBtr0071556	CG33152-RA	hbn
OG0004273	FBtr0071555	CG15649-RA	CG15649
OG0004274	FBtr0110813	CG34115-RA	CG34115
OG0004275	FBtr0071520	CG9344-RA	CG9344
OG0004276	FBtr0071554	CG15650-RA	CG15650
OG0004277	FBtr0342788	CG9313-RB	CG9313
OG0004278	FBtr0071553	CG15651-RA	CG15651
OG0004279	FBtr0273396	CG3216-RC	CG3216
OG0004280	FBtr0273414	CG3221-RB	dgt3
OG0004281	FBtr0071522	CG9327-RA	Prosalpha3
OG0004282	FBtr0332594	CG10543-RF	CG10543
OG0004283	FBtr0071549	CG30291-RA	CG30291
OG0004284	FBtr0071548	CG33133-RA	grau
OG0004285	FBtr0071526	CG9346-RA	CG9346
OG0004286	FBtr0071547	CG3295-RA	Sou
OG0004287	FBtr0071528	CG30296-RC	RIC-3
OG0004288	FBtr0071530	CG9350-RA	ND-B14.7
OG0004289	FBtr0071546	CG3722-RA	shg
OG0004290	FBtr0071532	CG10540-RA	cpa
OG0004291	FBtr0071545	CG15653-RA	CG15653
OG0004292	FBtr0071533	CG9353-RA	mRpL54
OG0004293	FBtr0071534	CG9357-RA	Cht8
OG0004294	FBtr0071544	CG30293-RA	Cht12
OG0004295	FBtr0071541	CG10527-RA	CG10527
OG0004296	FBtr0071539	CG9364-RC	Treh
OG0004297	FBtr0071640	CG4030-RA	Rbpn-5
OG0004298	FBtr0071639	CG4038-RA	Gar1
OG0004299	FBtr0342842	CG9398-RC	ktub
OG0004300	FBtr0071567	CG9394-RA	CG9394
OG0004301	FBtr0071637	CG4050-RA	Tmtc3
OG0004302	FBtr0071569	CG9401-RA	mago
OG0004303	FBtr0071636	CG30388-RA	Magi
OG0004304	FBtr0071570	CG9406-RA	CG9406
OG0004305	FBtr0071573	CG9418-RA	Hmg-2
OG0004306	FBtr0071635	CG15657-RA	CG15657
OG0004307	FBtr0330235	CG30389-RE	CG30389
OG0004308	FBtr0113100	CG4266-RB	Isha
OG0004309	FBtr0071575	CG9437-RA	hng1
OG0004310	FBtr0071628	CG4279-RA	LSm1
OG0004311	FBtr0071576	CG9433-RA	Xpd
OG0004312	FBtr0071627	CG4286-RA	CG4286
OG0004313	FBtr0071580	CG9441-RA	Pu
OG0004314	FBtr0071582	CG9450-RA	tud
OG0004315	FBtr0071583	CG15658-RA	Lapsyn
OG0004316	FBtr0339089	CG44244-RE	Gyg
OG0004317	FBtr0071623	CG18375-RB	ASPP
OG0004318	FBtr0342882	CG34397-RE	Rgk3
OG0004319	FBtr0112396	CG34203-RA	CG34203
OG0004320	FBtr0071590	CG10069-RB	MFS16
OG0004321	FBtr0071618	CG30392-RA	CG30392
OG0004322	FBtr0071617	CG30390-RA	Sgf29
OG0004323	FBtr0071616	CG9752-RA	CG9752
OG0004324	FBtr0344189	CG42672-RP	Arms
OG0004325	FBtr0071615	CG9754-RA	Panx
OG0004326	FBtr0071600	CG9485-RB	Agl
OG0004327	FBtr0071613	CG30394-RB	CG30394
OG0004328	FBtr0342890	CG9696-RG	dom
OG0004329	FBtr0300455	CG15666-RD	BBS9
OG0004330	FBtr0071612	CG9822-RA	CG9822
OG0004331	FBtr0071611	CG17974-RA	CG17974
OG0004332	FBtr0071610	CG15671-RA	cv-2
OG0004333	FBtr0071608	CG9841-RA	eEFSec
OG0004334	FBtr0342894	CG10497-RJ	Sdc
OG0004335	FBtr0071641	CG15667-RA	Sara
OG0004336	FBtr0306013	CG9847-RD	Fkbp14
OG0004337	FBtr0071701	CG10496-RA	TAF1C-like
OG0004338	FBtr0089705	CG15669-RI	MESK2
OG0004339	FBtr0071700	CG10494-RA	CG10494
OG0004340	FBtr0300951	CG30286-RB	CG30286
OG0004341	FBtr0071695	CG30287-RA	CG30287
OG0004342	FBtr0071654	CG10079-RB	Egfr
OG0004343	FBtr0308642	CG10440-RB	twz
OG0004344	FBtr0342898	CG30222-RG	CG30222
OG0004345	FBtr0071690	CG10433-RA	CG10433
OG0004346	FBtr0071688	CG18870-RA	CG18870
OG0004347	FBtr0071687	CG9858-RA	clt
OG0004348	FBtr0071686	CG9856-RA	PTP-ER
OG0004349	FBtr0071658	CG10080-RA	mahj
OG0004350	FBtr0071659	CG15674-RA	CG15674
OG0004351	FBtr0330228	CG10321-RB	CG10321
OG0004352	FBtr0071661	CG10082-RA	Ip6k
OG0004353	FBtr0071684	CG30284-RA	CG30284
OG0004354	FBtr0071663	CG10320-RA	ND-B12
OG0004355	FBtr0071683	CG9862-RA	Rae1
OG0004356	FBtr0071682	CG15678-RA	pirk
OG0004357	FBtr0299964	CG42365-RA	CG42365
OG0004358	FBtr0071680	CG9865-RA	PIG-M
OG0004359	FBtr0299990	CG42379-RA	CG42379
OG0004360	FBtr0299989	CG42381-RA	CG42381
OG0004361	FBtr0071666	CG10318-RA	NC2alpha
OG0004362	FBtr0273308	CG30263-RB	stum
OG0004363	FBtr0071670	CG10306-RA	eIF3k
OG0004364	FBtr0071679	CG9874-RA	Tbp
OG0004365	FBtr0071678	CG30285-RA	BaraC
OG0004366	FBtr0071671	CG10307-RA	CG10307
OG0004367	FBtr0071676	CG9878-RA	Tim10
OG0004368	FBtr0071672	CG30290-RA	Ppcdc
OG0004369	FBtr0071675	CG17922-RA	CngB
OG0004370	FBtr0114523	CG30403-RB	CG30403
OG0004371	FBtr0071708	CG17950-RA	HmgD
OG0004372	FBtr0071746	CG30404-RA	Tango11
OG0004373	FBtr0071710	CG30398-RA	CG30398
OG0004374	FBtr0071713	CG17952-RC	LBR
OG0004375	FBtr0071714	CG7975-RA	Grx1t
OG0004376	FBtr0071745	CG4402-RA	Loxl2
OG0004377	FBtr0112397	CG34204-RA	CG34204
OG0004378	FBtr0071744	CG18735-RA	CG18735
OG0004379	FBtr0071743	CG4386-RA	tpr
OG0004380	FBtr0302446	CG13492-RD	CG13492
OG0004381	FBtr0071740	CG4363-RA	CG4363
OG0004382	FBtr0071739	CG4377-RA	CG4377
OG0004383	FBtr0071720	CG9294-RB	CG9294
OG0004384	FBtr0071735	CG13493-RA	comr
OG0004385	FBtr0112593	CG34368-RC	Fili
OG0004386	FBtr0342977	CG13488-RC	CG13488
OG0004387	FBtr0112594	CG34369-RA	ppk9
OG0004388	FBtr0071726	CG9304-RA	CG9304
OG0004389	FBtr0071727	CG13491-RA	Gr58c
OG0004390	FBtr0071732	CG13495-RA	Gr58b
OG0004391	FBtr0071731	CG30401-RA	dany
OG0004392	FBtr0299544	CG34370-RG	CG34370
OG0004393	FBtr0071749	CG9308-RA	CG9308
OG0004394	FBtr0071804	CG13501-RA	CG13501
OG0004395	FBtr0339103	CG44249-RA	miso
OG0004396	FBtr0071803	CG11475-RA	CG11475
OG0004397	FBtr0071802	CG11474-RA	CG11474
OG0004398	FBtr0071800	CG2921-RA	CG2921
OG0004399	FBtr0071755	CG6437-RA	GlcT
OG0004400	FBtr0071756	CG6562-RB	Synj
OG0004401	FBtr0071799	CG13502-RA	CG13502
OG0004402	FBtr0071797	CG11073-RA	flap
OG0004403	FBtr0071758	CG6613-RA	Plekhm1
OG0004404	FBtr0113104	CG13503-RG	Vrp1
OG0004405	FBtr0473598	CG30280-RD	CG30280
OG0004406	FBtr0071760	CG30281-RA	CG30281
OG0004407	FBtr0071761	CG5303-RA	mei-S332
OG0004408	FBtr0071790	CG11061-RA	GM130
OG0004409	FBtr0071762	CG6698-RA	NtR
OG0004410	FBtr0112398	CG34205-RA	CG34205
OG0004411	FBtr0071765	CG11269-RA	CG11269
OG0004412	FBtr0071766	CG6727-RA	gom
OG0004413	FBtr0071763	CG6741-RA	a
OG0004414	FBtr0071787	CG3045-RA	CG3045
OG0004415	FBtr0071767	CG6758-RA	Fbxo42
OG0004416	FBtr0071786	CG11170-RB	CG11170
OG0004417	FBtr0071769	CG11275-RA	CG11275
OG0004418	FBtr0071770	CG5465-RA	MED16
OG0004419	FBtr0071771	CG5625-RB	Vps35
OG0004420	FBtr0071784	CG3074-RB	Swim
OG0004421	FBtr0071774	CG5709-RA	ari-2
OG0004422	FBtr0071775	CG5799-RA	dve
OG0004423	FBtr0071811	CG5819-RA	CG5819
OG0004424	FBtr0071849	CG3413-RB	wdp
OG0004425	FBtr0071816	CG5820-RD	Gp150
OG0004426	FBtr0112400	CG34207-RA	CG34207
OG0004427	FBtr0071848	CG3425-RA	T3dh
OG0004428	FBtr0112519	CG32885-RC	pgc
OG0004429	FBtr0113106	CG11206-RC	Liprin-gamma
OG0004430	FBtr0071819	CG11298-RA	CG11298
OG0004431	FBtr0071820	CG10955-RA	Rtf1
OG0004432	FBtr0071845	CG3624-RA	babos
OG0004433	FBtr0071823	CG6044-RA	CG6044
OG0004434	FBtr0071827	CG11301-RA	PolE4
OG0004435	FBtr0071843	CG3613-RA	qkr58E-1
OG0004436	FBtr0071828	CG5821-RA	qkr58E-2
OG0004437	FBtr0071842	CG3633-RA	mRpS29
OG0004438	FBtr0301668	CG6339-RD	rad50
OG0004439	FBtr0071841	CG10344-RB	CG10344
OG0004440	FBtr0071830	CG10972-RA	ppk12
OG0004441	FBtr0342991	CG10384-RD	CG10384
OG0004442	FBtr0344422	CG45062-RA	CG45062
OG0004443	FBtr0344421	CG45063-RA	CG45063
OG0004444	FBtr0071832	CG4752-RA	Oplah
OG0004445	FBtr0071833	CG4554-RA	CG4554
OG0004446	FBtr0071834	CG4610-RA	CG4610
OG0004447	FBtr0071838	CG4444-RA	px
OG0004448	FBtr0330229	CG12489-RB	dnr1
OG0004449	FBtr0071854	CG4269-RA	CG4269
OG0004450	FBtr0300409	CG4294-RB	CG4294
OG0004451	FBtr0071855	CG4046-RA	RpS16
OG0004452	FBtr0071856	CG4071-RA	Vps20
OG0004453	FBtr0071940	CG4329-RA	tous
OG0004454	FBtr0343010		
OG0004455	FBtr0071938	CG17807-RA	Alkbh8
OG0004456	FBtr0071937	CG5179-RA	Cdk9
OG0004457	FBtr0071860	CG4207-RA	bonsai
OG0004459	FBtr0071934	CG4414-RA	Ugt317A1
OG0004460	FBtr0071933	CG2852-RA	CG2852
OG0004461	FBtr0071931	CG30195-RA	CG30195
OG0004462	FBtr0112749	CG34445-RA	CG34445
OG0004463	FBtr0071927	CG30196-RA	CG30196
OG0004464	FBtr0306908	CG43325-RA	CG43325
OG0004465	FBtr0071862	CG13510-RA	CG13510
OG0004466	FBtr0071863	CG13511-RA	CG13511
OG0004467	FBtr0309802	CG4250-RB	CG4250
OG0004468	FBtr0346948	CG30273-RB	CG30273
OG0004469	FBtr0100554	CG13516-RA	CG13516
OG0004470	FBtr0071868	CG12190-RA	RYBP
OG0004471	FBtr0330249	CG9952-RB	Ppa
OG0004472	FBtr0071922	CG13521-RA	robo1
OG0004473	FBtr0071921	CG30259-RA	CG30259
OG0004474	FBtr0071870	CG13517-RB	Obp59a
OG0004475	FBtr0071871	CG13518-RA	Obp58b
OG0004476	FBtr0071920	CG13524-RA	Obp58c
OG0004477	FBtr0071872	CG13519-RA	Obp58d
OG0004478	FBtr0344660	CG30275-RM	CG30275
OG0004479	FBtr0273311	CG30268-RB	CG30268
OG0004480	FBtr0474145	CG42260-RE	CG42260
OG0004481	FBtr0071878	CG13526-RA	CG13526
OG0004482	FBtr0339941	CG13527-RB	CG13527
OG0004483	FBtr0473596	CG30270-RE	CG30270
OG0004484	FBtr0071883	CG3612-RA	blw
OG0004485	FBtr0113110	CG3622-RC	stl
OG0004486	FBtr0343178	CG42284-RD	CG42284
OG0004487	FBtr0303785	CG3649-RB	CG3649
OG0004488	FBtr0071910	CG13531-RB	Spg11
OG0004489	FBtr0071897	CG3661-RA	RpL23
OG0004490	FBtr0305132	CG3504-RB	inaD
OG0004491	FBtr0071898	CG3668-RA	fd59A
OG0004492	FBtr0071899	CG13532-RA	CG13532
OG0004493	FBtr0304924	CG3499-RC	YME1L
OG0004494	FBtr0332909	CG13533-RB	asrij
OG0004495	FBtr0071905	CG3495-RA	Gmer
OG0004496	FBtr0071903	CG3695-RA	MED23
OG0004497	FBtr0071942	CG12781-RA	nahoda
OG0004498	FBtr0071996	CG3820-RA	Nup214
OG0004499	FBtr0302770	CG42678-RI	ReepA
OG0004500	FBtr0071995	CG3788-RA	CG3788
OG0004501	FBtr0071994	CG3800-RA	CNBP
OG0004502	FBtr0071951	CG9849-RA	CG9849
OG0004503	FBtr0310325	CG3831-RC	GrlHz
OG0004504	FBtr0071990	CG32833-RA	CG32833
OG0004505	FBtr0071989		
OG0004506	FBtr0071988	CG9896-RA	CG9896
OG0004507	FBtr0303203	CG42741-RA	CG42741
OG0004508	FBtr0071953	CG2956-RA	twi
OG0004509	FBtr0071985	CG9893-RA	DCTN3-p24
OG0004510	FBtr0071984	CG9890-RA	CG9890
OG0004511	FBtr0071958	CG3082-RB	l(2)k09913
OG0004512	FBtr0071982	CG9888-RA	Fib
OG0004513	FBtr0071963	CG3085-RA	CG3085
OG0004514	FBtr0114564	CG9882-RB	Art7
OG0004515	FBtr0071965	CG30191-RA	Gr59b
OG0004516	FBtr0071966	CG13538-RA	CG13538
OG0004517	FBtr0071979	CG9876-RA	CG9876
OG0004518	FBtr0071978	CG9873-RA	RpL37-2
OG0004519	FBtr0071977	CG30186-RA	Gr59c
OG0004520	FBtr0071976	CG30330-RA	Gr59d
OG0004521	FBtr0071974	CG3215-RA	Gpdh2
OG0004522	FBtr0071967	CG30192-RA	CG30192
OG0004523	FBtr0071973	CG13544-RA	CG13544
OG0004524	FBtr0306080	CG13545-RB	CG13545
OG0004525	FBtr0071969	CG9899-RA	Ctr9L
OG0004526	FBtr0330239	CG34371-RB	side-V
OG0004527	FBtr0071998	CG13539-RA	CG13539
OG0004528	FBtr0071999	CG3092-RA	CG3092
OG0004529	FBtr0072050	CG13549-RA	yip3
OG0004530	FBtr0072049	CG9871-RA	RpL22-like
OG0004531	FBtr0072048	CG12782-RA	CG12782
OG0004532	FBtr0072046	CG3124-RA	CG3124
OG0004533	FBtr0072001	CG13541-RA	atlas
OG0004534	FBtr0307100	CG43352-RA	HP1Lcsd
OG0004535	FBtr0072043	CG30412-RB	CG30412
OG0004536	FBtr0343205	CG30416-RC	CG30416
OG0004537	FBtr0072002	CG9861-RA	CG9861
OG0004538	FBtr0072041	CG30417-RA	tbrd-3
OG0004539	FBtr0072040	CG30413-RA	CG30413
OG0004540	FBtr0273227	CG3502-RB	CG3502
OG0004541	FBtr0290285	CG9863-RB	CG9863
OG0004542	FBtr0112403	CG34210-RA	CG34210
OG0004543	FBtr0072038	CG3500-RA	CG3500
OG0004544	FBtr0072006	CG9875-RA	CG9875
OG0004545	FBtr0301854	CG34423-RB	CG34423
OG0004546	FBtr0112725	CG34424-RA	Mthfs
OG0004547	FBtr0072037	CG3496-RA	vir
OG0004548	FBtr0072010	CG13550-RA	Ice1
OG0004549	FBtr0072036	CG3493-RA	Golgin245
OG0004551	FBtr0072011	CG9889-RA	yellow-d
OG0004552	FBtr0072012	CG9891-RA	yellow-d2
OG0004553	FBtr0072030	CG30415-RA	roh
OG0004554	FBtr0072014	CG10315-RA	eIF2Bdelta
OG0004555	FBtr0072029	CG3530-RA	Mtmr6
OG0004556	FBtr0072027	CG3520-RA	CG3520
OG0004557	FBtr0072016	CG30411-RA	CG30411
OG0004558	FBtr0113111	CG9815-RB	CG9815
OG0004559	FBtr0072023	CG9820-RA	Or59a
OG0004560	FBtr0331989	CG43795-RA	CG43795
OG0004561	FBtr0072022	CG12227-RA	SkpF
OG0004562	FBtr0072020	CG17226-RA	Or59c
OG0004563	FBtr0072019	CG13557-RA	CG13557
OG0004564	FBtr0072056	CG13558-RA	CG13558
OG0004565	FBtr0072057	CG13559-RA	CG13559
OG0004566	FBtr0072121	CG3906-RA	CG3906
OG0004567	FBtr0072120	CG3870-RA	RabX1
OG0004568	FBtr0072058	CG5360-RA	mi
OG0004569	FBtr0072117	CG17632-RA	bw
OG0004570	FBtr0072116	CG30181-RA	ppk3
OG0004571	FBtr0072115	CG33151-RA	Gr59e
OG0004572	FBtr0072059	CG33150-RA	Gr59f
OG0004573	FBtr0072060	CG30185-RA	AIMP3
OG0004574	FBtr0072114	CG3957-RA	wmd
OG0004575	FBtr0072061	CG17280-RA	levy
OG0004576	FBtr0072112	CG3941-RA	pita
OG0004577	FBtr0072062	CG5370-RA	Dcp-1
OG0004578	FBtr0072111	CG3931-RA	Rrp4
OG0004579	FBtr0072065	CG30184-RA	CG30184
OG0004580	FBtr0332926	CG5393-RF	apt
OG0004581	FBtr0301262	CG42560-RA	CG42560
OG0004582	FBtr0301258	CG42559-RA	CG42559
OG0004583	FBtr0072109	CG10332-RA	CG10332
OG0004584	FBtr0336928	CG17664-RC	Eglp2
OG0004585	FBtr0306160	CG17662-RB	Eglp3
OG0004586	FBtr0336929	CG4019-RF	Eglp4
OG0004587	FBtr0072073	CG5403-RB	retn
OG0004588	FBtr0344184	CG45019-RO	Pde8
OG0004589	FBtr0114541	CG5428-RB	St1
OG0004590	FBtr0336680	CG44167-RC	St3
OG0004591	FBtr0072100	CG4533-RA	l(2)efl
OG0004592	FBtr0089500	CG5472-RA	Pal2
OG0004593	FBtr0072099	CG30183-RA	CG30183
OG0004594	FBtr0072083	CG12273-RA	angel
OG0004595	FBtr0072084	CG5479-RA	mRpL43
OG0004596	FBtr0072097	CG4091-RC	sigmar
OG0004597	FBtr0072085	CG11295-RA	l(2)dtl
OG0004598	FBtr0072095	CG4084-RA	Alg3
OG0004599	FBtr0089504	CG5504-RB	CG5504
OG0004600	FBtr0072094	CG18128-RA	CG18128
OG0004601	FBtr0072087	CG11299-RA	Sesn
OG0004602	FBtr0114586	CG4051-RB	egl
OG0004603	FBtr0072091	CG5532-RA	CG5532
OG0004604	FBtr0290120	CG9850-RC	sona
OG0004605	FBtr0072245	CG15800-RA	CG15800
OG0004606	FBtr0072122	CG30177-RA	CG30177
OG0004607	FBtr0343271	CG13561-RB	CG13561
OG0004608	FBtr0072123	CG5539-RA	CG5539
OG0004609	FBtr0072242	CG4817-RA	Ssrp
OG0004610	FBtr0072124	CG5543-RA	CG5543
OG0004611	FBtr0072241	CG12752-RA	Nxt1
OG0004612	FBtr0072239	CG4797-RB	pippin
OG0004613	FBtr0072238	CG4763-RA	CG4763
OG0004614	FBtr0301162	CG5549-RB	GlyT
OG0004615	FBtr0072237	CG4735-RA	shu
OG0004616	FBtr0072236	CG11173-RA	Snap29
OG0004617	FBtr0343273	CG5554-RB	CG5554
OG0004618	FBtr0072234	CG18426-RA	ytr
OG0004619	FBtr0072235	CG17611-RA	eIF6
OG0004620	FBtr0072127	CG5562-RA	gbb
OG0004621	FBtr0072232	CG30170-RA	bgcn
OG0004623	FBtr0072128	CG5569-RA	NdufAF3
OG0004624	FBtr0072226	CG4581-RA	Mtpbeta
OG0004625	FBtr0072129	CG5575-RA	ken
OG0004626	FBtr0330600	CG11303-RC	TM4SF
OG0004627	FBtr0072225	CG4882-RA	CG4882
OG0004628	FBtr0072224	CG11182-RA	PHDP
OG0004629	FBtr0072131	CG5597-RA	CG5597
OG0004630	FBtr0072223	CG11183-RA	DCP1
OG0004631	FBtr0072132	CG5602-RA	DNAlig1
OG0004632	FBtr0072221	CG11184-RB	Upf3
OG0004633	FBtr0072133	CG17658-RA	CG17658
OG0004634	FBtr0072220	CG5339-RA	Mettl9
OG0004635	FBtr0072134	CG5591-RA	Lpt
OG0004636	FBtr0072219	CG5330-RA	Nap1
OG0004637	FBtr0072211	CG3725-RG	SERCA
OG0004638	FBtr0072210	CG3735-RA	CG3735
OG0004639	FBtr0072141	CG2827-RA	Taldo
OG0004640	FBtr0072143	CG2835-RB	Galphas
OG0004641	FBtr0072209	CG13565-RA	Orcokinin
OG0004642	FBtr0072208	CG3803-RA	CG3803
OG0004643	FBtr0072147	CG2980-RA	thoc5
OG0004644	FBtr0072207	CG16787-RA	CG16787
OG0004645	FBtr0330254	CG2987-RC	alpha-Catr
OG0004646	FBtr0306797	CG13566-RB	CG13566
OG0004647	FBtr0072150	CG3006-RA	Fmo1
OG0004648	FBtr0072151	CG3017-RA	Alas
OG0004649	FBtr0112406	CG34213-RA	CG34213
OG0004650	FBtr0072152	CG3029-RA	or
OG0004651	FBtr0072154	CG3065-RB	CG3065
OG0004652	FBtr0072156	CG3060-RA	mr
OG0004653	FBtr0072204	CG3825-RA	PPP1R15
OG0004654	FBtr0072157	CG3090-RA	Sox14
OG0004655	FBtr0072202	CG3832-RB	Phm
OG0004656	FBtr0072160	CG3105-RA	Pask
OG0004657	FBtr0072197	CG4324-RA	CG4324
OG0004658	FBtr0072161	CG3121-RA	Rsph4a
OG0004659	FBtr0072195	CG3907-RB	CG3907
OG0004660	FBtr0072162	CG11388-RA	Xxylt
OG0004661	FBtr0072163	CG3140-RA	Ak2
OG0004662	FBtr0072194	CG30173-RA	HSPC300
OG0004663	FBtr0072165	CG3163-RA	CG3163
OG0004664	FBtr0072192	CG3924-RB	Chi
OG0004665	FBtr0072166	CG3167-RA	MAN1
OG0004666	FBtr0072190	CG13567-RA	Not11
OG0004667	FBtr0072168	CG3173-RA	IntS1
OG0004668	FBtr0072188	CG4254-RA	tsr
OG0004669	FBtr0072169	CG3182-RA	sei
OG0004670	FBtr0289967	CG13568-RD	ppk29
OG0004671	FBtr0113117	CG13563-RB	CG13563
OG0004672	FBtr0072174	CG3195-RC	RpL12
OG0004673	FBtr0072177	CG3204-RA	Rap2l
OG0004674	FBtr0452181	CG4005-RH	yki
OG0004675	FBtr0343336	CG3209-RD	Gpat4
OG0004676	FBtr0072288	CG10339-RA	CG10339
OG0004677	FBtr0072246	CG13564-RA	Mic10c
OG0004678	FBtr0072247	CG16786-RA	CG16786
OG0004679	FBtr0072287	CG4012-RA	gek
OG0004680	FBtr0072250	CG11290-RA	enok
OG0004681	FBtr0072285	CG4049-RA	CG4049
OG0004682	FBtr0072251	CG3253-RA	CG3253
OG0004683	FBtr0072252	CG3257-RA	CG3257
OG0004684	FBtr0072281	CG4057-RA	tamo
OG0004685	FBtr0072253	CG3260-RA	Zfrp8
OG0004686	FBtr0072280	CG4065-RA	Naa35
OG0004687	FBtr0072255	CG3318-RB	speck
OG0004688	FBtr0301273	CG42568-RA	CG42568
OG0004689	FBtr0301271	CG42567-RA	DnaJ-60
OG0004690	FBtr0072256	CG13570-RA	spag
OG0004691	FBtr0072257	CG3328-RA	CG3328
OG0004692	FBtr0072277	CG4326-RA	mRpS17
OG0004693	FBtr0072258	CG3333-RA	Nop60B
OG0004694	FBtr0072261	CG3362-RA	cN-IIIB
OG0004695	FBtr0072262	CG3356-RA	CG3356
OG0004696	FBtr0100169	CG11406-RB	CG11406
OG0004697	FBtr0072275	CG30419-RA	CG30419
OG0004698	FBtr0072263	CG30418-RA	nord
OG0004699	FBtr0072274	CG13576-RA	Ir60a
OG0004700	FBtr0308245	CG3376-RC	Asm
OG0004701	FBtr0300366	CG13577-RB	CG13577
OG0004702	FBtr0072268	CG3394-RA	Fatp3
OG0004703	FBtr0072272	CG4354-RA	slbo
OG0004704	FBtr0072271	CG3411-RA	bs
OG0004705	FBtr0072289	CG13578-RA	CG13578
OG0004706	FBtr0072368	CG4356-RB	mAChR-A
OG0004707	FBtr0072364	CG4527-RB	Slik
OG0004708	FBtr0330237	CG3416-RB	Rpn8
OG0004709	FBtr0072362	CG4545-RA	SerT
OG0004710	FBtr0344430	CG45068-RA	PIG-Z
OG0004711	FBtr0344428	CG45069-RA	CG45069
OG0004712	FBtr0299700	CG42310-RD	prom
OG0004713	FBtr0299995	CG42383-RA	CG42383
OG0004714	FBtr0072356	CG15874-RA	Pgam5-2
OG0004715	FBtr0072293	CG3483-RA	CG3483
OG0004716	FBtr0072355	CG4563-RA	CG4563
OG0004717	FBtr0072294	CG3492-RA	CG3492
OG0004718	FBtr0072295	CG3494-RA	CG3494
OG0004719	FBtr0330230	CG13579-RB	CG13579
OG0004720	FBtr0072299	CG13580-RA	Crtp
OG0004721	FBtr0072300	CG13581-RA	CG13581
OG0004722	FBtr0072347	CG4589-RA	Letm1
OG0004723	FBtr0072346	CG4612-RA	CG4612
OG0004724	FBtr0072302	CG30169-RA	Brca2
OG0004725	FBtr0072303	CG13585-RA	CG13585
OG0004726	FBtr0072344	CG4622-RA	CG4622
OG0004727	FBtr0072305	CG11413-RA	CG11413
OG0004728	FBtr0290218	CG13586-RC	ITP
OG0004729	FBtr0072343	CG4634-RA	Nurf-38
OG0004730	FBtr0072307	CG11414-RA	CG11414
OG0004731	FBtr0072308	CG11416-RA	uri
OG0004732	FBtr0072342	CG12252-RA	Fcp1
OG0004733	FBtr0305055	CG33527-RB	SIFa
OG0004734	FBtr0301624	CG4681-RA	Tex9
OG0004735	FBtr0072312	CG3541-RB	pio
OG0004736	FBtr0072314	CG13587-RA	CG13587
OG0004737	FBtr0072339	CG4692-RB	ATPsynF
OG0004738	FBtr0072315	CG3548-RA	CG3548
OG0004739	FBtr0072316	CG3565-RA	CG3565
OG0004740	FBtr0072317	CG3570-RA	CG3570
OG0004741	FBtr0072338	CG4707-RA	CG4707
OG0004742	FBtr0299959	CG42360-RA	CG42360
OG0004743	FBtr0299960	CG42361-RA	CG42361
OG0004744	FBtr0072337	CG4741-RA	CG4741
OG0004745	FBtr0072320	CG3608-RA	Adck1
OG0004746	FBtr0072336	CG13594-RA	CG13594
OG0004747	FBtr0072335	CG4781-RA	CG4781
OG0004748	FBtr0072323	CG3663-RA	CG3663
OG0004749	FBtr0072334	CG30163-RA	Cpr60D
OG0004750	FBtr0072333	CG30161-RA	CG30161
OG0004751	FBtr0072324	CG3683-RA	ND-19
OG0004752	FBtr0072332	CG4806-RA	CG4806
OG0004753	FBtr0301037	CG33228-RB	CG33228
OG0004754	FBtr0072327	CG3691-RB	Pof
OG0004755	FBtr0273263	CG4859-RC	Mmp1
OG0004756	FBtr0100033	CG33988-RA	Mid1
OG0004757	FBtr0072369	CG30421-RA	Usp15-31
OG0004758	FBtr0072370	CG9196-RA	spz6
OG0004759	FBtr0072371	CG3880-RA	CG3880
OG0004760	FBtr0072437	CG12848-RA	CG12848
OG0004761	FBtr0300130	CG3894-RC	CG3894
OG0004762	FBtr0072436	CG16936-RA	GstE12
OG0004763	FBtr0072435	CG16932-RA	Eps-15
OG0004764	FBtr0112777	CG12196-RA	egg
OG0004765	FBtr0072430	CG16914-RA	Lcp9
OG0004766	FBtr0072374	CG3594-RA	CG3594
OG0004767	FBtr0072429	CG16912-RA	TyrRS-m
OG0004768	FBtr0072375	CG3589-RA	CG3589
OG0004769	FBtr0072427	CG2928-RA	Reg-5
OG0004770	FBtr0072426	CG18105-RA	ETH
OG0004771	FBtr0072425	CG2917-RA	Orc4
OG0004772	FBtr0072376	CG12849-RA	CG12849
OG0004773	FBtr0072377	CG3611-RA	CG3611
OG0004774	FBtr0300076	CG3629-RC	Dll
OG0004775	FBtr0072380	CG3650-RA	CG3650
OG0004776	FBtr0339096	CG44246-RA	Atf-2
OG0004777	FBtr0072423	CG16896-RA	CG16896
OG0004778	FBtr0346609	CG30423-RE	CG30423
OG0004779	FBtr0339097	CG44247-RA	CG44247
OG0004780	FBtr0301847	CG34413-RF	NKAIN
OG0004781	FBtr0072420	CG10142-RA	Ance-5
OG0004782	FBtr0114563	CG9083-RB	CG9083
OG0004783	FBtr0304800	CG2857-RB	Tpc2
OG0004784	FBtr0072417	CG15860-RA	pain
OG0004785	FBtr0072413	CG30427-RC	CG30427
OG0004786	FBtr0072392	CG3760-RA	CG3760
OG0004787	FBtr0072412	CG2811-RA	CG2811
OG0004788	FBtr0072411	CG2803-RA	Tina-1
OG0004789	FBtr0072410	CG15861-RA	CG15861
OG0004790	FBtr0072393	CG3770-RA	CG3770
OG0004791	FBtr0072409	CG2790-RA	CG2790
OG0004792	FBtr0300763	CG12851-RB	CG12851
OG0004793	FBtr0113118	CG2765-RC	CG2765
OG0004794	FBtr0072395	CG3776-RA	CG3776
OG0004795	FBtr0072404	CG9358-RA	4Csp3
OG0004796	FBtr0072403	CG2736-RA	CG2736
OG0004797	FBtr0072401	CG2727-RB	emp
OG0004798	FBtr0072396	CG3829-RA	bez
OG0004799	FBtr0072397	CG3533-RA	uzip
OG0004800	FBtr0072461	CG2692-RA	gsb-n
OG0004801	FBtr0072444	CG3388-RA	gsb
OG0004802	FBtr0300179	CG2679-RD	gol
OG0004803	FBtr0330231	CG16778-RE	lov
OG0004804	FBtr0333173	CG9380-RG	CG9380
OG0004805	FBtr0072449	CG3340-RA	Kr
OG0004807	FBtr0072541	CG13405-RA	CG13405
OG0004808	FBtr0072540	CG12483-RA	CG12483
OG0004809	FBtr0072464	CG1210-RD	Pdk1
OG0004810	FBtr0273351	CG6845-RC	CG6845
OG0004811	FBtr0072539	CG7051-RA	Dic61B
OG0004812	FBtr0299864	CG1212-RD	p130CAS
OG0004813	FBtr0072537	CG7049-RA	CG7049
OG0004814	FBtr0072534	CG7047-RB	Vdup1
OG0004815	FBtr0072476	CG13875-RA	CG13875
OG0004816	FBtr0110975	CG34140-RA	CG34140
OG0004817	FBtr0072477	CG6851-RB	Mtch
OG0004818	FBtr0072532	CG7036-RB	rno
OG0004819	FBtr0072480	CG1216-RB	mri
OG0004820	FBtr0072529	CG18374-RA	Gk1
OG0004821	FBtr0072483	CG7067-RA	NitFhit
OG0004822	FBtr0072484	CG13876-RA	CG13876
OG0004823	FBtr0344840	CG7028-RC	Prp4k
OG0004824	FBtr0072526	CG17143-RA	thoc7
OG0004825	FBtr0072486	CG16940-RC	Dis3l2
OG0004826	FBtr0072524	CG17142-RA	pyx
OG0004827	FBtr0072499	CG33229-RA	CG33229
OG0004828	FBtr0332102	CG32346-RH	E(bx)
OG0004829	FBtr0289972	CG13879-RB	wac
OG0004830	FBtr0072519	CG7008-RA	Tudor-SN
OG0004831	FBtr0072503	CG13880-RA	mRpL17
OG0004832	FBtr0072504	CG1221-RA	miple1
OG0004833	FBtr0333961	CG43976-RL	RhoGEF3
OG0004834	FBtr0474147	CG7004-RE	fwd
OG0004835	FBtr0299835	CG34264-RB	ddbt
OG0004836	FBtr0072576	CG32344-RA	CG32344
OG0004837	FBtr0309236	CG32343-RD	Atac3
OG0004838	FBtr0072574	CG17084-RA	mthl9
OG0004839	FBtr0072573	CG17061-RB	mthl10
OG0004840	FBtr0306559	CG1228-RG	Ptpmeg
OG0004841	FBtr0072546	CG1231-RA	CG1231
OG0004842	FBtr0072569	CG6905-RA	Cdc5
OG0004843	FBtr0072548	CG1233-RB	CG1233
OG0004844	FBtr0072568	CG13884-RA	CG13884
OG0004845	FBtr0330146	CG42865-RD	trh
OG0004846	FBtr0072566	CG13891-RA	CG13891
OG0004847	FBtr0333850	CG17046-RE	klar
OG0004848	FBtr0112463	CG34268-RA	CG34268
OG0004849	FBtr0112464	CG34269-RA	CG34269
OG0004850	FBtr0072550	CG17180-RA	BORCS6
OG0004851	FBtr0072564	CG13892-RA	Cypl
OG0004852	FBtr0072551	CG17090-RB	Hipk
OG0004853	FBtr0072563	CG17181-RA	Kah
OG0004854	FBtr0344912	CG12031-RC	MED14
OG0004855	FBtr0072562	CG13893-RA	CG13893
OG0004856	FBtr0072561	CG3200-RA	Reg-2
OG0004857	FBtr0072556	CG12030-RA	Gale
OG0004858	FBtr0072559	CG3402-RA	CG3402
OG0004859	FBtr0072558	CG17183-RA	MED30
OG0004860	FBtr0072557	CG12189-RA	Rev1
OG0004861	FBtr0072612	CG17129-RC	CG17129
OG0004862	FBtr0072611	CG3386-RA	CG3386
OG0004863	FBtr0072610	CG3371-RA	ebd1
OG0004864	FBtr0330078	CG12015-RB	RabX6
OG0004865	FBtr0072607	CG3279-RA	Vti1a
OG0004866	FBtr0072606	CG13894-RA	CG13894
OG0004867	FBtr0331771	CG13895-RB	CG13895
OG0004868	FBtr0072602	CG13896-RA	CG13896
OG0004869	FBtr0072601	CG13897-RA	hng3
OG0004870	FBtr0072578	CG1007-RA	emc
OG0004871	FBtr0072599	CG13898-RA	CG13898
OG0004872	FBtr0072597	CG13900-RA	Sf3b3
OG0004873	FBtr0301252	CG42553-RA	CG42553
OG0004874	FBtr0301253	CG42554-RA	CG42554
OG0004875	FBtr0072596	CG13901-RA	CG13901
OG0004876	FBtr0072583	CG13887-RC	CG13887
OG0004877	FBtr0300712	CG13902-RB	JMJD5
OG0004878	FBtr0072585	CG13888-RA	Gr61a
OG0004879	FBtr0072586	CG13889-RA	Cep290
OG0004880	FBtr0072587	CG13890-RA	Dci
OG0004881	FBtr0072594	CG12191-RA	dpr20
OG0004882	FBtr0300345	CG12502-RB	CG12502
OG0004883	FBtr0072589	CG32479-RA	Usp10
OG0004884	FBtr0072593	CG13907-RA	CG13907
OG0004885	FBtr0100833	CG34056-RA	CG34056
OG0004886	FBtr0100834	CG34057-RA	CG34057
OG0004887	FBtr0289973	CG13905-RB	mat
OG0004888	FBtr0072592	CG13906-RA	nerfin-1
OG0004889	FBtr0333501	CG43946-RP	Glut1
OG0004890	FBtr0072619	CG12038-RA	aln
OG0004891	FBtr0072644	CG18214-RA	trio
OG0004892	FBtr0072621	CG9205-RA	CG9205
OG0004893	FBtr0072642	CG9097-RB	bab1
OG0004894	FBtr0072639	CG9102-RA	bab2
OG0004895	FBtr0072625	CG13912-RA	CG13912
OG0004896	FBtr0072638	CG9122-RA	Trhn
OG0004897	FBtr0072627	CG1200-RB	Aplip1
OG0004898	FBtr0336737	CG43772-RC	mwh
OG0004899	FBtr0072633	CG9116-RA	LysP
OG0004900	FBtr0100007	CG33966-RA	CG33966
OG0004901	FBtr0072651	CG9194-RA	galene
OG0004902	FBtr0072734	CG9192-RA	CG9192
OG0004903	FBtr0072731	CG9187-RA	Psf1
OG0004904	FBtr0072652	CG9128-RA	Sac1
OG0004905	FBtr0072653	CG9129-RA	Bfc
OG0004906	FBtr0072655	CG9130-RB	CG9130
OG0004907	FBtr0100645	CG9133-RB	CG9133
OG0004908	FBtr0072659	CG9134-RB	tfc
OG0004909	FBtr0331863	CG32333-RC	CG32333
OG0004910	FBtr0072663	CG9139-RA	Rabex-5
OG0004911	FBtr0089942	CG9148-RA	scf
OG0004912	FBtr0072667	CG9149-RA	Acat2
OG0004913	FBtr0072729	CG2277-RA	Nt5a
OG0004914	FBtr0072668	CG2469-RB	Ctr9
OG0004915	FBtr0072727	CG9186-RB	sturkopf
OG0004916	FBtr0310555	CG9153-RC	Herc4
OG0004917	FBtr0072725	CG9184-RA	CG9184
OG0004918	FBtr0072674	CG9155-RD	Myo61F
OG0004919	FBtr0331864	CG9160-RC	ND-ACP
OG0004920	FBtr0072678	CG13914-RA	msd1
OG0004921	FBtr0072724	CG2213-RA	msd5
OG0004922	FBtr0072723	CG2211-RA	CG2211
OG0004923	FBtr0072679	CG9165-RA	Hmbs
OG0004924	FBtr0072721	CG2199-RB	indra
OG0004925	FBtr0072718	CG9181-RA	Ptp61F
OG0004926	FBtr0072680	CG9166-RA	CG9166
OG0004927	FBtr0072681	CG1214-RA	ru
OG0004928	FBtr0072693	CG9169-RA	FutD
OG0004929	FBtr0301788	CG13916-RC	SA2
OG0004930	FBtr0072694	CG1004-RA	rho
OG0004931	FBtr0072714	CG32319-RA	Naa30B
OG0004932	FBtr0072712	CG33166-RB	stet
OG0004933	FBtr0072695	CG1014-RA	robl62A
OG0004934	FBtr0072711	CG12084-RA	Zer1
OG0004935	FBtr0072706	CG12086-RA	cue
OG0004936	FBtr0072699	CG1009-RC	Psa
OG0004937	FBtr0072703	CG12090-RA	Iml1
OG0004938	FBtr0072831	CG12091-RA	CG12091
OG0004939	FBtr0072735	CG7852-RA	pns
OG0004940	FBtr0072828	CG12099-RB	CG12099
OG0004941	FBtr0072743	CG7864-RA	Pex10
OG0004942	FBtr0072826	CG7879-RA	CG7879
OG0004943	FBtr0072744	CG12003-RA	CG12003
OG0004944	FBtr0113122	CG12004-RC	Tmep
OG0004945	FBtr0072747	CG13917-RA	CG13917
OG0004946	FBtr0072825	CG12104-RA	Tox4
OG0004947	FBtr0072824	CG12105-RA	CG12105
OG0004948	FBtr0072823	CG13926-RA	CG13926
OG0004949	FBtr0072754	CG7955-RA	Abcb7
OG0004950	FBtr0072821	CG13927-RA	Ggcx
OG0004951	FBtr0072822	CG13928-RA	CG13928
OG0004952	FBtr0072814	CG13929-RB	Mettl2
OG0004953	FBtr0330180	CG7959-RB	Bgb
OG0004954	FBtr0072811	CG7961-RB	alphaCOP
OG0004955	FBtr0072759	CG13919-RA	CG13919
OG0004956	FBtr0072810	CG17249-RA	CG17249
OG0004957	FBtr0072760	CG7960-RA	Bro
OG0004958	FBtr0072761	CG13920-RA	CG13920
OG0004959	FBtr0072809	CG7967-RA	Vta1
OG0004960	FBtr0346821	CG7970-RC	CG7970
OG0004961	FBtr0072763	CG7974-RA	CG7974
OG0004962	FBtr0301528	CG7980-RB	RabX5
OG0004963	FBtr0072803	CG13930-RA	CG13930
OG0004964	FBtr0303102	CG7991-RB	CG7991
OG0004965	FBtr0072764	CG12011-RA	CG12011
OG0004966	FBtr0072802	CG13931-RA	CG13931
OG0004967	FBtr0334079	CG2086-RE	drpr
OG0004968	FBtr0072800	CG18171-RA	CG18171
OG0004969	FBtr0072766	CG12035-RA	CG12035
OG0004970	FBtr0072797	CG2069-RA	Oseg4
OG0004971	FBtr0072767	CG7995-RC	Gk2
OG0004972	FBtr0072795	CG2054-RA	Cht2
OG0004973	FBtr0072774	CG8001-RA	CG8001
OG0004974	FBtr0072792	CG13933-RA	CG13933
OG0004975	FBtr0072775	CG12018-RA	PolD2
OG0004976	FBtr0072791	CG2021-RA	CG2021
OG0004977	FBtr0072776	CG13922-RA	mRpL46
OG0004978	FBtr0332878	CG1977-RB	alpha-Spec
OG0004979	FBtr0072790	CG32315-RA	dlt
OG0004980	FBtr0072777	CG12019-RA	Cdc37
OG0004981	FBtr0072778	CG12020-RA	CG12020
OG0004982	FBtr0072779	CG12021-RC	Patj
OG0004983	FBtr0072788	CG1935-RA	JTBR
OG0004984	FBtr0302730	CG42676-RD	CG42676
OG0004985	FBtr0072784	CG12023-RA	GV1
OG0004986	FBtr0299560	CG13934-RB	Cpr62Ba
OG0004987	FBtr0072786	CG13935-RA	Cpr62Bb
OG0004988	FBtr0072869	CG1919-RA	Cpr62Bc
OG0004989	FBtr0300713	CG13936-RB	CNMa
OG0004990	FBtr0072832	CG12024-RA	CG12024
OG0004991	FBtr0072867	CG1956-RA	Rap1
OG0004992	FBtr0072866	CG1898-RA	HBS1
OG0004993	FBtr0072834	CG12025-RA	CG12025
OG0004994	FBtr0303153	CG13924-RC	CG13924
OG0004995	FBtr0072864	CG1828-RA	dre4
OG0004996	FBtr0300716	CG13937-RF	CG13937
OG0004997	FBtr0089420	CG18315-RA	Aprt
OG0004998	FBtr0072836	CG12026-RB	Tmhs
OG0004999	FBtr0273261	CG1887-RD	dsb
OG0005000	FBtr0290136	CG42234-RC	Dbx
OG0005001	FBtr0072858	CG5687-RA	CG5687
OG0005002	FBtr0072841	CG1017-RA	Mfap1
OG0005003	FBtr0072856	CG1960-RA	mu2
OG0005004	FBtr0072842	CG5690-RA	Cnb
OG0005005	FBtr0304060	CG42863-RB	mv
OG0005006	FBtr0072844	CG1140-RA	Scot
OG0005007	FBtr0072853	CG1927-RA	CG1927
OG0005008	FBtr0072852	CG11815-RA	CG11815
OG0005009	FBtr0072845	CG1139-RA	acs
OG0005010	FBtr0309792	CG42355-RC	CG42355
OG0005011	FBtr0332674	CG1915-RP	sls
OG0005012	FBtr0333452	CG15822-RG	CG15822
OG0005013	FBtr0308229	CG13810-RB	CG13810
OG0005014	FBtr0308230	CG5707-RB	CG5707
OG0005015	FBtr0072871	CG8960-RA	CG8960
OG0005016	FBtr0072911	CG15878-RA	CG15878
OG0005017	FBtr0332661	CG13809-RB	Oseg2
OG0005018	FBtr0072910	CG9018-RA	CG9018
OG0005019	FBtr0072874	CG5712-RA	ACXD
OG0005020	FBtr0072905	CG1275-RB	CG1275
OG0005021	FBtr0072877	CG2034-RA	Elp5
OG0005022	FBtr0072904	CG32300-RB	Oxt
OG0005023	FBtr0072878	CG13807-RA	CG13807
OG0005024	FBtr0072903	CG5714-RA	ecd
OG0005025	FBtr0072879	CG13806-RA	CG13806
OG0005026	FBtr0072880	CG32304-RA	obst-I
OG0005027	FBtr0072881	CG32302-RA	CG32302
OG0005028	FBtr0072902	CG5717-RA	yellow-g
OG0005029	FBtr0072888	CG13801-RA	CG13801
OG0005030	FBtr0072901	CG1317-RB	CG1317
OG0005031	FBtr0072889	CG8993-RA	CG8993
OG0005032	FBtr0072900	CG1320-RA	mRpL23
OG0005033	FBtr0072890	CG9004-RA	CG9004
OG0005034	FBtr0072899	CG15877-RA	CG15877
OG0005035	FBtr0345112	CG45186-RAE	Svil
OG0005036	FBtr0072898	CG32299-RA	CG32299
OG0005037	FBtr0072968	CG16762-RA	CG16762
OG0005038	FBtr0072921	CG1146-RB	CG1146
OG0005039	FBtr0331414	CG16758-RH	CG16758
OG0005040	FBtr0304621	CG16757-RJ	Spn
OG0005041	FBtr0072956	CG16973-RA	msn
OG0005042	FBtr0072924	CG1263-RA	RpL8
OG0005043	FBtr0072926	CG1044-RA	dos
OG0005044	FBtr0072928	CG16984-RA	CG16984
OG0005045	FBtr0072955	CG12182-RA	CG12182
OG0005046	FBtr0072929	CG16985-RA	CG16985
OG0005047	FBtr0072930	CG16986-RA	CG16986
OG0005048	FBtr0072951	CG12002-RA	Pxn
OG0005049	FBtr0290341	CG42245-RA	CG42245
OG0005050	FBtr0072931	CG1244-RC	MEP-1
OG0005051	FBtr0072949	CG14949-RA	CG14949
OG0005052	FBtr0072937	CG1143-RA	CG1143
OG0005053	FBtr0072938	CG1246-RB	CG1246
OG0005054	FBtr0072948	CG12186-RA	ProRS-m
OG0005055	FBtr0299683	CG42303-RA	Snup
OG0005056	FBtr0299684	CG42304-RA	CG42304
OG0005057	FBtr0333632	CG43955-RD	Fife
OG0005058	FBtr0273190	CG33233-RC	CG33233
OG0005059	FBtr0290142	CG33234-RD	CG33234
OG0005060	FBtr0344569	CG32296-RH	Mrtf
OG0005061	FBtr0072969	CG1240-RA	Non2
OG0005062	FBtr0073015	CG12093-RA	CG12093
OG0005063	FBtr0072970	CG1241-RA	Atg2
OG0005064	FBtr0301626	CG2101-RA	mRpS35
OG0005065	FBtr0333881	CG43444-RF	Tet
OG0005066	FBtr0073011	CG9972-RA	spz5
OG0005067	FBtr0073010	CG9970-RA	CG9970
OG0005068	FBtr0304042	CG32846-RB	CG32846
OG0005069	FBtr0072977	CG9969-RA	Or63a
OG0005070	FBtr0072978	CG2107-RA	Cpt2
OG0005071	FBtr0072979	CG2113-RA	CG2113
OG0005072	FBtr0072980	CG2114-RA	FMRFaR
OG0005073	FBtr0073008	CG32488-RA	CG32488
OG0005074	FBtr0073007	CG32487-RA	CG32487
OG0005075	FBtr0073006	CG2075-RA	aly
OG0005076	FBtr0072982	CG1274-RA	Prx4
OG0005077	FBtr0073005	CG1893-RA	scramb2
OG0005078	FBtr0072984	CG32484-RA	Sk2
OG0005079	FBtr0072987	CG1271-RA	CG1271
OG0005080	FBtr0072990	CG16753-RA	CG16753
OG0005081	FBtr0072991	CG11486-RG	PAN3
OG0005082	FBtr0073124	CG1869-RA	Cht7
OG0005083	FBtr0073118	CG7740-RB	promL
OG0005084	FBtr0073023	CG1291-RA	Alg2
OG0005085	FBtr0073114	CG12082-RA	Usp5
OG0005086	FBtr0073113	CG12079-RA	ND-30
OG0005087	FBtr0073027	CG15812-RA	CG15812
OG0005088	FBtr0073029	CG11495-RA	rasp
OG0005089	FBtr0073112	CG14962-RA	Asciz
OG0005090	FBtr0073030	CG32280-RA	CG32280
OG0005091	FBtr0073034	CG32281-RA	CG32281
OG0005092	FBtr0073111	CG14963-RA	CG14963
OG0005093	FBtr0307018	CG14964-RB	MnM
OG0005094	FBtr0073035	CG12734-RA	Girdin
OG0005095	FBtr0300583	CG42494-RA	CG42494
OG0005096	FBtr0073039	CG14958-RA	CG14958
OG0005097	FBtr0073109	CG14965-RA	CG14965
OG0005098	FBtr0073040	CG1242-RA	Hsp83
OG0005099	FBtr0073108	CG14966-RA	CG14966
OG0005100	FBtr0073042	CG17569-RB	gry
OG0005101	FBtr0073105	CG32271-RA	CG32271
OG0005102	FBtr0073103	CG32277-RA	CG32277
OG0005103	FBtr0073102	CG33160-RA	CG33160
OG0005104	FBtr0100678	CG32269-RA	CG32269
OG0005105	FBtr0100421	CG32270-RA	CG32270
OG0005106	FBtr0302302	CG14967-RB	hob
OG0005107	FBtr0073043	CG12034-RA	nSMase
OG0005108	FBtr0073095	CG12740-RB	RpL28
OG0005109	FBtr0073046	CG11505-RB	Larp4B
OG0005110	FBtr0073092	CG12078-RA	CG12078
OG0005111	FBtr0073050	CG14959-RC	ckd
OG0005112	FBtr0331459	CG34265-RB	CG34265
OG0005113	FBtr0073051	CG14960-RA	CG14960
OG0005114	FBtr0073052	CG12017-RA	CG12017
OG0005115	FBtr0073053	CG12009-RA	CG12009
OG0005116	FBtr0073086	CG14968-RB	CG14968
OG0005117	FBtr0330103	CG17723-RF	ZnT63C
OG0005118	FBtr0073062	CG10812-RA	Drsl5
OG0005119	FBtr0472668	CG12077-RC	PIG-C
OG0005120	FBtr0300240	CG42456-RA	Dpm2
OG0005121	FBtr0073063	CG12016-RA	Nmrk
OG0005122	FBtr0073084	CG11526-RB	Strip
OG0005123	FBtr0073068	CG12013-RD	Gtpx
OG0005124	FBtr0073069	CG14961-RA	CG14961
OG0005125	FBtr0073082	CG14969-RA	Ostm1
OG0005126	FBtr0300017	CG12008-RE	kst
OG0005127	FBtr0073073	CG10810-RA	Drs
OG0005128	FBtr0073078	CG12076-RA	Ythdc1
OG0005129	FBtr0073075	CG12010-RB	CG12010
OG0005130	FBtr0073076	CG12012-RA	CG12012
OG0005131	FBtr0073077	CG12014-RA	Ids
OG0005132	FBtr0073145	CG1921-RC	sty
OG0005133	FBtr0073144	CG10840-RB	eIF5B
OG0005134	FBtr0100641	CG11513-RB	armi
OG0005135	FBtr0073127	CG10308-RA	CycJ
OG0005136	FBtr0073143	CG14971-RA	CG14971
OG0005137	FBtr0334636	CG42324-RK	CG42324
OG0005138	FBtr0073141	CG1934-RA	ImpE2
OG0005139	FBtr0330068	CG10579-RN	Eip63E
OG0005140	FBtr0273204	CG10359-RE	CG10359
OG0005141	FBtr0300062	CG10357-RC	CG10357
OG0005142	FBtr0073140	CG14974-RA	CG14974
OG0005143	FBtr0113134	CG12029-RB	dar1
OG0005144	FBtr0073139	CG10862-RA	CG10862
OG0005145	FBtr0073147	CG32266-RA	CG32266
OG0005146	FBtr0073148	CG1120-RA	IntS10
OG0005147	FBtr0073184	CG32262-RA	CG32262
OG0005148	FBtr0073183	CG32263-RA	CG32263
OG0005149	FBtr0073149	CG12006-RA	PIG-B
OG0005150	FBtr0333208	CG10847-RF	enc
OG0005151	FBtr0330070	CG1072-RC	Awh
OG0005152	FBtr0073157	CG1079-RA	Fie
OG0005153	FBtr0114512	CG14979-RB	Gr63a
OG0005154	FBtr0330095	CG14977-RB	Lamtor4
OG0005155	FBtr0073180	CG14980-RB	Ccz1
OG0005156	FBtr0073159	CG10849-RA	Tecr
OG0005157	FBtr0073160	CG10850-RA	ida
OG0005158	FBtr0073176	CG14981-RA	mge
OG0005159	FBtr0073174	CG15855-RA	Eip63F-1
OG0005160	FBtr0073173	CG10866-RA	CG10866
OG0005161	FBtr0073163	CG14982-RB	CG14982
OG0005162	FBtr0073164	CG10853-RA	CG10853
OG0005163	FBtr0073170	CG14983-RA	CG14983
OG0005164	FBtr0290224	CG14984-RB	CG14984
OG0005165	FBtr0073165	CG1130-RA	scrt
OG0005166	FBtr0289977	CG14985-RB	CG14985
OG0005167	FBtr0073192	CG1132-RA	FoxL1
OG0005168	FBtr0073193	CG1134-RA	Mul1
OG0005169	FBtr0073283	CG11594-RC	CG11594
OG0005170	FBtr0073194	CG32261-RA	Gr64a
OG0005171	FBtr0073195	CG32257-RA	Gr64b
OG0005172	FBtr0073200	CG32258-RB	Gr64e
OG0005173	FBtr0073201	CG32255-RA	Gr64f
OG0005174	FBtr0114509	CG11593-RB	CG11593
OG0005175	FBtr0073202	CG1135-RA	Rcd5
OG0005176	FBtr0073203	CG1136-RA	CG1136
OG0005177	FBtr0073281	CG11591-RA	Dpy-30L2
OG0005178	FBtr0073204	CG18869-RA	Ugt305A1
OG0005179	FBtr0073205	CG12028-RA	dib
OG0005180	FBtr0330072	CG10776-RB	wit
OG0005181	FBtr0300988	CG32259-RC	CG32259
OG0005182	FBtr0073275	CG14994-RB	Gad1
OG0005183	FBtr0073271	CG14995-RA	CG14995
OG0005184	FBtr0073211	CG14992-RA	Ack
OG0005185	FBtr0073270	CG14996-RB	Chd64
OG0005186	FBtr0113135	CG14998-RF	ens
OG0005187	FBtr0073264	CG14999-RA	RfC4
OG0005188	FBtr0073263	CG15811-RA	Rop
OG0005189	FBtr0073212	CG1167-RA	Ras64B
OG0005190	FBtr0073213	CG1171-RA	Akh
OG0005191	FBtr0073214	CG32260-RA	CG32260
OG0005192	FBtr0073215	CG1299-RA	CG1299
OG0005193	FBtr0302033	CG33545-RC	nab
OG0005194	FBtr0073260	CG15002-RB	mas
OG0005195	FBtr0073217	CG1333-RB	Ero1L
OG0005196	FBtr0073218	CG18675-RA	CG18675
OG0005197	FBtr0301645	CG15003-RB	Teh4
OG0005198	FBtr0300621	CG15004-RB	Teh2
OG0005199	FBtr0073257	CG18676-RA	Teh3
OG0005200	FBtr0073256	CG11589-RA	VhaM9.7-c
OG0005201	FBtr0073219	CG1232-RA	tipE
OG0005202	FBtr0307309	CG43367-RC	CG43367
OG0005203	FBtr0073255	CG15005-RA	CG15005
OG0005204	FBtr0073254	CG15006-RA	Cpr64Aa
OG0005205	FBtr0073253	CG15007-RA	Cpr64Ab
OG0005206	FBtr0073252	CG15008-RA	Cpr64Ac
OG0005207	FBtr0073223	CG1259-RB	Cpr64Ad
OG0005208	FBtr0073250	CG15009-RC	ImpL2
OG0005209	FBtr0073227	CG1258-RA	pav
OG0005210	FBtr0073245	CG15010-RC	ago
OG0005211	FBtr0073228	CG1265-RB	CG1265
OG0005212	FBtr0073244	CG15011-RA	CG15011
OG0005213	FBtr0073229	CG1309-RA	CG1309
OG0005214	FBtr0073243	CG11586-RA	CG11586
OG0005215	FBtr0113136	CG1268-RB	VhaM9.7-a
OG0005216	FBtr0073231	CG1273-RB	CG1273
OG0005217	FBtr0073232	CG1311-RA	Ctl1
OG0005218	FBtr0073242	CG11583-RA	CG11583
OG0005219	FBtr0300579	CG11582-RB	srw
OG0005220	FBtr0073233	CG1316-RA	CG1316
OG0005221	FBtr0073234	CG1276-RA	TfIIEbeta
OG0005222	FBtr0073235	CG1318-RA	Hexo1
OG0005223	FBtr0300776	CG15012-RC	CG15012
OG0005224	FBtr0300775	CG1319-RB	Fdx2
OG0005225	FBtr0073341	CG15013-RB	dyl
OG0005226	FBtr0073286	CG32251-RA	Claspin
OG0005227	FBtr0073287	CG32250-RA	PMP34
OG0005228	FBtr0073340	CG15014-RA	CG15014
OG0005229	FBtr0113138	CG15015-RB	Cip4
OG0005230	FBtr0073288	CG15016-RA	mRpS6
OG0005231	FBtr0091456	CG33514-RA	CG33514
OG0005232	FBtr0073338	CG11342-RA	CG11342
OG0005233	FBtr0073336	CG32240-RA	CG32240
OG0005234	FBtr0073291	CG7447-RA	slow
OG0005235	FBtr0330179	CG7452-RB	Syx17
OG0005236	FBtr0073335	CG15019-RA	CG15019
OG0005237	FBtr0308033	CG11347-RG	TP53INP
OG0005238	FBtr0073298	CG15020-RA	CG15020
OG0005239	FBtr0073299	CG11348-RA	nAChRbeta1
OG0005240	FBtr0073301	CG15021-RA	CG15021
OG0005241	FBtr0073302	CG12607-RB	CG12607
OG0005242	FBtr0073334	CG11345-RA	CG11345
OG0005243	FBtr0073333	CG15022-RA	CG15022
OG0005244	FBtr0290225	CG15023-RB	CG15023
OG0005245	FBtr0290214	CG15024-RB	CG15024
OG0005246	FBtr0303006	CG32241-RB	CG32241
OG0005247	FBtr0303003	CG32249-RB	CG32249
OG0005248	FBtr0303004	CG32248-RB	CG32248
OG0005249	FBtr0303005	CG11349-RB	CG11349
OG0005250	FBtr0073306	CG7465-RA	CG7465
OG0005251	FBtr0331399	CG11350-RC	CG11350
OG0005252	FBtr0331400	CG13722-RB	CG13722
OG0005253	FBtr0073328	CG13721-RA	CG13721
OG0005254	FBtr0333588	CG13720-RB	CG13720
OG0005255	FBtr0073323	CG7525-RA	Tie
OG0005256	FBtr0073310	CG11357-RA	CG11357
OG0005257	FBtr0343995	CG7524-RK	Src64B
OG0005258	FBtr0306206	CG43225-RC	axo
OG0005259	FBtr0073344	CG32238-RA	TTLL1B
OG0005260	FBtr0112461	CG34266-RA	CG34266
OG0005261	FBtr0073365	CG15876-RA	CG15876
OG0005262	FBtr0073346	CG13713-RA	CG13713
OG0005263	FBtr0073364	CG13712-RA	CG13712
OG0005264	FBtr0073345	CG32239-RA	RhoGEF64C
OG0005265	FBtr0073362	CG7509-RA	CG7509
OG0005266	FBtr0073361	CG18808-RA	CG18808
OG0005267	FBtr0332750	CG7507-RI	Dhc64C
OG0005268	FBtr0073348	CG7479-RA	LeuRS-m
OG0005269	FBtr0073358	CG13708-RA	CG13708
OG0005270	FBtr0073352	CG13705-RA	CG13705
OG0005271	FBtr0073353	CG13704-RA	hoka
OG0005272	FBtr0331423	CG7499-RB	Rh50
OG0005273	FBtr0073375	CG7503-RA	Con
OG0005274	FBtr0073374	CG17030-RA	CG17030
OG0005275	FBtr0073372	CG12027-RA	ATPsynCF6L
OG0005276	FBtr0330151	CG4603-RB	Yod1
OG0005277	FBtr0077181	CG10674-RA	CG10674
OG0005278	FBtr0077165	CG4611-RA	CG4611
OG0005279	FBtr0077180	CG10673-RA	Tcs5
OG0005280	FBtr0077166	CG4618-RA	CHMP2B
OG0005281	FBtr0077179	CG10672-RA	Dhrs4
OG0005282	FBtr0077167	CG4623-RA	Gdap1
OG0005283	FBtr0077177	CG10671-RB	Fitm
OG0005284	FBtr0077168	CG4633-RA	AlaRS-m
OG0005285	FBtr0077176	CG10670-RA	Gen
OG0005286	FBtr0077169	CG4659-RA	Srp54k
OG0005287	FBtr0308859	CG32423-RF	shep
OG0005288	FBtr0077171	CG4669-RA	CG4669
OG0005289	FBtr0077159	CG10645-RC	lama
OG0005290	FBtr0077157	CG10642-RA	Klp64D
OG0005291	FBtr0077155	CG10640-RA	Uev1A
OG0005292	FBtr0077145	CG4780-RA	Membrin
OG0005293	FBtr0077154	CG10635-RA	Pfdn4
OG0005294	FBtr0077153	CG10633-RA	Ir64a
OG0005295	FBtr0333611	CG34391-RD	DIP-delta
OG0005296	FBtr0333613	CG4835-RB	CG4835
OG0005297	FBtr0077149	CG10626-RA	Lkr
OG0005298	FBtr0077141	CG13285-RA	CG13285
OG0005299	FBtr0273231	CG10625-RH	frm
OG0005300	FBtr0077136	CG10624-RA	sinu
OG0005301	FBtr0077134	CG10622-RA	ScsbetaG
OG0005302	FBtr0077083	CG4852-RA	Sras
OG0005303	FBtr0077133	CG10596-RC	Msr-110
OG0005304	FBtr0077085	CG5146-RA	l(3)psg2
OG0005305	FBtr0077130	CG10594-RA	spo
OG0005306	FBtr0077128	CG10591-RA	CG10591
OG0005307	FBtr0077127	CG10590-RA	TM9SF3
OG0005308	FBtr0077126	CG12756-RA	Eaf6
OG0005309	FBtr0331806	CG5249-RB	Blimp-1
OG0005310	FBtr0077090	CG17334-RA	lin-28
OG0005311	FBtr0077125	CG10583-RA	Sse
OG0005312	FBtr0077123	CG10578-RA	DnaJ-1
OG0005313	FBtr0077095	CG5486-RA	Usp47
OG0005314	FBtr0077121	CG10576-RA	CG10576
OG0005315	FBtr0077098	CG5495-RA	Txl
OG0005316	FBtr0077120	CG10575-RA	Ppat-Dpck
OG0005317	FBtr0077100	CG5505-RD	scny
OG0005318	FBtr0077119	CG32418-RA	vito
OG0005319	FBtr0077118	CG32417-RA	Myt1
OG0005320	FBtr0114577	CG33717-RD	PGRP-LD
OG0005321	FBtr0077117	CG10546-RA	Cralbp
OG0005322	FBtr0077116	CG10542-RA	Bre1
OG0005323	FBtr0077115	CG10541-RA	Tektin-C
OG0005324	FBtr0077114	CG10539-RA	S6k
OG0005325	FBtr0299616	CG42272-RC	CG42272
OG0005326	FBtr0077112	CG5537-RA	kri
OG0005327	FBtr0077081	CG10489-RA	PolE2
OG0005328	FBtr0077029	CG5592-RA	CG5592
OG0005329	FBtr0077030	CG32409-RA	CG32409
OG0005330	FBtr0077080	CG32412-RA	QC
OG0005331	FBtr0114644	CG10486-RB	CG10486
OG0005332	FBtr0331563	CG13288-RC	CG13288
OG0005333	FBtr0330119	CG33523-RF	CG33523
OG0005334	FBtr0077074	CG10480-RA	Rcc1
OG0005335	FBtr0332041	CG10479-RB	CG10479
OG0005336	FBtr0077069	CG10478-RA	alphaKap4
OG0005337	FBtr0077037	CG32406-RA	PVRAP
OG0005338	FBtr0077039	CG6462-RA	CG6462
OG0005339	FBtr0077040	CG6467-RA	Jon65Aiv
OG0005340	FBtr0077043	CG6586-RA	tant
OG0005341	FBtr0077044	CG6592-RA	CG6592
OG0005342	FBtr0077066	CG10472-RA	CG10472
OG0005343	FBtr0299610	CG42269-RE	CG42269
OG0005344	FBtr0077047	CG6602-RA	CG6602
OG0005345	FBtr0077065	CG13295-RA	CG13295
OG0005346	FBtr0077048	CG6610-RA	CG6610
OG0005347	FBtr0077049	CG6619-RA	ssp6
OG0005348	FBtr0332061	CG13293-RB	CG13293
OG0005349	FBtr0077064	CG10469-RA	CG10469
OG0005350	FBtr0077063	CG10467-RA	Galm2
OG0005351	FBtr0301446	CG10733-RD	loj
OG0005352	FBtr0347001	CG7018-RE	Ets65A
OG0005353	FBtr0077062	CG12755-RB	l(3)mbn
OG0005354	FBtr0077060	CG18778-RA	Cpr65Au
OG0005355	FBtr0077024	CG32405-RA	Cpr65Av
OG0005356	FBtr0077023	CG32404-RA	Cpr65Aw
OG0005357	FBtr0076990	CG6955-RA	Lcp65Ad
OG0005358	FBtr0076991	CG6956-RA	Lcp65Ac
OG0005359	FBtr0076995	CG7287-RA	Lcp65Aa
OG0005360	FBtr0077021	CG10297-RA	Acp65Aa
OG0005361	FBtr0077020	CG13297-RA	CG13297
OG0005362	FBtr0076997	CG13296-RA	Prdm13
OG0005363	FBtr0331791	CG10289-RD	fmt
OG0005364	FBtr0076998	CG7376-RA	CG7376
OG0005365	FBtr0306821	CG43293-RA	CG43293
OG0005366	FBtr0076999	CG7386-RA	CG7386
OG0005367	FBtr0077015	CG13298-RA	Sf3b6
OG0005368	FBtr0077014	CG10236-RA	LanA
OG0005369	FBtr0077013	CG13299-RA	CG13299
OG0005370	FBtr0077010	CG10173-RA	Best2
OG0005371	FBtr0077009	CG10163-RA	CG10163
OG0005372	FBtr0077007	CG13300-RA	CG13300
OG0005373	FBtr0303270	CG42747-RC	CG42747
OG0005374	FBtr0076987	CG10147-RA	CG10147
OG0005375	FBtr0303036	CG8270-RB	Bulli
OG0005376	FBtr0076986	CG10144-RA	Vps8
OG0005377	FBtr0076968	CG8339-RA	sfl
OG0005378	FBtr0307511	CG18769-RH	MCU
OG0005379	FBtr0307514	CG32397-RD	jv
OG0005380	FBtr0076984	CG10129-RA	ndl
OG0005381	FBtr0076983	CG10125-RA	zpg
OG0005382	FBtr0076976	CG8368-RB	Rexo5
OG0005383	FBtr0474136	CG8398-RF	axed
OG0005384	FBtr0076963	CG10124-RA	eIF4E4
OG0005385	FBtr0076958	CG10121-RC	SP1173
OG0005386	FBtr0076942	CG8519-RA	CG8519
OG0005387	FBtr0076957	CG10118-RB	ple
OG0005388	FBtr0076950	CG10107-RA	velo
OG0005389	FBtr0076943	CG8549-RA	Sbds
OG0005390	FBtr0076949	CG10103-RA	Ist1
OG0005391	FBtr0076948	CG32392-RB	Rsph3
OG0005392	FBtr0346999	CG10037-RF	vvl
OG0005393	FBtr0076894	CG14820-RA	CG14820
OG0005394	FBtr0333078	CG14821-RE	tow
OG0005395	FBtr0076896	CG9948-RA	CG9948
OG0005396	FBtr0076939	CG10075-RA	Uqcc1
OG0005397	FBtr0076897	CG9943-RA	Surf1
OG0005398	FBtr0076938	CG10072-RA	sgl
OG0005399	FBtr0076937	CG10064-RA	CG10064
OG0005400	FBtr0076936	CG18156-RA	Mis12
OG0005401	FBtr0076898	CG9953-RA	CG9953
OG0005402	FBtr0076935	CG10063-RA	CG10063
OG0005403	FBtr0076934	CG10060-RA	Galphai
OG0005404	FBtr0076900	CG18647-RA	bin
OG0005405	FBtr0309957	CG42543-RR	Mp
OG0005406	FBtr0076932	CG17744-RA	CG17744
OG0005407	FBtr0076931	CG8641-RA	CG8641
OG0005408	FBtr0076905	CG14823-RA	CG14823
OG0005409	FBtr0392917	CG32391-RC	CG32391
OG0005410	FBtr0076909	CG8634-RA	Cpr65Ec
OG0005411	FBtr0113469	CG33556-RB	form3
OG0005412	FBtr0076926	CG8631-RA	msl-3
OG0005413	FBtr0076912	CG14825-RA	BBS1
OG0005414	FBtr0076925	CG8629-RA	Acbp4
OG0005415	FBtr0076913	CG15829-RA	Acbp6
OG0005416	FBtr0076915	CG8627-RA	Acbp2
OG0005417	FBtr0302044	CG8624-RC	melt
OG0005418	FBtr0299641	CG42278-RC	corn
OG0005419	FBtr0273402	CG8620-RB	CG8620
OG0005420	FBtr0076833	CG14826-RA	CG14826
OG0005421	FBtr0273403	CG14829-RB	CG14829
OG0005422	FBtr0076834	CG8616-RA	BHD
OG0005423	FBtr0076892	CG8615-RA	RpL18
OG0005424	FBtr0076835	CG8614-RA	Neos
OG0005425	FBtr0076891	CG8612-RA	mRpL50
OG0005426	FBtr0076890	CG8610-RA	Cdc27
OG0005427	FBtr0076889	CG8609-RA	MED4
OG0005428	FBtr0076888	CG14830-RA	CG14830
OG0005429	FBtr0290001	CG32381-RB	unc-13-4A
OG0005430	FBtr0076837	CG8607-RA	CG8607
OG0005431	FBtr0076885	CG8606-RA	RhoGEF4
OG0005432	FBtr0076838	CG8605-RA	Rint1
OG0005433	FBtr0299691	CG42307-RA	CG42307
OG0005434	FBtr0344453	CG8601-RE	mus312
OG0005435	FBtr0331507	CG43780-RA	wrm1
OG0005436	FBtr0076882	CG8598-RA	eco
OG0005437	FBtr0076841	CG8597-RA	lark
OG0005438	FBtr0076881	CG8596-RA	Cln7
OG0005439	FBtr0076880	CG14834-RA	CG14834
OG0005440	FBtr0076879	CG4457-RA	Srp19
OG0005441	FBtr0076846	CG8593-RA	qm
OG0005442	FBtr0273399	CG8588-RF	pst
OG0005443	FBtr0076847	CG8583-RA	Sec63
OG0005444	FBtr0302548	CG8582-RE	Sh3beta
OG0005445	FBtr0076848	CG8580-RA	akirin
OG0005446	FBtr0076870	CG32380-RA	SMSr
OG0005447	FBtr0076851	CG8571-RA	smid
OG0005448	FBtr0339402	CG8564-RC	CG8564
OG0005449	FBtr0076852	CG8563-RA	CG8563
OG0005450	FBtr0273419	CG32379-RB	CG32379
OG0005451	FBtr0076854	CG8562-RA	CG8562
OG0005452	FBtr0076855	CG18417-RA	CG18417
OG0005453	FBtr0076868	CG8560-RA	CG8560
OG0005455	FBtr0332797	CG8546-RC	ppk26
OG0005456	FBtr0332798	CG16991-RE	Tsp66A
OG0005457	FBtr0076863	CG8543-RA	CG8543
OG0005458	FBtr0076862	CG8541-RA	CG8541
OG0005460	FBtr0332140	CG8540-RB	Cyp316a1
OG0005461	FBtr0076832		
OG0005462	FBtr0076830	CG7548-RA	CG7548
OG0005463	FBtr0290026	CG7546-RD	CG7546
OG0005464	FBtr0076795	CG8532-RA	lqf
OG0005465	FBtr0290223	CG14837-RC	CG14837
OG0005466	FBtr0290277	CG7526-RC	frac
OG0005467	FBtr0076801	CG14838-RA	mmm
OG0005468	FBtr0076824	CG7716-RA	t-Grip84
OG0005469	FBtr0089850	CG33275-RA	Pura
OG0005470	FBtr0076822	CG7506-RA	Tmem70
OG0005471	FBtr0076807	CG7496-RA	PGRP-SD
OG0005472	FBtr0076821	CG7492-RA	CG7492
OG0005473	FBtr0303125	CG42734-RU	Ank2
OG0005474	FBtr0076808	CG12262-RA	Mcad
OG0005475	FBtr0076814	CG7457-RA	CG7457
OG0005476	FBtr0306682	CG8492-RD	CG8492
OG0005477	FBtr0301205	CG7422-RC	Snmp2
OG0005478	FBtr0346865	CG13685-RD	CG13685
OG0005479	FBtr0076810	CG7409-RA	CG7409
OG0005480	FBtr0076805	CG32373-RA	CG32373
OG0005481	FBtr0076811	CG7399-RA	Hn
OG0005482	FBtr0100132	CG7391-RD	Clk
OG0005483	FBtr0076780	CG17888-RD	Pdp1
OG0005484	FBtr0076746	CG32365-RA	CG32365
OG0005485	FBtr0076747	CG8277-RA	eIF4E5
OG0005486	FBtr0076772	CG8114-RB	pbl
OG0005487	FBtr0076748	CG8281-RA	CG8281
OG0005488	FBtr0076770	CG8111-RA	Tmem43
OG0005489	FBtr0076768	CG8110-RA	syd
OG0005490	FBtr0076750	CG8268-RA	Srp9
OG0005491	FBtr0076751	CG8254-RA	exex
OG0005492	FBtr0076752	CG8194-RA	RNaseX25
OG0005493	FBtr0076766	CG8042-RA	CG8042
OG0005494	FBtr0076764	CG8044-RA	HP4
OG0005495	FBtr0076753	CG8209-RA	CG8209
OG0005496	FBtr0076763	CG8038-RA	Pop4
OG0005497	FBtr0474156	CG7892-RI	nmo
OG0005498	FBtr0076745	CG7574-RA	bip1
OG0005499	FBtr0304998	CG43119-RI	Sarm
OG0005500	FBtr0076738	CG7565-RA	CG7565
OG0005501	FBtr0076683	CG7919-RA	fan
OG0005502	FBtr0076684	CG7927-RA	Nulp1
OG0005503	FBtr0076737	CG7558-RA	Arp3
OG0005504	FBtr0076685	CG7935-RA	msk
OG0005505	FBtr0076687	CG7942-RB	ldbr
OG0005506	FBtr0076736	CG7550-RA	Ado
OG0005507	FBtr0076735	CG18767-RA	mRpL36
OG0005508	FBtr0076734	CG7528-RA	Uba2
OG0005509	FBtr0076688	CG7962-RA	Cds
OG0005510	FBtr0273367	CG7504-RB	Setx
OG0005511	FBtr0076689	CG7972-RA	mus301
OG0005512	FBtr0076732	CG13676-RA	CG13676
OG0005513	FBtr0330087	CG13675-RD	CG13675
OG0005514	FBtr0076729	CG7487-RA	RecQ4
OG0005515	FBtr0076728	CG7436-RA	Nmt
OG0005516	FBtr0076725	CG7404-RB	ERR
OG0005517	FBtr0321320	CG7986-RE	Atg18a
OG0005518	FBtr0076694	CG7999-RA	MED24
OG0005519	FBtr0076723	CG7387-RA	CG7387
OG0005520	FBtr0076722	CG7375-RA	UbcE2M
OG0005521	FBtr0076695	CG8005-RA	Dhps
OG0005522	FBtr0076721	CG7366-RA	CG7366
OG0005523	FBtr0076720	CG32364-RA	tut
OG0005524	FBtr0076698	CG8006-RA	CG8006
OG0005525	FBtr0076699	CG8012-RA	CG8012
OG0005526	FBtr0076701	CG8023-RA	eIF4E3
OG0005527	FBtr0076718	CG7213-RA	CG7213
OG0005528	FBtr0076717	CG7207-RA	cert
OG0005529	FBtr0076716	CG7201-RA	CG7201
OG0005530	FBtr0076705	CG7062-RA	Rab19
OG0005531	FBtr0076715	CG7197-RA	Arl5
OG0005532	FBtr0076706	CG13671-RA	CG13671
OG0005533	FBtr0076714	CG7194-RA	CG7194
OG0005534	FBtr0076707	CG7066-RA	Sbp2
OG0005535	FBtr0300280	CG7189-RB	Gr66a
OG0005536	FBtr0076711	CG7188-RA	BI-1
OG0005537	FBtr0076710	CG7185-RA	Cpsf6
OG0005538	FBtr0076708	CG13670-RA	CG13670
OG0005539	FBtr0112768	CG34462-RA	CG34462
OG0005540	FBtr0076601	CG7076-RA	Cpr66Cb
OG0005541	FBtr0076604	CG7083-RA	CG7083
OG0005542	FBtr0076603	CG7108-RA	Prim1
OG0005543	FBtr0076677	CG7182-RA	CG7182
OG0005544	FBtr0113153	CG7112-RB	GAPcenA
OG0005545	FBtr0076674	CG17352-RA	Culd
OG0005546	FBtr0333058	CG7176-RK	Idh
OG0005547	FBtr0076606	CG32356-RA	ImpE1
OG0005548	FBtr0307378	CG7120-RF	CG7120
OG0005549	FBtr0076664	CG7163-RA	mkg-p
OG0005550	FBtr0076610	CG13667-RA	CG13667
OG0005551	FBtr0076663	CG7161-RA	Oseg1
OG0005552	FBtr0076612	CG7127-RA	Exo70
OG0005553	FBtr0076662	CG32354-RA	CG32354
OG0005554	FBtr0076615	CG7037-RB	Cbl
OG0005555	FBtr0114592	CG7015-RB	Unr
OG0005556	FBtr0076659	CG6983-RA	CG6983
OG0005557	FBtr0333049	CG6964-RJ	Gug
OG0005558	FBtr0305700	CG43163-RC	CG43163
OG0005559	FBtr0076656	CG6694-RA	ZC3H3
OG0005560	FBtr0076620	CG6745-RA	Pus7
OG0005561	FBtr0076655	CG6683-RA	Ovd
OG0005562	FBtr0076621	CG6765-RA	CG6765
OG0005563	FBtr0076622	CG6776-RA	GstO3
OG0005564	FBtr0076623	CG6781-RA	se
OG0005565	FBtr0076652	CG6662-RA	GstO1
OG0005566	FBtr0076624	CG6817-RA	foi
OG0005567	FBtr0076626	CG6822-RB	ergic53
OG0005568	FBtr0305210	CG6831-RB	rhea
OG0005569	FBtr0076651	CG6638-RA	Ivd
OG0005570	FBtr0304813	CG43078-RH	CG43078
OG0005571	FBtr0076650	CG5994-RA	Nelf-E
OG0005572	FBtr0076633	CG6253-RA	RpL14
OG0005573	FBtr0076649	CG5989-RA	CG5989
OG0005574	FBtr0330165	CG6282-RD	CG6282
OG0005575	FBtr0076648	CG5978-RA	GAPsec
OG0005576	FBtr0089561	CG6416-RE	Zasp66
OG0005577	FBtr0076647	CG5971-RA	Cdc6
OG0005578	FBtr0076567	CG32029-RA	Cpr66D
OG0005579	FBtr0273348	CG13305-RB	CG13305
OG0005580	FBtr0076599	CG5962-RA	Arr2
OG0005581	FBtr0076568	CG6486-RA	Pex7
OG0005582	FBtr0076569	CG6494-RA	hry
OG0005583	FBtr0076598	CG33162-RA	SrpRbeta
OG0005584	FBtr0076597	CG32022-RA	CG32022
OG0005585	FBtr0076570	CG6511-RA	CG6511
OG0005586	FBtr0076572	CG6519-RA	Cp15
OG0005587	FBtr0076573	CG6524-RA	Cp19
OG0005588	FBtr0076574	CG6533-RA	Cp16
OG0005589	FBtr0076592	CG13306-RA	CG13306
OG0005590	FBtr0333888	CG42610-RI	Fhos
OG0005591	FBtr0076576	CG6576-RA	CG6576
OG0005592	FBtr0076591	CG5804-RA	Acbp5
OG0005593	FBtr0076590	CG13310-RA	CG13310
OG0005594	FBtr0076589	CG13311-RA	CG13311
OG0005595	FBtr0112727	CG34426-RA	CG34426
OG0005596	FBtr0076588	CG32023-RA	CG32023
OG0005597	FBtr0303231	CG34427-RB	CG34427
OG0005598	FBtr0076587	CG13312-RA	CG13312
OG0005599	FBtr0076583	CG4974-RA	dally
OG0005600	FBtr0305902	CG43169-RA	CG43169
OG0005601	FBtr0076585	CG4978-RA	Mcm7
OG0005602	FBtr0331823	CG5751-RG	TrpA1
OG0005603	FBtr0273289	CG5747-RF	mfr
OG0005604	FBtr0076506	CG4999-RB	Tsp66E
OG0005605	FBtr0076510	CG5008-RA	GNBP3
OG0005606	FBtr0301139	CG5021-RC	CG5021
OG0005607	FBtr0076515	CG5026-RA	CG5026
OG0005608	FBtr0076557	CG5651-RA	pix
OG0005609	FBtr0076517	CG5064-RA	Srp68
OG0005610	FBtr0076556	CG5644-RA	CG5644
OG0005611	FBtr0076518	CG13314-RA	CG13314
OG0005612	FBtr0076553	CG5288-RA	Galk
OG0005613	FBtr0076519	CG5068-RA	CG5068
OG0005614	FBtr0076552	CG5280-RA	CG5280
OG0005615	FBtr0290103	CG5263-RD	smg
OG0005616	FBtr0076520	CG5087-RA	CG5087
OG0005617	FBtr0076548	CG5194-RA	CG5194
OG0005618	FBtr0076542	CG4911-RA	CG4911
OG0005619	FBtr0076524	CG4942-RA	COX18
OG0005620	FBtr0344981	CG4821-RG	teq
OG0005621	FBtr0076529	CG32032-RA	CG32032
OG0005622	FBtr0076530	CG13315-RA	CG13315
OG0005623	FBtr0331858	CG4760-RF	bol
OG0005624	FBtr0076531	CG4665-RA	Dhpr
OG0005625	FBtr0076537	CG14181-RA	Use1
OG0005626	FBtr0344239	CG43479-RI	nwk
OG0005627	FBtr0076503	CG4484-RA	Slc45-1
OG0005628	FBtr0076502	CG4483-RA	CG4483
OG0005629	FBtr0076435	CG32042-RE	PGRP-LA
OG0005630	FBtr0089491	CG4432-RB	PGRP-LC
OG0005631	FBtr0076439	CG4437-RA	PGRP-LF
OG0005632	FBtr0076501	CG4347-RA	Ugp
OG0005633	FBtr0076440	CG32040-RA	CG32040
OG0005634	FBtr0076441	CG32039-RA	Svip
OG0005635	FBtr0112761	CG34455-RC	Pdxk
OG0005636	FBtr0112762	CG34456-RA	CG34456
OG0005637	FBtr0076499	CG10923-RA	Klp67A
OG0005638	FBtr0076444	CG4447-RA	mRRF1
OG0005639	FBtr0089493	CG4452-RA	CG4452
OG0005640	FBtr0076497	CG4190-RA	Hsp67Bc
OG0005641	FBtr0100653	CG4456-RA	CG4456
OG0005642	FBtr0100558	CG4460-RA	Hsp22
OG0005643	FBtr0076452	CG4461-RA	CG4461
OG0005644	FBtr0076496	CG4183-RA	Hsp26
OG0005645	FBtr0076495	CG4167-RA	Hsp67Ba
OG0005646	FBtr0076453	CG4463-RA	Hsp23
OG0005647	FBtr0076454	CG4466-RA	Hsp27
OG0005648	FBtr0076494	CG4080-RA	CG4080
OG0005649	FBtr0076455	CG3672-RA	Cpr67B
OG0005650	FBtr0076486	CG4022-RA	CG4022
OG0005651	FBtr0110863	CG3689-RC	Cpsf5
OG0005652	FBtr0076481	CG3967-RC	Atat
OG0005653	FBtr0076457	CG3705-RA	aay
OG0005654	FBtr0076458	CG3715-RA	Shc
OG0005655	FBtr0076479	CG3922-RB	RpS17
OG0005656	FBtr0113322	CG3743-RC	MTF-1
OG0005657	FBtr0089879	CG3911-RA	Bet3
OG0005658	FBtr0076504	CG3891-RA	Nf-YA
OG0005659	FBtr0076461	CG3529-RB	CG3529
OG0005660	FBtr0076476	CG3448-RB	CG3448
OG0005661	FBtr0076462	CG32038-RA	ghi
OG0005662	FBtr0076475	CG3445-RA	phol
OG0005663	FBtr0301032	CG3437-RB	CG3437
OG0005664	FBtr0076463	CG3552-RA	CG3552
OG0005665	FBtr0076473	CG3434-RA	CG3434
OG0005666	FBtr0343558	CG44838-RI	CG44838
OG0005667	FBtr0076468	CG3654-RD	Jarid2
OG0005668	FBtr0076471	CG3428-RA	pall
OG0005669	FBtr0114525	CG32036-RC	CG32036
OG0005670	FBtr0076469	CG32037-RA	CG32037
OG0005671	FBtr0076423	CG3395-RA	RpS9
OG0005672	FBtr0076379	CG3222-RA	CG3222
OG0005673	FBtr0076421	CG3088-RA	CG3088
OG0005674	FBtr0076380	CG3306-RA	CG3306
OG0005675	FBtr0076382	CG3322-RA	LanB2
OG0005676	FBtr0076383	CG3335-RA	CG3335
OG0005677	FBtr0076384	CG8336-RB	Cyp40
OG0005678	FBtr0306242	CG32045-RG	fry
OG0005679	FBtr0076387	CG8329-RA	CG8329
OG0005680	FBtr0091684	CG33696-RA	CNMaR
OG0005681	FBtr0076392	CG16717-RA	Mpped
OG0005682	FBtr0076416	CG6767-RB	Prps
OG0005683	FBtr0076394	CG16719-RA	Spef1b
OG0005684	FBtr0076395	CG8284-RA	Ubc4
OG0005685	FBtr0076414	CG6761-RA	CG6761
OG0005686	FBtr0330098	CG16711-RC	CG16711
OG0005687	FBtr0076413	CG6757-RA	SH3PX1
OG0005688	FBtr0330097	CG16707-RE	vsg
OG0005689	FBtr0076412	CG18178-RA	CG18178
OG0005690	FBtr0076402	CG14174-RA	CG14174
OG0005691	FBtr0306040	CG6754-RE	nbs
OG0005692	FBtr0076403	CG18176-RA	defl
OG0005693	FBtr0089411	CG18177-RA	Naa60
OG0005694	FBtr0076405	CG8189-RA	ATPsynB
OG0005695	FBtr0076410	CG6749-RA	CG6749
OG0005696	FBtr0331537	CG42268-RI	CG42268
OG0005697	FBtr0076319	CG8177-RG	Ae2
OG0005698	FBtr0310629	CG14168-RG	Zasp67
OG0005699	FBtr0076328	CG14173-RA	Ilp1
OG0005700	FBtr0332818	CG32052-RC	CG32052
OG0005701	FBtr0076329	CG8167-RA	Ilp2
OG0005702	FBtr0076373	CG14167-RA	Ilp3
OG0005703	FBtr0076372	CG6736-RA	Ilp4
OG0005704	FBtr0332830	CG43897-RM	CG43897
OG0005705	FBtr0112935	CG10574-RB	I-2
OG0005706	FBtr0076369	CG10572-RA	Cdk8
OG0005707	FBtr0330168	CG6721-RC	RasGAP1
OG0005708	FBtr0076366	CG10809-RA	CG10809
OG0005709	FBtr0076363	CG6718-RB	iPLA2-VIA
OG0005710	FBtr0076339	CG8108-RA	Ciz1
OG0005711	FBtr0112620	CG34382-RC	CG34382
OG0005712	FBtr0076361	CG6711-RA	Taf2
OG0005713	FBtr0076359	CG14164-RA	Hez
OG0005714	FBtr0076356	CG6707-RA	CG6707
OG0005715	FBtr0113159	CG8104-RC	nudE
OG0005716	FBtr0076355	CG6685-RA	CG6685
OG0005717	FBtr0076347	CG8091-RA	Dronc
OG0005718	FBtr0076354	CG6674-RA	CG6674
OG0005719	FBtr0300237	CG42455-RA	CG42455
OG0005720	FBtr0076348	CG11989-RA	vnc
OG0005721	FBtr0344949	CG14162-RF	dpr6
OG0005722	FBtr0076316	CG14160-RA	CG14160
OG0005723	FBtr0076315	CG32053-RA	CG32053
OG0005724	FBtr0303832	CG42826-RA	CG42826
OG0005725	FBtr0076308	CG32057-RA	dpr10
OG0005726	FBtr0076295	CG8072-RA	CG8072
OG0005727	FBtr0076311	CG6628-RA	CG6628
OG0005728	FBtr0339899	CG6611-RF	ect
OG0005729	FBtr0301227	CG8065-RB	CG8065
OG0005730	FBtr0076304	CG32055-RA	CG32055
OG0005731	FBtr0076301	CG32056-RA	scramb1
OG0005732	FBtr0076300	CG14156-RA	Or67c
OG0005733	FBtr0076299	CG6577-RA	can
OG0005734	FBtr0076297	CG14157-RA	Or67d
OG0005735	FBtr0076292	CG6539-RA	Gem3
OG0005736	FBtr0305093	CG32062-RH	Rbfox1
OG0005737	FBtr0076291	CG6527-RA	CG6527
OG0005738	FBtr0305200	CG43127-RD	CG43127
OG0005739	FBtr0076280	CG14151-RA	CG14151
OG0005740	FBtr0300947	CG34001-RB	CG34001
OG0005741	FBtr0076253	CG8019-RA	hay
OG0005742	FBtr0334067	CG6502-RC	E(z)
OG0005743	FBtr0076255	CG8009-RB	Cnep1r2
OG0005744	FBtr0076277	CG32066-RC	cyri
OG0005745	FBtr0076257	CG14154-RA	CG14154
OG0005746	FBtr0076259	CG14153-RA	CG14153
OG0005747	FBtr0076260	CG8003-RA	Ankmy2
OG0005748	FBtr0113421	CG32068-RB	Adi1
OG0005749	FBtr0076265	CG11811-RA	oya
OG0005750	FBtr0089606	CG33493-RA	CG33493
OG0005751	FBtr0076276	CG6463-RA	ND-13B
OG0005752	FBtr0089570	CG6449-RB	NijA
OG0005753	FBtr0475045	CG7958-RE	tna
OG0005754	FBtr0076274	CG6418-RB	CG6418
OG0005755	FBtr0076269	CG14149-RA	Blos4
OG0005756	FBtr0076273	CG6409-RA	CG6409
OG0005757	FBtr0076270	CG7949-RA	galla2
OG0005758	FBtr0076271	CG6404-RB	OXA1L
OG0005759	FBtr0076193	CG18348-RA	Cpr67Fb
OG0005760	FBtr0076250	CG6391-RA	Aps
OG0005761	FBtr0076194	CG14147-RA	CG14147
OG0005762	FBtr0330080	CG12296-RB	klu
OG0005763	FBtr0300188	CG32079-RB	CG32079
OG0005764	FBtr0310569	CG43693-RG	coch
OG0005765	FBtr0076201	CG7888-RB	CG7888
OG0005766	FBtr0076202	CG14145-RA	Blos2
OG0005767	FBtr0076241	CG32069-RA	Insep
OG0005768	FBtr0076240	CG32075-RA	CG32075
OG0005769	FBtr0344636	CG45101-RA	CG45101
OG0005770	FBtr0076203	CG7869-RA	SuUR
OG0005771	FBtr0076239	CG6310-RA	CG6310
OG0005772	FBtr0076205	CG33048-RC	Mocs1
OG0005773	FBtr0076238	CG6302-RA	Pfdn2
OG0005774	FBtr0076207	CG7839-RA	Noc1
OG0005775	FBtr0076236	CG6297-RB	JIL-1
OG0005776	FBtr0076234	CG6272-RA	Irbp18
OG0005777	FBtr0076208	CG7828-RA	APP-BP1
OG0005778	FBtr0100067	CG34012-RA	CG34012
OG0005779	FBtr0076210	CG7638-RA	emei
OG0005780	FBtr0333559		
OG0005781	FBtr0332652	CG11799-RN	FoxK
OG0005782	FBtr0076211	CG7636-RA	mRpL2
OG0005783	FBtr0076223	CG6233-RA	Ufd1
OG0005784	FBtr0301438	CG42575-RA	NaPi-III
OG0005785	FBtr0076221	CG6216-RB	CG6216
OG0005786	FBtr0076216	CG32082-RA	IRSp53
OG0005787	FBtr0076217	CG32076-RA	Alg10
OG0005788	FBtr0076218	CG6210-RA	wls
OG0005789	FBtr0076161	CG7616-RA	Adck5
OG0005790	FBtr0300347	CG14142-RB	CG14142
OG0005791	FBtr0076189	CG6207-RA	GlcAT-P
OG0005792	FBtr0076187	CG6199-RA	Plod
OG0005793	FBtr0076163	CG7607-RA	CG7607
OG0005794	FBtr0076164	CG14141-RA	nkt
OG0005795	FBtr0076186	CG6190-RA	Ube3a
OG0005796	FBtr0076165	CG7600-RA	CG7600
OG0005797	FBtr0076185	CG6185-RA	Ir68a
OG0005798	FBtr0076168	CG7590-RA	scyl
OG0005799	FBtr0333389	CG6175-RD	Dyro
OG0005800	FBtr0076171	CG7573-RB	CG7573
OG0005801	FBtr0076182	CG6168-RB	CG6168
OG0005802	FBtr0076181	CG6163-RA	CG6163
OG0005803	FBtr0076172	CG11726-RA	CG11726
OG0005804	FBtr0076173	CG7560-RA	Mthfr
OG0005805	FBtr0300274	CG6149-RB	CG6149
OG0005806	FBtr0076174	CG7557-RA	CG7557
OG0005807	FBtr0076178	CG12289-RA	Khkl2
OG0005808	FBtr0076176	CG7551-RB	Khk2
OG0005809	FBtr0076091	CG32089-RA	Vha16-2
OG0005810	FBtr0076093	CG7533-RC	chrb
OG0005811	FBtr0113163	CG7512-RB	CG7512
OG0005812	FBtr0100588	CG6128-RB	Fuca
OG0005813	FBtr0076156	CG11714-RA	CG11714
OG0005814	FBtr0089332	CG11711-RA	Mob2
OG0005815	FBtr0290024	CG7394-RB	CG7394
OG0005816	FBtr0089526	CG33490-RA	CG33490
OG0005817	FBtr0089525	CG33489-RA	CG33489
OG0005818	FBtr0076146	CG6097-RA	rt
OG0005819	FBtr0110884	CG7368-RB	CG7368
OG0005820	FBtr0273305	CG6091-RE	Duba
OG0005821	FBtr0076140	CG18331-RA	Muc68Ca
OG0005822	FBtr0076138	CG6084-RB	Ar1
OG0005823	FBtr0076137	CG6083-RA	Ar7
OG0005824	FBtr0076102	CG7351-RA	PCID2
OG0005825	FBtr0331545	CG18815-RE	Apt1
OG0005826	FBtr0076106	CG32091-RB	CG32091
OG0005827	FBtr0076136	CG6071-RA	CG6071
OG0005828	FBtr0076134	CG11660-RA	RIOK1
OG0005829	FBtr0076107	CG7339-RA	Polr3H
OG0005830	FBtr0273362	CG7334-RC	Sugb
OG0005831	FBtr0300097	CG14133-RB	Pldn
OG0005832	FBtr0332762	CG14135-RC	CG14135
OG0005833	FBtr0332765	CG6053-RC	Dnai2
OG0005834	FBtr0076124	CG11658-RA	CG11658
OG0005835	FBtr0076123	CG6038-RA	crim
OG0005836	FBtr0113334	CG14132-RB	CG14132
OG0005837	FBtr0332764	CG32088-RB	sunn
OG0005838	FBtr0076117	CG32087-RA	CG32087
OG0005839	FBtr0113164	CG6024-RC	loaf
OG0005840	FBtr0076087	CG11621-RC	Pi3K68D
OG0005841	FBtr0076028	CG14131-RA	CG14131
OG0005843	FBtr0076029	CG10907-RA	CG10907
OG0005844	FBtr0076030	CG7293-RA	Klp68D
OG0005845	FBtr0332131	CG42255-RB	Cubn2
OG0005846	FBtr0343994	CG5946-RG	CG5946
OG0005847	FBtr0076080	CG11597-RA	CG11597
OG0005848	FBtr0076032	CG7283-RA	RpL10Ab
OG0005849	FBtr0076077	CG32095-RA	CG32095
OG0005850	FBtr0076075	CG5940-RA	CycA
OG0005851	FBtr0076035	CG7264-RA	CG7264
OG0005852	FBtr0076074	CG12521-RA	CG12521
OG0005853	FBtr0343552	CG44837-RB	CG44837
OG0005854	FBtr0076071	CG5906-RA	CG5906
OG0005855	FBtr0332127	CG14128-RF	Sprn
OG0005856	FBtr0076037	CG14127-RA	CCDC151
OG0005857	FBtr0473619	CG5897-RC	CG5897
OG0005858	FBtr0332070	CG7260-RB	byn
OG0005859	FBtr0076042	CG17826-RA	CG17826
OG0005860	FBtr0076043	CG7248-RA	CG7248
OG0005861	FBtr0473578	CG11570-RC	CG11570
OG0005862	FBtr0310535	CG14125-RB	CG14125
OG0005863	FBtr0332817	CG43896-RC	CG43896
OG0005864	FBtr0330171	CG6938-RC	CG6938
OG0005865	FBtr0076048	CG6931-RA	CG6931
OG0005866	FBtr0076061	CG5688-RA	Grip163
OG0005867	FBtr0344758	CG5684-RE	Pop2
OG0005868	FBtr0076049	CG6928-RB	CG6928
OG0005869	FBtr0076053	CG32096-RB	rols
OG0005870	FBtr0076051	CG6793-RA	CG6793
OG0005871	FBtr0310008	CG43638-RA	CG43638
OG0005872	FBtr0076052	CG5661-RA	Sema5c
OG0005873	FBtr0075991	CG6801-RA	vers
OG0005874	FBtr0075992	CG17153-RA	ssp
OG0005875	FBtr0347572	CG11560-RB	CG11560
OG0005876	FBtr0076027	CG5654-RA	yps
OG0005877	FBtr0089324	CG6806-RA	Lsp2
OG0005878	FBtr0075995	CG11534-RA	DEF8
OG0005879	FBtr0076024	CG5645-RA	CG5645
OG0005880	FBtr0300011	CG10861-RB	Atg12
OG0005881	FBtr0076023	CG9762-RA	ND-SGDH
OG0005882	FBtr0075997	CG6811-RA	RhoGAP68F
OG0005883	FBtr0076022	CG5642-RA	eIF3l
OG0005884	FBtr0075998	CG6827-RA	Nrx-IV
OG0005885	FBtr0330196	CG9760-RD	CG9760
OG0005886	FBtr0076020	CG5638-RA	Rh7
OG0005887	FBtr0290130	CG6910-RB	Miox
OG0005888	FBtr0076019	CG5632-RA	thoc6
OG0005889	FBtr0076005	CG11529-RA	CG11529
OG0005890	FBtr0076018	CG17146-RB	Ak1
OG0005891	FBtr0076016	CG5626-RA	Tsen54
OG0005892	FBtr0301054	CG42318-RJ	app
OG0005893	FBtr0076006	CG32100-RA	CG32100
OG0005894	FBtr0076011	CG10335-RA	Pbgs
OG0005895	FBtr0346393	CG4300-RD	Sms
OG0005896	FBtr0076007	CG10426-RA	INPP5E
OG0005897	FBtr0301071	CG4328-RB	CG4328
OG0005898	FBtr0075953	CG32105-RB	Lmx1a
OG0005899	FBtr0075954	CG10418-RA	CG10418
OG0005900	FBtr0330069	CG10698-RB	CrzR
OG0005901	FBtr0075986	CG32104-RB	CG32104
OG0005902	FBtr0075985	CG14122-RA	Smyd4-2
OG0005903	FBtr0075982	CG32103-RB	SCaMC
OG0005904	FBtr0075981	CG4237-RA	ArfGAP1
OG0005905	FBtr0075980	CG10704-RA	toe
OG0005906	FBtr0075979	CG10488-RA	eyg
OG0005907	FBtr0308896	CG10616-RB	CG10616
OG0005908	FBtr0113167	CG10663-RB	CG10663
OG0005909	FBtr0075976	CG10660-RA	CG10660
OG0005910	FBtr0075975	CG10657-RA	CG10657
OG0005911	FBtr0075957	CG10681-RA	CG10681
OG0005912	FBtr0075972	CG10646-RA	CG10646
OG0005913	FBtr0075958	CG10682-RA	vih
OG0005914	FBtr0332644	CG10654-RB	CG10654
OG0005915	FBtr0332643	CG10522-RB	sti
OG0005916	FBtr0332641	CG10686-RH	tral
OG0005917	FBtr0075969	CG4107-RA	Gcn5
OG0005918	FBtr0075960	CG14121-RA	ver
OG0005919	FBtr0075968	CG4153-RA	eIF2beta
OG0005920	FBtr0075967	CG10627-RA	nst
OG0005921	FBtr0075966	CG10620-RA	Tsf2
OG0005922	FBtr0075961	CG10688-RA	Pmm2
OG0005923	FBtr0075965	CG4069-RA	CG4069
OG0005924	FBtr0075908	CG10571-RA	ara
OG0005925	FBtr0075909	CG10605-RA	caup
OG0005926	FBtr0330077	CG10601-RC	mirr
OG0005927	FBtr0075952	CG10753-RA	SmD1
OG0005928	FBtr0075913	CG10975-RA	Ptp69D
OG0005929	FBtr0075915	CG32112-RB	Abhd18
OG0005930	FBtr0075918	CG32109-RA	CG32109
OG0005931	FBtr0075951	CG5433-RA	Klc
OG0005932	FBtr0075921	CG10984-RB	Ankrd11
OG0005933	FBtr0100354	CG10973-RB	CG10973
OG0005934	FBtr0273390	CG32113-RB	Vps13D
OG0005935	FBtr0075948	CG10971-RA	Hip1
OG0005936	FBtr0075946	CG10969-RA	CG10969
OG0005937	FBtr0075923	CG17666-RA	CG17666
OG0005938	FBtr0300561	CG10967-RB	Atg1
OG0005939	FBtr0302980	CG42709-RA	CG42709
OG0005940	FBtr0075929	CG11006-RC	Sap130
OG0005941	FBtr0075944	CG10754-RA	Sf3a2
OG0005942	FBtr0075939	CG10948-RC	anw
OG0005943	FBtr0332046	CG11009-RE	Wbp2
OG0005944	FBtr0075935	CG11010-RA	Ent3
OG0005945	FBtr0075868	CG14120-RA	CG14120
OG0005946	FBtr0332802	CG43894-RB	CG43894
OG0005947	FBtr0075870	CG14118-RA	CG14118
OG0005948	FBtr0113169	CG12520-RB	CG12520
OG0005949	FBtr0075905	CG32117-RA	CG32117
OG0005950	FBtr0075901	CG33264-RA	Or69a
OG0005951	FBtr0075900	CG10748-RA	Mdh2c
OG0005952	FBtr0075871	CG10749-RA	Mdh2b
OG0005953	FBtr0075872	CG11262-RA	CG11262
OG0005954	FBtr0075873	CG11263-RA	CG11263
OG0005955	FBtr0306091		
OG0005956	FBtr0075899	CG11261-RA	Cul6
OG0005957	FBtr0075898	CG11259-RA	MICAL-like
OG0005958	FBtr0075875	CG11267-RA	CG11267
OG0005959	FBtr0075897	CG11258-RA	mRpL20
OG0005960	FBtr0075876	CG11268-RA	Icmt
OG0005961	FBtr0075895	CG11255-RA	Adk2
OG0005962	FBtr0075878	CG11271-RB	RpS12
OG0005963	FBtr0075894	CG11253-RA	Zmynd10
OG0005964	FBtr0110982	CG17672-RA	CG17672
OG0005965	FBtr0075883	CG11274-RA	Srrm1
OG0005966	FBtr0075884	CG11276-RA	RpS4
OG0005967	FBtr0075886	CG11278-RA	Syx13
OG0005968	FBtr0075887	CG11279-RA	CG11279
OG0005969	FBtr0075893	CG14115-RA	CG14115
OG0005970	FBtr0473611	CG34428-RB	CG34428
OG0005971	FBtr0112730	CG34429-RA	CG34429
OG0005972	FBtr0075892	CG17300-RA	CG17300
OG0005973	FBtr0075891	CG11251-RA	CG11251
OG0005974	FBtr0330075	CG11280-RB	trn
OG0005975	FBtr0334063	CG11281-RB	snky
OG0005976	FBtr0075867	CG32119-RA	CG32119
OG0005977	FBtr0075837	CG14113-RA	CG14113
OG0005978	FBtr0075838		
OG0005979	FBtr0346863	CG11051-RC	Nplp2
OG0005980	FBtr0331787	CG14111-RB	CG14111
OG0005981	FBtr0075840	CG14112-RA	SNCF
OG0005982	FBtr0075866	CG14107-RA	CG14107
OG0005983	FBtr0075843	CG10717-RB	ImpL1
OG0005984	FBtr0075844	CG14110-RA	CG14110
OG0005985	FBtr0075865	CG10171-RB	CG10171
OG0005986	FBtr0321318	CG10191-RB	Poc1
OG0005987	FBtr0075862	CG32120-RA	sens
OG0005988	FBtr0075861	CG10222-RA	CG10222
OG0005989	FBtr0075845	CG10724-RA	flr
OG0005990	FBtr0113424	CG32121-RB	tono
OG0005991	FBtr0075858	CG14106-RA	CG14106
OG0005992	FBtr0075854	CG10154-RA	CG10154
OG0005993	FBtr0089323	CG10725-RB	CG10725
OG0005994	FBtr0075853	CG10140-RA	CG10140
OG0005995	FBtr0075850	CG14109-RA	dokb
OG0005996	FBtr0075851	CG10732-RA	cmb
OG0005997	FBtr0075825	CG10133-RA	JMJD7
OG0005998	FBtr0075824	CG10116-RA	CG10116
OG0005999	FBtr0302488	CG10738-RD	EHR
OG0006000	FBtr0075820	CG10089-RD	CG10089
OG0006001	FBtr0113425	CG32130-RE	stv
OG0006002	FBtr0075819	CG10083-RA	Abp1
OG0006003	FBtr0075811	CG10741-RA	Tgi
OG0006004	FBtr0075812	CG17689-RA	Spt20
OG0006005	FBtr0075818	CG10711-RA	Vps36
OG0006006	FBtr0075813	CG10743-RB	Liprin-beta
OG0006007	FBtr0075817	CG10710-RA	CG10710
OG0006008	FBtr0330343	CG43744-RA	bru3
OG0006009	FBtr0306683	CG8757-RB	CG8757
OG0006010	FBtr0075802	CG8750-RA	CG8750
OG0006011	FBtr0075753	CG7002-RA	Hml
OG0006012	FBtr0075801	CG8745-RA	CG8745
OG0006013	FBtr0330418	CG43749-RG	dysc
OG0006014	FBtr0075754	CG13737-RA	CG13737
OG0006015	FBtr0330186	CG8865-RE	Rgl
OG0006016	FBtr0075792	CG8833-RA	CG8833
OG0006017	FBtr0075756	CG9206-RA	DCTN1-p150
OG0006018	FBtr0075758	CG32137-RB	BicDR
OG0006019	FBtr0075791	CG8474-RA	Meics
OG0006020	FBtr0075759	CG9028-RA	ssp2
OG0006021	FBtr0333073		
OG0006022	FBtr0075790	CG13738-RA	CG13738
OG0006023	FBtr0333026	CG17364-RC	CG17364
OG0006024	FBtr0075766	CG8947-RA	CtsK1
OG0006025	FBtr0075767	CG17361-RA	BEAF-25
OG0006026	FBtr0075787	CG17359-RA	CG17359
OG0006027	FBtr0075785	CG8783-RB	Nprl3
OG0006028	FBtr0075768	CG9007-RA	upSET
OG0006029	FBtr0075784	CG32133-RA	Ptip
OG0006030	FBtr0075782	CG6513-RA	endos
OG0006031	FBtr0075769	CG6650-RA	CG6650
OG0006032	FBtr0075770	CG6661-RA	CG6661
OG0006033	FBtr0304036	CG6603-RG	Hsp110
OG0006034	FBtr0445388	CG46284-RA	Neurl4
OG0006035	FBtr0075774	CG6833-RA	CG6833
OG0006036	FBtr0075780	CG13484-RA	CG13484
OG0006037	FBtr0075775	CG32138-RA	Frl
OG0006038	FBtr0075777	CG6760-RA	Pex1
OG0006039	FBtr0075778	CG32134-RA	btl
OG0006040	FBtr0075779	CG8100-RA	CG8100
OG0006041	FBtr0075749	CG17285-RA	Fbp1
OG0006042	FBtr0330178	CG7345-RB	Sox21a
OG0006043	FBtr0330116	CG32139-RC	Sox21b
OG0006044	FBtr0075746	CG5893-RA	D
OG0006045	FBtr0321258	CG5842-RB	nan
OG0006046	FBtr0306622	CG33991-RJ	nuf
OG0006047	FBtr0075740	CG7924-RA	CG7924
OG0006048	FBtr0112438	CG34244-RA	CG34244
OG0006049	FBtr0321257	CG7906-RB	CG7906
OG0006050	FBtr0330102	CG17697-RC	fz
OG0006051	FBtr0113170	CG13481-RB	CG13481
OG0006052	FBtr0075729	CG3868-RA	CG3868
OG0006053	FBtr0075728	CG3836-RA	stwl
OG0006054	FBtr0333040	CG3919-RC	CG3919
OG0006055	FBtr0273422	CG42230-RC	bbg
OG0006056	FBtr0290282	CG9592-RB	CG9592
OG0006057	FBtr0333038	CG4613-RB	CG4613
OG0006058	FBtr0075724	CG9238-RB	Gbs-70E
OG0006059	FBtr0301014	CG34039-RB	CG34039
OG0006060	FBtr0075722	CG13480-RA	Lk
OG0006061	FBtr0075720	CG13475-RA	HGTX
OG0006062	FBtr0075676	CG13478-RB	shd
OG0006063	FBtr0075678	CG9628-RB	CG9628
OG0006064	FBtr0075715	CG4879-RB	RecQ5
OG0006065	FBtr0075679	CG32146-RA	dlp
OG0006066	FBtr0304960	CG43121-RA	CG43121
OG0006067	FBtr0075712	CG4914-RA	CG4914
OG0006068	FBtr0075684	CG5048-RA	Dnaaf6
OG0006069	FBtr0075685	CG13477-RA	gdrd
OG0006070	FBtr0075711	CG13474-RA	CG13474
OG0006071	FBtr0075689	CG13473-RA	CG13473
OG0006072	FBtr0299651	CG42280-RG	ome
OG0006073	FBtr0333046	CG33261-RK	Trl
OG0006074	FBtr0075690	CG9384-RA	Mgat4a
OG0006075	FBtr0075701	CG17173-RA	Mgat4b
OG0006076	FBtr0075700	CG9311-RA	mop
OG0006077	FBtr0300190	CG5295-RB	bmm
OG0006078	FBtr0075691	CG13472-RA	Tdrd3
OG0006079	FBtr0075693	CG9425-RB	Helz
OG0006080	FBtr0075698	CG5258-RA	NHP2
OG0006081	FBtr0075697	CG5272-RA	gnu
OG0006082	FBtr0075695	CG17839-RB	CG17839
OG0006083	FBtr0302580	CG34245-RD	CG34245
OG0006084	FBtr0331181	CG42247-RG	DCX-EMAP
OG0006085	FBtr0075620	CG5185-RA	Tom
OG0006086	FBtr0075621	CG3096-RA	Brd
OG0006087	FBtr0299779	CG3396-RB	Ocho
OG0006088	FBtr0309064	CG5114-RB	CG5114
OG0006089	FBtr0113171	CG10006-RB	Zip71B
OG0006090	FBtr0075672	CG17166-RA	mRpL39
OG0006091	FBtr0075629	CG3329-RA	Prosbeta2
OG0006092	FBtr0075671	CG5392-RA	Reck
OG0006093	FBtr0299849	CG42333-RD	Sytbeta
OG0006094	FBtr0075669	CG11552-RA	Rpn12R
OG0006095	FBtr0333875	CG11551-RB	ind
OG0006096	FBtr0075666	CG18581-RA	CG18581
OG0006097	FBtr0075665	CG12310-RA	CG12310
OG0006098	FBtr0075664	CG13461-RA	CG13461
OG0006099	FBtr0075663	CG18649-RA	CG18649
OG0006100	FBtr0075631	CG13463-RA	EAChm
OG0006101	FBtr0114510	CG13460-RB	CG13460
OG0006102	FBtr0305979	CG33957-RF	Plp
OG0006103	FBtr0075657	CG6945-RA	sstn
OG0006104	FBtr0075633	CG6778-RB	GlyRS
OG0006105	FBtr0344431	CG45070-RA	Ctps
OG0006106	FBtr0075655	CG16959-RA	CG16959
OG0006107	FBtr0075639	CG32847-RB	CG32847
OG0006108	FBtr0075648	CG6988-RA	Pdi
OG0006109	FBtr0075647	CG32147-RA	CG32147
OG0006110	FBtr0075640	CG6859-RA	Pex3
OG0006111	FBtr0075641	CG6869-RA	FutA
OG0006112	FBtr0075646	CG7003-RA	Msh6
OG0006113	FBtr0075642	CG6876-RA	Prp31
OG0006114	FBtr0075645	CG7011-RA	CG7011
OG0006115	FBtr0075643	CG6878-RA	CG6878
OG0006116	FBtr0075644	CG6888-RA	Prx1
OG0006117	FBtr0075607	CG6890-RA	Tollo
OG0006118	FBtr0113172	CG7259-RB	Best4
OG0006119	FBtr0075618	CG12327-RA	Best3
OG0006120	FBtr0100360	CG7255-RF	CG7255
OG0006121	FBtr0075614	CG7250-RA	Toll-6
OG0006122	FBtr0113333	CG12355-RB	CG12355
OG0006123	FBtr0075544	CG13455-RA	CG13455
OG0006124	FBtr0075546	CG7276-RB	CG7276
OG0006125	FBtr0075547	CG7275-RA	CG7275
OG0006126	FBtr0075548	CG7272-RA	CG7272
OG0006127	FBtr0075605	CG7857-RA	Otud6
OG0006128	FBtr0075604	CG7841-RA	CG7841
OG0006129	FBtr0075549	CG17962-RA	Z600
OG0006130	FBtr0091757	CG33756-RA	gdl
OG0006131	FBtr0330177	CG7266-RG	MsrA
OG0006132	FBtr0075603	CG13454-RA	CG13454
OG0006133	FBtr0075602	CG7936-RA	mex1
OG0006134	FBtr0075556	CG7463-RA	yellow-k
OG0006135	FBtr0075600	CG7945-RA	CG7945
OG0006136	FBtr0305542	CG33986-RB	CG33986
OG0006137	FBtr0100030	CG33985-RA	CG33985
OG0006138	FBtr0303077	CG42729-RA	CG42729
OG0006139	FBtr0303076	CG42728-RA	CG42728
OG0006140	FBtr0100028	CG33983-RA	obst-H
OG0006141	FBtr0075560	CG7439-RC	AGO2
OG0006142	FBtr0075596	CG7739-RA	CG7739
OG0006143	FBtr0306155	CG7427-RC	SCCRO
OG0006144	FBtr0075562	CG6498-RA	dop
OG0006145	FBtr0075563	CG16979-RA	Ufsp2
OG0006146	FBtr0075595	CG7764-RA	mrn
OG0006147	FBtr0075564	CG12301-RA	CG12301
OG0006148	FBtr0075565	CG12304-RA	AIMP2
OG0006149	FBtr0300329	CG7656-RD	CG7656
OG0006150	FBtr0290065	CG32149-RD	RhoGAP71E
OG0006151	FBtr0075591	CG7650-RA	PhLP1
OG0006152	FBtr0075590	CG13449-RA	CG13449
OG0006153	FBtr0299851	CG42334-RD	comm3
OG0006154	FBtr0075570	CG7372-RA	Phs
OG0006155	FBtr0075577	CG7304-RB	CG7304
OG0006156	FBtr0075581	CG7579-RA	CG7579
OG0006157	FBtr0075578	CG7297-RA	Pgant8
OG0006158	FBtr0075580	CG7554-RA	comm2
OG0006159	FBtr0331799	CG42571-RB	CG42571
OG0006160	FBtr0301333	CG42570-RA	CG42570
OG0006161	FBtr0075579	CG17943-RA	comm
OG0006162	FBtr0075503	CG13445-RA	CG13445
OG0006163	FBtr0075542	CG6151-RA	fwe
OG0006164	FBtr0075504	CG6215-RA	CkIIalpha-i1
OG0006165	FBtr0304975	CG6169-RE	DCP2
OG0006166	FBtr0075506	CG12713-RA	CG12713
OG0006167	FBtr0334981	CG44099-RN	pHCl-1
OG0006168	FBtr0089527	CG6114-RA	sff
OG0006169	FBtr0075528	CG6117-RB	Pka-C3
OG0006170	FBtr0075509	CG17035-RA	GXIVsPLA2
OG0006171	FBtr0075510	CG17033-RA	elgi
OG0006172	FBtr0075511	CG17032-RA	CG17032
OG0006173	FBtr0075512	CG10516-RA	CG10516
OG0006174	FBtr0330160	CG5942-RE	brm
OG0006175	FBtr0075517	CG6025-RA	Arl1
OG0006176	FBtr0075522	CG5949-RA	PolD1
OG0006177	FBtr0330161	CG6017-RB	Hip14
OG0006178	FBtr0333579	CG5830-RB	hzg
OG0006179	FBtr0075519	CG5904-RA	mRpS31
OG0006180	FBtr0075520	CG5841-RA	mib1
OG0006181	FBtr0075435	CG13076-RA	Notum
OG0006182	FBtr0301002	CG42538-RA	CG42538
OG0006183	FBtr0075437	CG5895-RA	CG5895
OG0006184	FBtr0075499	CG12284-RB	Diap1
OG0006185	FBtr0308215	CG32156-RO	Mbs
OG0006186	FBtr0075498	CG5241-RA	Tasp1
OG0006187	FBtr0302503	CG5284-RC	ClC-c
OG0006188	FBtr0075496	CG13074-RA	CG13074
OG0006189	FBtr0302328	CG5414-RB	IleRS-m
OG0006190	FBtr0075495	CG5222-RA	IntS9
OG0006191	FBtr0075494	CG5215-RB	Zn72D
OG0006192	FBtr0114589	CG5444-RE	Taf4
OG0006193	FBtr0075452	CG12272-RA	Strump
OG0006194	FBtr0075492	CG5165-RA	Pgm1
OG0006195	FBtr0075453	CG5474-RA	SsRbeta
OG0006196	FBtr0075491	CG5161-RA	Trs20
OG0006197	FBtr0089713	CG16838-RC	elg1
OG0006198	FBtr0075490	CG5157-RA	firewood
OG0006199	FBtr0346507	CG32152-RB	CG32152
OG0006200	FBtr0333565	CG5018-RB	l(3)72Dn
OG0006201	FBtr0075457	CG5027-RA	Tmx3
OG0006202	FBtr0075483	CG13072-RA	PDCD-5
OG0006203	FBtr0301481	CG5057-RB	MED10
OG0006204	FBtr0112440	CG34246-RA	Hsc20
OG0006205	FBtr0075459	CG32155-RA	l(3)72Dp
OG0006206	FBtr0075460	CG32154-RA	l(3)72Dr
OG0006207	FBtr0075482	CG13055-RA	CG13055
OG0006208	FBtr0075481	CG13054-RA	CG13054
OG0006209	FBtr0075480	CG13053-RA	CG13053
OG0006210	FBtr0112441	CG34247-RA	CG34247
OG0006211	FBtr0303379	CG13071-RB	CG13071
OG0006212	FBtr0303380	CG13070-RB	CG13070
OG0006213	FBtr0112771	CG13051-RA	CG13051
OG0006214	FBtr0075463	CG13069-RA	CG13069
OG0006215	FBtr0290260	CG4950-RB	CG4950
OG0006216	FBtr0075465	CG13067-RA	CG13067
OG0006217	FBtr0302928	CG13066-RB	CG13066
OG0006218	FBtr0075468	CG13065-RA	CG13065
OG0006219	FBtr0075478	CG13050-RA	CG13050
OG0006220	FBtr0089378	CG13064-RA	CG13064
OG0006221	FBtr0075477	CG13049-RA	CG13049
OG0006222	FBtr0289964	CG13047-RB	CG13047
OG0006223	FBtr0289963	CG13046-RB	CG13046
OG0006224	FBtr0306796	CG13045-RB	CG13045
OG0006225	FBtr0075471	CG4962-RA	CG4962
OG0006226	FBtr0075469	CG4982-RA	CG4982
OG0006227	FBtr0306310	CG43249-RA	CG43249
OG0006228	FBtr0075433	CG13042-RA	CG13042
OG0006229	FBtr0303000	CG13062-RB	CG13062
OG0006230	FBtr0075369	CG13061-RA	Nplp3
OG0006231	FBtr0075371	CG13059-RA	CG13059
OG0006232	FBtr0075431	CG13040-RA	CG13040
OG0006233	FBtr0075430	CG13039-RA	CG13039
OG0006234	FBtr0075429	CG13038-RA	CG13038
OG0006235	FBtr0075372	CG13058-RA	CG13058
OG0006236	FBtr0113448	CG33061-RB	CG33061
OG0006237	FBtr0075376	CG13056-RA	CG13056
OG0006238	FBtr0110866	CG4998-RB	CG4998
OG0006239	FBtr0075378	CG33257-RA	CG33257
OG0006240	FBtr0075379	CG42648-RA	mRpS34
OG0006241	FBtr0075428	CG4925-RA	Golgin104
OG0006242	FBtr0075381	CG4933-RA	Tcs3
OG0006243	FBtr0075426	CG4899-RA	Pdh
OG0006244	FBtr0344398	CG45057-RA	ringer
OG0006245	FBtr0075382	CG4818-RA	Cpr72Ea
OG0006246	FBtr0075383	CG12255-RA	Cpr72Eb
OG0006247	FBtr0075424	CG4784-RA	Cpr72Ec
OG0006248	FBtr0075423	CG16807-RA	roq
OG0006249	FBtr0343550	CG44836-RE	CG44836
OG0006250	FBtr0075388	CG4680-RA	Gagr
OG0006251	FBtr0075412	CG4609-RA	fax
OG0006252	FBtr0331174	CG4672-RF	Serinc
OG0006253	FBtr0075411	CG4573-RA	GluRS-m
OG0006254	FBtr0075410	CG4561-RA	TyrRS
OG0006255	FBtr0075390	CG33158-RB	CG33158
OG0006256	FBtr0075409	CG32159-RB	dsx-c73A
OG0006257	FBtr0075408	CG4531-RA	aos
OG0006258	FBtr0300655	CG42514-RA	CG42514
OG0006259	FBtr0075391	CG4314-RA	st
OG0006260	FBtr0307368	CG43373-RC	CG43373
OG0006261	FBtr0075400	CG13033-RA	CG13033
OG0006262	FBtr0075392	CG4229-RA	CG4229
OG0006263	FBtr0075398	CG4123-RB	Mipp1
OG0006264	FBtr0330137	CG4143-RE	mbf1
OG0006265	FBtr0089478	CG4118-RA	nxf2
OG0006266	FBtr0075395	CG16725-RA	Smn
OG0006267	FBtr0075308	CG4157-RA	Rpn12
OG0006268	FBtr0075309	CG4169-RA	UQCR-C2
OG0006269	FBtr0075365	CG4109-RA	Syx8
OG0006270	FBtr0075310	CG32163-RA	CG32163
OG0006271	FBtr0075311	CG4195-RA	sist
OG0006272	FBtr0075363	CG17286-RA	spd-2
OG0006273	FBtr0075361	CG4098-RA	CG4098
OG0006274	FBtr0075360	CG4097-RA	Prosbeta6
OG0006275	FBtr0075359	CG4086-RA	mPges2
OG0006276	FBtr0075314	CG4101-RA	CG4101
OG0006277	FBtr0075358	CG4083-RA	Mo25
OG0006278	FBtr0075355	CG3971-RA	Baldspot
OG0006279	FBtr0075352	CG3948-RA	zetaCOP
OG0006280	FBtr0075316	CG13032-RA	Ccdc13
OG0006281	FBtr0100145	CG3849-RB	Lasp
OG0006282	FBtr0075317	CG9692-RB	CG9692
OG0006283	FBtr0330189	CG9695-RF	Dab
OG0006284	FBtr0075319	CG13031-RA	CG13031
OG0006285	FBtr0299542	CG13026-RB	CG13026
OG0006286	FBtr0075348	CG9681-RA	PGRP-SB1
OG0006287	FBtr0075347	CG9680-RA	Dbp73D
OG0006288	FBtr0075321	CG9701-RA	CG9701
OG0006289	FBtr0075322	CG9704-RB	Nrt
OG0006290	FBtr0075346	CG13025-RA	mus302
OG0006291	FBtr0474236	CG9706-RC	CG9706
OG0006292	FBtr0075345	CG9677-RA	eIF3e
OG0006293	FBtr0305916	CG9674-RF	Glts
OG0006294	FBtr0075328	CG9710-RA	nudC
OG0006295	FBtr0305913	CG13024-RC	CG13024
OG0006296	FBtr0075329	CG9712-RA	TSG101
OG0006297	FBtr0075330	CG9715-RA	Zcchc7
OG0006298	FBtr0075338	CG9668-RA	Rh4
OG0006299	FBtr0075332	CG9949-RA	sina
OG0006300	FBtr0301683	CG13030-RC	sinah
OG0006301	FBtr0075336	CG13029-RC	CG13029
OG0006302	FBtr0075337	CG9951-RA	CG9951
OG0006303	FBtr0075258	CG32170-RA	CG32170
OG0006304	FBtr0302786	CG42679-RK	Lmpt
OG0006305	FBtr0075261	CG13028-RA	CG13028
OG0006306	FBtr0075307	CG13023-RA	CG13023
OG0006307	FBtr0113176	CG9665-RB	Cpr73D
OG0006308	FBtr0113177	CG13027-RB	Obp73a
OG0006309	FBtr0302650	CG42665-RD	Exn
OG0006310	FBtr0321285	CG3764-RB	CG3764
OG0006311	FBtr0075293	CG6664-RA	Ccdc6
OG0006312	FBtr0075274	CG7728-RA	CG7728
OG0006313	FBtr0075290	CG6642-RA	4Csp4
OG0006314	FBtr0089584	CG7730-RC	CG7730
OG0006315	FBtr0290221	CG14059-RB	Ilp8
OG0006316	FBtr0075278	CG7842-RA	beg
OG0006317	FBtr0091474	CG33522-RA	scaf6
OG0006318	FBtr0075279	CG7853-RA	Papst2
OG0006319	FBtr0075286	CG14057-RA	Pop5
OG0006320	FBtr0075282	CG7725-RB	rogdi
OG0006321	FBtr0075284	CG7724-RA	CG7724
OG0006322	FBtr0075251	CG6512-RA	Afg3l2
OG0006323	FBtr0075212	CG7707-RA	CG7707
OG0006324	FBtr0075250	CG6497-RA	CG6497
OG0006325	FBtr0075249	CG6485-RA	ND-24L
OG0006326	FBtr0075248	CG13725-RA	CG13725
OG0006327	FBtr0075245	CG6479-RA	CG6479
OG0006328	FBtr0075242	CG16793-RA	brv2
OG0006329	FBtr0075241	CG6456-RA	Mip
OG0006330	FBtr0075216	CG7659-RA	tap
OG0006331	FBtr0075239	CG6445-RB	Cad74A
OG0006332	FBtr0075238	CG13728-RA	CG13728
OG0006333	FBtr0306800	CG13731-RB	CG13731
OG0006334	FBtr0075231	CG3885-RA	Sec3
OG0006335	FBtr0075217	CG7630-RA	COX7B
OG0006336	FBtr0075229	CG33052-RA	Gorab
OG0006337	FBtr0075227	CG32174-RB	Coq4
OG0006338	FBtr0075228	CG3874-RA	frc
OG0006339	FBtr0075218	CG32176-RA	CG32176
OG0006340	FBtr0075219	CG18265-RA	CG18265
OG0006341	FBtr0075220	CG7603-RA	QIL1
OG0006342	FBtr0075224	CG6333-RA	CG6333
OG0006343	FBtr0075174	CG32185-RA	edin
OG0006344	FBtr0075173	CG7571-RA	Oatp74D
OG0006345	FBtr0075209	CG6322-RA	U4-U6-60K
OG0006346	FBtr0075175	CG7564-RA	CG7564
OG0006347	FBtr0075208	CG6311-RB	Edc3
OG0006348	FBtr0300519	CG42279-RJ	Nedd4
OG0006349	FBtr0473621	CG6298-RC	Jon74E
OG0006350	FBtr0075205	CG6292-RB	CycT
OG0006351	FBtr0075201	CG6259-RA	Vps60
OG0006352	FBtr0333121	CG7510-RB	anchor
OG0006353	FBtr0300284	CG7497-RB	Pgr
OG0006354	FBtr0075199	CG6143-RB	Pep
OG0006355	FBtr0075210	CG32177-RA	Ndfip
OG0006356	FBtr0075197	CG32179-RA	Krn
OG0006357	FBtr0075184	CG7484-RB	CG7484
OG0006358	FBtr0330162	CG6064-RB	Crtc
OG0006359	FBtr0112445	CG34251-RA	CG34251
OG0006360	FBtr0075186	CG32183-RB	Ccn
OG0006361	FBtr0075190	CG5992-RA	Adgf-A
OG0006362	FBtr0075192	CG32178-RA	Adgf-A2
OG0006363	FBtr0301018	CG32181-RB	CG32181
OG0006364	FBtr0075167	CG5582-RA	Cln3
OG0006365	FBtr0273392	CG14585-RB	Ir75a
OG0006366	FBtr0075139	CG7446-RA	Grd
OG0006367	FBtr0075162	CG5577-RA	CG5577
OG0006368	FBtr0075161	CG5567-RA	CG5567
OG0006369	FBtr0075160	CG5546-RA	MED19
OG0006370	FBtr0075140	CG7430-RA	Dld
OG0006371	FBtr0075141	CG7441-RA	TrpRS-m
OG0006372	FBtr0075154	CG5492-RA	Tsp74F
OG0006373	FBtr0075153	CG5485-RA	Prestin
OG0006374	FBtr0075144	CG14353-RA	Wdr92
OG0006375	FBtr0075152	CG5290-RA	CG5290
OG0006376	FBtr0112447	CG34253-RA	CG34253
OG0006377	FBtr0075137	CG13698-RB	CG13698
OG0006378	FBtr0075121	CG7354-RA	mRpS26
OG0006379	FBtr0075136	CG5147-RA	Polr3D
OG0006380	FBtr0075122	CG7347-RA	mus304
OG0006381	FBtr0075123	CG7341-RA	CG7341
OG0006382	FBtr0075135	CG5137-RA	Cyp312a1
OG0006383	FBtr0075127	CG7330-RA	CG7330
OG0006384	FBtr0075134	CG13699-RA	CG13699
OG0006385	FBtr0075133	CG5123-RA	hid
OG0006386	FBtr0310156	CG7320-RB	CG7320
OG0006387	FBtr0075129	CG7313-RA	CheA75a
OG0006388	FBtr0332866	CG13700-RE	CG13700
OG0006389	FBtr0075130	CG4345-RA	grim
OG0006390	FBtr0075119	CG13701-RA	skl
OG0006391	FBtr0273401	CG32196-RB	CG32196
OG0006392	FBtr0075117	CG4306-RA	CG4306
OG0006393	FBtr0346968	CG13702-RF	AstC-R2
OG0006394	FBtr0089578	CG7285-RA	AstC-R1
OG0006395	FBtr0300049	CG18234-RC	CG18234
OG0006396	FBtr0304702	CG18233-RB	CG18233
OG0006397	FBtr0331419	CG32199-RB	CG32199
OG0006398	FBtr0075108	CG6897-RA	bora
OG0006399	FBtr0075049	CG6896-RA	MYPT-75D
OG0006400	FBtr0075098	CG18811-RA	Capr
OG0006401	FBtr0075094	CG4144-RB	GNBP2
OG0006402	FBtr0075050	CG6895-RA	GNBP1
OG0006403	FBtr0112448		
OG0006404	FBtr0113179	CG13379-RB	Sgf11
OG0006405	FBtr0075051	CG32202-RA	CG32202
OG0006406	FBtr0075091	CG4120-RA	Cyp12c1
OG0006407	FBtr0114373	CG6893-RB	CG6893
OG0006408	FBtr0075090	CG18363-RA	Dic4
OG0006409	FBtr0075053	CG6885-RA	CG6885
OG0006410	FBtr0075054	CG6884-RA	MED11
OG0006411	FBtr0075088	CG4076-RA	Nufip
OG0006412	FBtr0075055	CG6877-RA	Atg3
OG0006413	FBtr0075086	CG4059-RB	ftz-f1
OG0006414	FBtr0075084	CG14073-RB	CG14073
OG0006415	FBtr0075056	CG6874-RA	HipHop
OG0006416	FBtr0308811	CG6865-RB	CG6865
OG0006418	FBtr0075071	CG18223-RA	CG18223
OG0006419	FBtr0075048	CG3819-RA	CG3819
OG0006420	FBtr0113429	CG32204-RB	CG32204
OG0006421	FBtr0075023	CG6836-RA	CG6836
OG0006422	FBtr0075024	CG14075-RA	CG14075
OG0006423	FBtr0075046	CG11619-RA	CG11619
OG0006424	FBtr0075045	CG18135-RD	CG18135
OG0006425	FBtr0075025	CG6812-RA	Sfxn2
OG0006426	FBtr0330089	CG14080-RC	Mkp3
OG0006427	FBtr0330090	CG6818-RB	MESR6
OG0006428	FBtr0075034	CG11577-RA	CNPYb
OG0006429	FBtr0075033	CG10424-RA	Naxd
OG0006430	FBtr0075027	CG14079-RA	CG14079
OG0006431	FBtr0075032	CG10419-RA	Gem2
OG0006432	FBtr0330092	CG14082-RD	CG14082
OG0006433	FBtr0330195	CG9739-RF	fz2
OG0006434	FBtr0075022	CG9730-RA	mRpL21
OG0006435	FBtr0074988	CG9750-RA	rept
OG0006436	FBtr0075019	CG9655-RA	nes
OG0006437	FBtr0074989	CG14084-RA	Bet1
OG0006438	FBtr0075018	CG9648-RA	Max
OG0006439	FBtr0074991	CG9666-RA	Mettl5
OG0006440	FBtr0075017	CG9629-RA	Aldh7A1
OG0006441	FBtr0074992	CG14085-RA	CG14085
OG0006442	FBtr0344806	CG14086-RD	CG14086
OG0006443	FBtr0075015	CG14089-RA	CG14089
OG0006444	FBtr0075014	CG9619-RA	Gbs-76A
OG0006445	FBtr0290284	CG9670-RB	fal
OG0006446	FBtr0331182	CG32206-RE	CG32206
OG0006447	FBtr0074982	CG9472-RA	brv1
OG0006448	FBtr0290044	CG9449-RF	CG9449
OG0006449	FBtr0074979	CG9451-RA	CG9451
OG0006450	FBtr0074978	CG9452-RA	CG9452
OG0006451	FBtr0074977	CG9283-RA	Cpr76Ba
OG0006452	FBtr0074933	CG9290-RA	Cpr76Bb
OG0006453	FBtr0113180	CG9295-RC	Cpr76Bc
OG0006454	FBtr0332755	CG9299-RC	Cpr76Bd
OG0006455	FBtr0074976	CG9279-RB	Dred
OG0006456	FBtr0074974	CG32210-RA	Ltn1
OG0006457	FBtr0074936	CG14098-RA	Rcd7
OG0006458	FBtr0074938	CG9300-RA	CG9300
OG0006459	FBtr0112853	CG9262-RB	Shal
OG0006460	FBtr0074972	CG9231-RA	CG9231
OG0006461	FBtr0074940	CG9330-RA	CG9330
OG0006462	FBtr0074971	CG14100-RA	CG14100
OG0006463	FBtr0306009	CG8887-RB	ash1
OG0006464	FBtr0074941	CG32211-RA	Taf6
OG0006465	FBtr0074944	CG9368-RA	CG9368
OG0006466	FBtr0074969	CG8807-RA	lush
OG0006467	FBtr0074945	CG9372-RA	CG9372
OG0006468	FBtr0273410	CG8798-RC	Lon
OG0006469	FBtr0074946	CG9376-RA	PIG-F
OG0006470	FBtr0074966	CG8793-RA	l(3)76BDm
OG0006471	FBtr0074947	CG9383-RA	asf1
OG0006472	FBtr0290116	CG8786-RC	Rnf146
OG0006473	FBtr0074961	CG8782-RA	Oat
OG0006474	FBtr0273407	CG8780-RB	tey
OG0006475	FBtr0089597	CG8765-RA	CG8765
OG0006476	FBtr0074949	CG8770-RA	Gbeta76C
OG0006477	FBtr0074873	CG8522-RA	SREBP
OG0006478	FBtr0074928	CG14102-RA	CG14102
OG0006479	FBtr0074927	CG14103-RA	TORIP
OG0006480	FBtr0074881	CG8548-RA	Kap-alpha1
OG0006481	FBtr0074925	CG8733-RA	Cyp305a1
OG0006482	FBtr0074882	CG8567-RA	Deaf1
OG0006483	FBtr0332154	CG8637-RB	trc
OG0006484	FBtr0301008	CG32221-RB	CG32221
OG0006485	FBtr0074884	CG8491-RA	kto
OG0006486	FBtr0074888	CG8363-RD	Papss
OG0006487	FBtr0074921	CG8287-RA	Rab8
OG0006488	FBtr0332148		
OG0006489	FBtr0074920	CG32217-RA	Su(Tpl)
OG0006490	FBtr0074894	CG7770-RA	Pfdn6
OG0006491	FBtr0304746	CG7978-RB	Ac76E
OG0006492	FBtr0074913	CG14182-RA	CG14182
OG0006493	FBtr0303781	CG17732-RB	CG17732
OG0006494	FBtr0074912	CG7570-RA	hale
OG0006495	FBtr0074899	CG17736-RA	schuy
OG0006496	FBtr0074910	CG7445-RA	fln
OG0006497	FBtr0074902	CG7641-RA	Nca
OG0006498	FBtr0074908	CG7433-RB	Gabat
OG0006499	FBtr0074903	CG7654-RA	Tom20
OG0006500	FBtr0074871	CG7395-RA	sNPF-R
OG0006501	FBtr0074870	CG14186-RA	CG14186
OG0006502	FBtr0074818	CG14185-RA	CG14185
OG0006503	FBtr0074869	CG7385-RA	Ir76b
OG0006504	FBtr0074868	CG14187-RA	CG14187
OG0006505	FBtr0074867	CG7365-RA	CG7365
OG0006506	FBtr0074819	CG6975-RA	gig
OG0006507	FBtr0074866	CG7348-RA	obst-J
OG0006508	FBtr0074864	CG7328-RA	Khk
OG0006509	FBtr0302714	CG42674-RC	CG42674
OG0006510	FBtr0074820	CG6981-RB	Ssk
OG0006511	FBtr0074860	CG7306-RA	obst-F
OG0006512	FBtr0302721	CG6996-RB	CG6996
OG0006513	FBtr0074856	CG7017-RA	CG7017
OG0006514	FBtr0074825	CG17149-RA	Su(var)3-3
OG0006515	FBtr0074827	CG13813-RA	wall
OG0006516	FBtr0074850	CG17233-RC	CG17233
OG0006517	FBtr0074830	CG6948-RA	Clc
OG0006518	FBtr0074828	CG6951-RB	CG6951
OG0006519	FBtr0342947	CG44746-RF	rdgC
OG0006520	FBtr0074849	CG17122-RA	CG17122
OG0006521	FBtr0074847	CG6480-RA	FRG1
OG0006522	FBtr0074846	CG32226-RA	Pex23
OG0006523	FBtr0074837	CG6597-RA	SCCRO4
OG0006524	FBtr0074845	CG32225-RA	CG32225
OG0006525	FBtr0074839	CG12306-RA	polo
OG0006526	FBtr0074840	CG6625-RA	alphaSnap
OG0006527	FBtr0078242	CG5585-RA	Rbbp5
OG0006528	FBtr0331818	CG5605-RI	eRF1
OG0006529	FBtr0078179	CG5618-RA	CG5618
OG0006530	FBtr0078181	CG5649-RA	kin17
OG0006531	FBtr0078241	CG5553-RA	Prim2
OG0006532	FBtr0078240	CG5528-RA	Toll-9
OG0006533	FBtr0078183	CG16993-RA	in
OG0006534	FBtr0473581	CG13247-RB	CG13247
OG0006535	FBtr0273273	CG5517-RB	Ide
OG0006536	FBtr0330157	CG5701-RB	RhoBTB
OG0006537	FBtr0078238	CG5498-RB	CG5498
OG0006538	FBtr0078187	CG5725-RE	fbl
OG0006539	FBtr0100010	CG33969-RA	CG33969
OG0006540	FBtr0078235	CG5408-RA	trbl
OG0006541	FBtr0078234	CG13248-RA	CG13248
OG0006542	FBtr0078233	CG5282-RA	CG5282
OG0006543	FBtr0078231	CG5274-RB	CG5274
OG0006544	FBtr0290266	CG5231-RC	Las
OG0006545	FBtr0078192	CG18803-RA	Psn
OG0006546	FBtr0078227	CG5219-RA	mRpL15
OG0006547	FBtr0078194	CG5872-RA	CtIP
OG0006548	FBtr0078225	CG11796-RA	Hpd
OG0006549	FBtr0078195	CG5910-RA	CG5910
OG0006550	FBtr0078223	CG5195-RA	atk
OG0006551	FBtr0078196	CG5932-RA	mag
OG0006552	FBtr0078197	CG5955-RA	Tdh
OG0006553	FBtr0303381	CG32428-RC	CG32428
OG0006554	FBtr0078198	CG5969-RA	CG5969
OG0006555	FBtr0078199	CG5976-RB	isoQC
OG0006556	FBtr0078220	CG5130-RA	ZnT77C
OG0006557	FBtr0078201	CG6020-RA	ND-39
OG0006558	FBtr0078203	CG32425-RE	CG32425
OG0006559	FBtr0078216	CG5059-RA	BNIP3
OG0006560	FBtr0078215	CG5047-RA	mTerf3
OG0006561	FBtr0078209	CG5104-RB	CG5104
OG0006562	FBtr0078214	CG4825-RA	Pss
OG0006563	FBtr0078210	CG4858-RA	Nubp2
OG0006564	FBtr0078212	CG4761-RA	knrl
OG0006565	FBtr0078243	CG13251-RA	CG13251
OG0006566	FBtr0344836	CG4717-RB	kni
OG0006567	FBtr0078281	CG32433-RA	Gr77a
OG0006568	FBtr0078280		
OG0006569	FBtr0078279	CG4042-RA	Dmac2
OG0006570	FBtr0078247	CG4268-RA	Pitslre
OG0006571	FBtr0078278	CG3947-RA	Pex16
OG0006572	FBtr0078251	CG4289-RA	Pex14
OG0006573	FBtr0078277	CG11399-RB	Pcif1
OG0006574	FBtr0078276	CG11396-RA	CG11396
OG0006575	FBtr0078274	CG3871-RA	Six4
OG0006576	FBtr0078273	CG3698-RA	CG3698
OG0006577	FBtr0078254	CG4365-RC	tzn
OG0006578	FBtr0078272	CG3634-RA	CG3634
OG0006579	FBtr0078256	CG3680-RA	HIPP1
OG0006580	FBtr0078271	CG3618-RA	CG3618
OG0006581	FBtr0302637	CG42341-RV	Pka-R1
OG0006582	FBtr0078262	CG3288-RA	CG3288
OG0006583	FBtr0078263	CG13255-RA	CG13255
OG0006584	FBtr0078269	CG18332-RA	CSN3
OG0006585	FBtr0078264	CG11456-RA	CG11456
OG0006586	FBtr0078268	CG32432-RA	CG32432
OG0006587	FBtr0078267	CG10580-RA	fng
OG0006588	FBtr0078266	CG10589-RA	CG10589
OG0006589	FBtr0078286	CG12984-RA	CG12984
OG0006590	FBtr0112830	CG9936-RE	skd
OG0006591	FBtr0078287	CG10585-RA	Pdss2
OG0006592	FBtr0078327	CG10584-RA	CG10584
OG0006593	FBtr0078288	CG10582-RA	Polr3E
OG0006594	FBtr0078326	CG10581-RA	CG10581
OG0006595	FBtr0078289	CG32434-RB	Iqsec
OG0006596	FBtr0078324	CG10573-RA	ko
OG0006597	FBtr0078292	CG10566-RA	ICA69
OG0006598	FBtr0078323	CG10565-RA	Zrf1
OG0006599	FBtr0330067	CG10564-RE	Ac78C
OG0006600	FBtr0089463	CG33486-RA	Asns
OG0006601	FBtr0089460	CG32435-RB	chb
OG0006602	FBtr0299857	CG42337-RB	CG42337
OG0006603	FBtr0078318	CG10523-RB	park
OG0006604	FBtr0078311	CG33056-RA	Targ2
OG0006605	FBtr0078297	CG10512-RA	CG10512
OG0006606	FBtr0078310	CG10510-RA	CG10510
OG0006607	FBtr0307387	CG10508-RK	CG10508
OG0006608	FBtr0078309	CG12975-RA	Trmt112
OG0006609	FBtr0078305	CG10504-RA	Ilk
OG0006610	FBtr0078306	CG18023-RA	Eip78C
OG0006611	FBtr0078417	CG9391-RA	CG9391
OG0006612	FBtr0078415	CG9389-RA	CG9389
OG0006613	FBtr0078413	CG9390-RA	AcCoAS
OG0006614	FBtr0078412	CG7758-RA	ppl
OG0006615	FBtr0078411	CG12974-RB	CG12974
OG0006616	FBtr0078336	CG7752-RA	pzg
OG0006617	FBtr0078337	CG7663-RA	Cpr78Cb
OG0006618	FBtr0078408	CG7673-RA	Edg78E
OG0006619	FBtr0078407	CG11309-RA	CG11309
OG0006620	FBtr0078339	CG7632-RA	CG7632
OG0006621	FBtr0078405	CG32443-RA	Pc
OG0006622	FBtr0078342	CG7338-RA	Tsr1
OG0006623	FBtr0078404	CG7324-RA	Tbc1d8-9
OG0006624	FBtr0078343	CG32436-RA	CG32436
OG0006625	FBtr0078403	CG12972-RA	ebd2
OG0006626	FBtr0331796	CG12971-RC	CG12971
OG0006627	FBtr0078344	CG32437-RA	CG32437
OG0006628	FBtr0078345	CG32440-RA	CG32440
OG0006629	FBtr0078401	CG11308-RA	sa
OG0006630	FBtr0309230	CG6014-RB	rgn
OG0006631	FBtr0301013	CG33288-RC	CG33288
OG0006632	FBtr0330156	CG5683-RD	Aef1
OG0006633	FBtr0078351	CG5081-RA	Syx7
OG0006634	FBtr0078395	CG5069-RA	croc
OG0006635	FBtr0078353	CG7519-RA	CG7519
OG0006636	FBtr0078389	CG7199-RB	Hr78
OG0006637	FBtr0332717	CG33214-RB	Glg1
OG0006638	FBtr0078354	CG7529-RA	Est-Q
OG0006639	FBtr0332715	CG7540-RF	M6
OG0006640	FBtr0078387	CG7186-RA	SAK
OG0006641	FBtr0078383	CG7184-RA	Mkrn1
OG0006642	FBtr0078368	CG7619-RA	Rpn10
OG0006643	FBtr0078369	CG7625-RA	VhaM9.7-b
OG0006644	FBtr0078379	CG14575-RB	CapaR
OG0006645	FBtr0078377	CG7172-RA	CRIF
OG0006646	FBtr0301600	CG32438-RE	SMC5
OG0006647	FBtr0300057	CG32441-RC	EMC10
OG0006648	FBtr0333466	CG7807-RD	TfAP-2
OG0006649	FBtr0078466	CG7169-RA	S1P
OG0006650	FBtr0301160	CG11307-RC	CG11307
OG0006651	FBtr0301161	CG7166-RB	CG7166
OG0006652	FBtr0078422	CG11306-RA	Alg11
OG0006653	FBtr0078464	CG7162-RA	MED1
OG0006654	FBtr0078423	CG14577-RA	ORMDL
OG0006655	FBtr0078425	CG32445-RA	Galml1
OG0006656	FBtr0330117	CG32446-RB	Atox1
OG0006657	FBtr0333974	CG43980-RC	CG43980
OG0006658	FBtr0078463	CG7160-RA	Cpr78E
OG0006659	FBtr0078429	CG11249-RA	Pykl5
OG0006660	FBtr0078462	CG7158-RA	Als2
OG0006661	FBtr0078430	CG11248-RB	CG11248
OG0006662	FBtr0078461	CG32447-RB	CG32447
OG0006663	FBtr0078458	CG11247-RB	Saft
OG0006664	FBtr0078432	CG11246-RA	Polr2H
OG0006665	FBtr0078457	CG14570-RA	CG14570
OG0006666	FBtr0078456	CG14569-RA	CG14569
OG0006667	FBtr0078455	CG14568-RA	CG14568
OG0006668	FBtr0078433	CG14573-RA	CG14573
OG0006669	FBtr0078454	CG14567-RA	CG14567
OG0006670	FBtr0078453	CG14566-RA	CG14566
OG0006671	FBtr0078434	CG14572-RA	CG14572
OG0006672	FBtr0078452	CG14565-RA	CG14565
OG0006673	FBtr0078450	CG7152-RB	Syn1
OG0006674	FBtr0078435	CG14564-RA	CG14564
OG0006675	FBtr0078437	CG7383-RB	eg
OG0006676	FBtr0078439	CG7405-RA	CycH
OG0006677	FBtr0078440	CG7407-RA	CG7407
OG0006678	FBtr0078441	CG7414-RA	eIF2A
OG0006679	FBtr0078448	CG7148-RA	CG7148
OG0006680	FBtr0332811	CG7421-RE	Nopp140
OG0006681	FBtr0078445	CG7145-RA	P5cdh1
OG0006682	FBtr0078444	CG14563-RA	CG14563
OG0006683	FBtr0304984	CG7437-RK	mub
OG0006684	FBtr0078489	CG7143-RA	PolH
OG0006685	FBtr0078472	CG14562-RA	CG14562
OG0006686	FBtr0334089	CG7464-RD	Chs2
OG0006687	FBtr0078477	CG7470-RA	P5cs
OG0006688	FBtr0114546	CG7140-RB	G6pdl
OG0006689	FBtr0078479	CG7485-RA	Oct-TyrR
OG0006690	FBtr0078481	CG7490-RA	RpLP0
OG0006691	FBtr0301492	CG12673-RB	olf413
OG0006692	FBtr0078512	CG9063-RA	Rich
OG0006693	FBtr0078492	CG9054-RA	Ddx1
OG0006694	FBtr0078511	CG11523-RA	CG11523
OG0006695	FBtr0078494	CG6395-RB	Csp
OG0006696	FBtr0306596	CG11489-RK	Srpk79D
OG0006697	FBtr0078510	CG5837-RA	Hem
OG0006698	FBtr0078498	CG11471-RA	IleRS
OG0006699	FBtr0330159	CG5723-RE	Ten-m
OG0006700	FBtr0078501	CG32450-RA	CG32450
OG0006701	FBtr0078508	CG11440-RA	laza
OG0006702	FBtr0078504	CG11438-RA	CG11438
OG0006703	FBtr0078505	CG11437-RA	CG11437
OG0006704	FBtr0078506	CG11426-RA	CG11426
OG0006705	FBtr0078507	CG11425-RA	CG11425
OG0006706	FBtr0078513	CG11404-RA	CG11404
OG0006707	FBtr0474121	CG14459-RF	CG14459
OG0006708	FBtr0078515	CG6914-RA	ND-B14.5AL
OG0006709	FBtr0473608	CG33768-RB	CG33768
OG0006711	FBtr0303714	CG33772-RC	CG33772
OG0006712	FBtr0100669	CG14457-RB	Jhbp6
OG0006713	FBtr0331777	CG14455-RB	CG14455
OG0006714	FBtr0289975	CG14456-RB	CG14456
OG0006715	FBtr0078522	CG11370-RA	CG11370
OG0006716	FBtr0331775	CG6838-RH	ArfGAP3
OG0006717	FBtr0078538	CG14451-RA	CG14451
OG0006718	FBtr0089631	CG11254-RC	mael
OG0006719	FBtr0078537	CG14450-RA	CG14450
OG0006720	FBtr0078528	CG11367-RA	CG11367
OG0006721	FBtr0078529	CG32454-RA	CG32454
OG0006722	FBtr0113188	CG11241-RB	CG11241
OG0006723	FBtr0078535	CG11238-RA	l(3)04053
OG0006724	FBtr0332105	CG32451-RG	SPoCk
OG0006725	FBtr0330076	CG11352-RF	jim
OG0006726	FBtr0078546	CG11226-RA	CG11226
OG0006727	FBtr0078579	CG32462-RA	CG32462
OG0006728	FBtr0078578	CG32459-RA	CG32459
OG0006729	FBtr0078548	CG13239-RA	CG13239
OG0006730	FBtr0089836	CG33170-RA	CG33170
OG0006731	FBtr0078577	CG11137-RA	EMC4
OG0006732	FBtr0078552	CG11109-RB	Nsun6
OG0006733	FBtr0078568	CG10712-RB	Chro
OG0006734	FBtr0078558	CG11131-RA	CG11131
OG0006735	FBtr0078559	CG11133-RA	BoYb
OG0006736	FBtr0078560	CG12768-RA	CG12768
OG0006737	FBtr0078561	CG11100-RB	Mes2
OG0006738	FBtr0304833	CG43079-RE	nrm
OG0006739	FBtr0299869	CG17521-RC	RpL10
OG0006741	FBtr0113742	CG17420-RA	RpL15
OG0006742	FBtr0113680	CG10837-RB	eIF4B
OG0006743	FBtr0339974	CG42402-RE	CG42402
OG0006744	FBtr0078961	CG12581-RB	CG12581
OG0006745	FBtr0078988	CG14636-RA	CG14636
OG0006746	FBtr0078987	CG31516-RA	CG31516
OG0006747	FBtr0078965	CG1107-RA	aux
OG0006748	FBtr0078986	CG18143-RA	DhpD
OG0006749	FBtr0078985	CG14641-RA	CG14641
OG0006750	FBtr0078967	CG14637-RA	abs
OG0006751	FBtr0078968	CG1106-RB	Gel
OG0006752	FBtr0078975	CG14639-RA	TwdlF
OG0006753	FBtr0078976	CG14640-RA	TwdlV
OG0006754	FBtr0336480	CG1092-RC	CG1092
OG0006755	FBtr0113191	CG9766-RC	flip
OG0006756	FBtr0078959	CG9780-RA	Nepl11
OG0006757	FBtr0445313	CG1102-RE	MP1
OG0006758	FBtr0078958	CG9779-RA	Vps24
OG0006759	FBtr0273009	CG9791-RC	Suv3
OG0006760	FBtr0339551	CG9778-RD	Syt14
OG0006761	FBtr0336483	CG9795-RE	CG9795
OG0006762	FBtr0078908	CG14645-RA	CG14645
OG0006763	FBtr0078953	CG9772-RA	Skp2
OG0006764	FBtr0078909	CG1103-RA	CG1103
OG0006765	FBtr0078951	CG9768-RA	hkb
OG0006766	FBtr0335201	CG1090-RG	CG1090
OG0006767	FBtr0078917	CG1084-RA	Cont
OG0006768	FBtr0078919	CG14646-RA	CG14646
OG0006769	FBtr0308807	CG34112-RB	CG34112
OG0006770	FBtr0078950	CG9855-RA	March5
OG0006771	FBtr0290222	CG14647-RB	CG14647
OG0006772	FBtr0078921	CG14648-RA	lost
OG0006773	FBtr0290250	CG32944-RF	CG32944
OG0006774	FBtr0078923	CG31528-RA	CG31528
OG0006775	FBtr0078946	CG9809-RB	srl
OG0006776	FBtr0078944	CG9805-RA	eIF3a
OG0006777	FBtr0078925	CG1074-RA	CG1074
OG0006778	FBtr0078943	CG9804-RA	Lipt2
OG0006779	FBtr0078926	CG14650-RA	CG14650
OG0006780	FBtr0335432	CG31522-RI	CG31522
OG0006781	FBtr0078935	CG31523-RC	CG31523
OG0006782	FBtr0299947	CG14651-RB	sac
OG0006783	FBtr0078928	CG1078-RA	Fip1
OG0006784	FBtr0078894	CG9775-RA	CG9775
OG0006785	FBtr0078856	CG1057-RA	MED31
OG0006786	FBtr0078893	CG9771-RA	Dlip2
OG0006787	FBtr0305313	CG1058-RB	rpk
OG0006788	FBtr0078860	CG1059-RA	Karybeta3
OG0006789	FBtr0078892	CG9769-RA	eIF3f1
OG0006790	FBtr0305133	CG9761-RB	Nep2
OG0006791	FBtr0302616	CG9765-RK	tacc
OG0006792	FBtr0334965	CG44098-RC	CG44098
OG0006793	FBtr0078868	CG2503-RA	atms
OG0006794	FBtr0078881	CG14655-RA	CG14655
OG0006795	FBtr0078880	CG17387-RA	Ccdc39
OG0006796	FBtr0301437	CG42574-RA	ctrip
OG0006797	FBtr0078870	CG1129-RB	Gmppb
OG0006798	FBtr0078872	CG1126-RA	BBS5
OG0006799	FBtr0078875	CG14657-RB	CG14657
OG0006800	FBtr0078874	CG14658-RA	CG14658
OG0006801	FBtr0078836	CG1133-RA	opa
OG0006802	FBtr0345252	CG14660-RB	laf
OG0006803	FBtr0336812	CG44193-RG	Cdep
OG0006804	FBtr0078849	CG2013-RA	Ubc6
OG0006805	FBtr0078848	CG14661-RA	Jhbp3
OG0006806	FBtr0335404	CG2016-RE	Jhbp2
OG0006807	FBtr0078841	CG1124-RA	Jhbp1
OG0006808	FBtr0078846	CG14662-RA	CG14662
OG0006809	FBtr0301312	CG2022-RB	plh
OG0006810	FBtr0339315	CG12591-RC	dpr16
OG0006811	FBtr0300525	CG42312-RE	cno
OG0006812	FBtr0078831	CG12161-RA	Prosbeta2R2
OG0006813	FBtr0334907	CG1116-RD	CG1116
OG0006814	FBtr0078777	CG1115-RA	Vps37B
OG0006815	FBtr0334909	CG10229-RB	Kat60
OG0006816	FBtr0078778	CG12005-RB	Mms19
OG0006817	FBtr0078825	CG10233-RA	rtp
OG0006818	FBtr0078823	CG12163-RA	CtsF
OG0006819	FBtr0078779	CG1113-RA	Fam161
OG0006820	FBtr0078821	CG12173-RA	Enoph
OG0006821	FBtr0334276	CG44015-RC	Hph
OG0006822	FBtr0306694	CG32464-RV	mtd
OG0006823	FBtr0078784	CG1158-RA	Tim17b1
OG0006824	FBtr0078807	CG11999-RA	CG11999
OG0006825	FBtr0078785	CG1161-RA	CG1161
OG0006826	FBtr0078805	CG12000-RA	Prosbeta7
OG0006827	FBtr0078803	CG16708-RA	Cerk
OG0006828	FBtr0332160	CG34277-RD	CG34277
OG0006829	FBtr0078787	CG1163-RA	Polr2F
OG0006830	FBtr0078802	CG2669-RA	hd
OG0006831	FBtr0100433	CG14667-RB	CG14667
OG0006832	FBtr0301640	CG1168-RB	7B2
OG0006833	FBtr0078798	CG2666-RA	kkv
OG0006834	FBtr0078801	CG14668-RA	CG14668
OG0006835	FBtr0078792	CG1172-RA	CG1172
OG0006836	FBtr0078797	CG10612-RA	Or83a
OG0006837	FBtr0078795	CG2663-RA	CG2663
OG0006838	FBtr0078794	CG10609-RA	Orco
OG0006839	FBtr0078793	CG12147-RA	CG12147
OG0006840	FBtr0078679	CG14669-RA	CG14669
OG0006841	FBtr0078770	CG2087-RA	PEK
OG0006842	FBtr0078769	CG2099-RA	RpL35A
OG0006843	FBtr0078681	CG12162-RB	POLDIP2
OG0006844	FBtr0078768	CG2109-RA	mRpL44
OG0006845	FBtr0078682	CG1064-RA	Snr1
OG0006846	FBtr0345253	CG14670-RC	Hcs
OG0006847	FBtr0078766	CG2899-RA	ksr
OG0006848	FBtr0078763	CG2902-RA	Nmdar1
OG0006849	FBtr0078687	CG1063-RB	Itpr
OG0006850	FBtr0078761	CG2519-RA	CG2519
OG0006851	FBtr0078758	CG2152-RA	Pcmt
OG0006852	FBtr0078688	CG10018-RA	Snm1
OG0006853	FBtr0078756	CG2929-RA	Pi4KIIalpha
OG0006854	FBtr0078754	CG14671-RA	CG14671
OG0006855	FBtr0078689	CG12746-RB	CG12746
OG0006856	FBtr0078753	CG2931-RA	CG2931
OG0006857	FBtr0114453	CG1411-RE	Crmp
OG0006858	FBtr0078752	CG2926-RA	CG2926
OG0006859	FBtr0078699	CG2948-RA	PolZ2
OG0006860	FBtr0078751	CG2925-RA	noi
OG0006861	FBtr0078700	CG1088-RB	Vha26
OG0006862	FBtr0078744	CG2922-RA	kra
OG0006863	FBtr0273377	CG1427-RC	SecS
OG0006864	FBtr0078743	CG2919-RA	asl
OG0006865	FBtr0078704	CG1433-RA	Atu
OG0006866	FBtr0078705	CG1475-RB	RpL13A
OG0006867	FBtr0078737	CG31546-RA	CG31546
OG0006868	FBtr0078709	CG12170-RA	CG12170
OG0006869	FBtr0330315	CG2244-RD	MTA1-like
OG0006870	FBtr0309091	CG1250-RE	Sec23
OG0006871	FBtr0078732	CG2185-RA	elm
OG0006872	FBtr0078712	CG1245-RA	MED27
OG0006873	FBtr0078730	CG2182-RA	CG2182
OG0006874	FBtr0078713	CG1109-RA	Wdr33
OG0006875	FBtr0078728	CG2179-RA	Xe7
OG0006876	FBtr0078716	CG1347-RB	Atg17
OG0006877	FBtr0078727	CG2108-RA	Rab23
OG0006878	FBtr0302091	CG42612-RC	plx
OG0006879	FBtr0078726	CG2104-RA	CG2104
OG0006880	FBtr0078725	CG2102-RA	cas
OG0006881	FBtr0078720	CG1239-RA	Amus
OG0006882	FBtr0078724	CG2100-RA	CG2100
OG0006883	FBtr0078721	CG1236-RA	CG1236
OG0006884	FBtr0078723	CG2097-RA	Sym
OG0006885	FBtr0078722	CG1098-RA	Madm
OG0006886	FBtr0078678	CG2091-RA	Dcps
OG0006887	FBtr0078677	CG2095-RA	Sec8
OG0006888	FBtr0078624	CG10978-RB	jagn
OG0006889	FBtr0300738	CG1193-RE	kat-60L1
OG0006890	FBtr0078669	CG2051-RB	Hat1
OG0006891	FBtr0078629	CG1100-RA	Rpn5
OG0006892	FBtr0078630	CG1218-RA	Hpf1
OG0006893	FBtr0078668	CG2046-RA	PSMG1
OG0006894	FBtr0078631	CG10979-RA	CG10979
OG0006895	FBtr0113195	CG11000-RB	dths
OG0006896	FBtr0335519	CG42675-RG	CG42675
OG0006897	FBtr0078667	CG2031-RA	Hpr1
OG0006898	FBtr0078666	CG2023-RA	Sec20
OG0006899	FBtr0078638	CG10981-RA	dgrn
OG0006900	FBtr0078640	CG14675-RA	glob3
OG0006901	FBtr0078642	CG1213-RB	CG1213
OG0006902	FBtr0078645	CG14676-RA	CG14676
OG0006903	FBtr0078665	CG2019-RA	disp
OG0006904	FBtr0078647	CG10610-RA	ECSIT
OG0006905	FBtr0078661	CG2017-RA	Gtpbp2
OG0006906	FBtr0345251	CG11421-RC	Obp83a
OG0006907	FBtr0078655	CG11422-RA	Obp83b
OG0006908	FBtr0309318	CG10280-RB	CG10280
OG0006909	FBtr0078621	CG15580-RA	CG15580
OG0006910	FBtr0078620	CG15581-RA	Or83c
OG0006911	FBtr0078619	CG10287-RA	Gasp
OG0006912	FBtr0078584	CG15582-RA	Obp83cd
OG0006913	FBtr0078618	CG31557-RA	Obp83ef
OG0006914	FBtr0078617	CG31558-RA	Obp83g
OG0006915	FBtr0078585	CG1076-RA	Vha14-2
OG0006916	FBtr0078616	CG31559-RA	CG31559
OG0006917	FBtr0078587	CG1077-RA	CG1077
OG0006918	FBtr0308318	CG1147-RD	NPFR
OG0006919	FBtr0078591	CG15589-RA	Osi24
OG0006920	FBtr0078592	CG1148-RB	Osi2
OG0006921	FBtr0078594	CG1150-RA	Osi3
OG0006922	FBtr0334866	CG10303-RB	Osi4
OG0006923	FBtr0078595	CG15590-RA	Osi5
OG0006924	FBtr0078596	CG1151-RA	Osi6
OG0006925	FBtr0078597	CG1153-RA	Osi7
OG0006926	FBtr0078598	CG15591-RA	Osi8
OG0006927	FBtr0078599	CG15592-RA	Osi9
OG0006928	FBtr0078601		
OG0006929	FBtr0078614	CG15596-RA	Osi11
OG0006930	FBtr0078602	CG1154-RA	Osi12
OG0006931	FBtr0302305	CG15597-RB	CG15597
OG0006932	FBtr0078604	CG15594-RB	CG15594
OG0006933	FBtr0078605	CG15595-RA	Osi13
OG0006934	FBtr0078606	CG1155-RA	Osi14
OG0006935	FBtr0078607	CG1157-RA	Osi15
OG0006936	FBtr0078608	CG31561-RA	Osi16
OG0006937	FBtr0334537	CG15598-RC	Osi17
OG0006938	FBtr0078611	CG1169-RA	Osi18
OG0006939	FBtr0081707	CG15189-RA	Osi19
OG0006940	FBtr0081708	CG15188-RA	Osi20
OG0006941	FBtr0081710	CG10298-RA	CG10298
OG0006942	FBtr0081711	CG17919-RA	CG17919
OG0006943	FBtr0081737	CG1249-RA	SmD2
OG0006944	FBtr0081712	CG18048-RA	CG18048
OG0006945	FBtr0334540	CG10295-RF	Pak
OG0006946	FBtr0303013	CG42724-RC	CG42724
OG0006947	FBtr0081717	CG10286-RA	CG10286
OG0006948	FBtr0301268	CG42564-RA	CG42564
OG0006949	FBtr0301001	CG42537-RA	CG42537
OG0006950	FBtr0332175	CG1024-RD	CG1024
OG0006951	FBtr0081719	CG10281-RA	TfIIFalpha
OG0006952	FBtr0081720	CG10277-RA	gzl
OG0006953	FBtr0300261	CG1021-RH	Dmtn
OG0006954	FBtr0303789	CG42803-RD	gpp
OG0006955	FBtr0330192	CG9727-RB	CG9727
OG0006956	FBtr0081728	CG10267-RA	Zif
OG0006957	FBtr0081729	CG2330-RA	Neurochondrin
OG0006958	FBtr0308038	CG15186-RF	CG15186
OG0006959	FBtr0081675	CG15185-RA	CG15185
OG0006960	FBtr0081704	CG33202-RB	dpr11
OG0006961	FBtr0081705	CG1137-RA	CG1137
OG0006962	FBtr0089748	CG2336-RA	CG2336
OG0006963	FBtr0301286	CG15180-RB	glob2
OG0006964	FBtr0081681	CG15179-RA	sunz
OG0006965	FBtr0081699	CG1315-RA	Ass
OG0006966	FBtr0304903	CG17603-RE	Taf1
OG0006967	FBtr0301623	CG1307-RC	CG1307
OG0006968	FBtr0081687	CG2358-RA	twr
OG0006969	FBtr0081697	CG1303-RA	agt
OG0006970	FBtr0081696	CG1264-RA	lab
OG0006971	FBtr0081688	CG2345-RA	Edg84A
OG0006972	FBtr0081689	CG2342-RA	Ccp84Ag
OG0006973	FBtr0081693	CG1327-RA	Ccp84Ac
OG0006974	FBtr0089276	CG31481-RA	pb
OG0006975	FBtr0081670	CG1046-RA	zen
OG0006976	FBtr0081668	CG1034-RG	bcd
OG0006977	FBtr0081618	CG2198-RB	Ama
OG0006978	FBtr0081621	CG2189-RA	Dfd
OG0006979	FBtr0474171	CG1030-RD	Scr
OG0006980	FBtr0081645	CG1105-RA	CG1105
OG0006981	FBtr0081634	CG1965-RA	CG1965
OG0006982	FBtr0081643	CG1104-RA	Ufl1
OG0006983	FBtr0081635	CG1943-RA	CG1943
OG0006984	FBtr0081642	CG1101-RA	Ref1
OG0006985	FBtr0081638	CG1939-RA	Dpck
OG0006986	FBtr0333326	CG1091-RC	Tailor
OG0006987	FBtr0081562	CG14612-RA	e(y)2b
OG0006988	FBtr0081563	CG10098-RA	CG10098
OG0006989	FBtr0081611	CG10068-RA	Elmod
OG0006990	FBtr0081566	CG31493-RA	CG31493
OG0006991	FBtr0303197	CG14610-RB	CG14610
OG0006992	FBtr0081568	CG2656-RA	CG2656
OG0006993	FBtr0091512	CG33546-RB	gfzf
OG0006994	FBtr0081569	CG10061-RA	Sas-4
OG0006995	FBtr0081606	CG10059-RA	MAGE
OG0006996	FBtr0081570	CG2507-RB	sas
OG0006997	FBtr0081605	CG10055-RA	CG10055
OG0006998	FBtr0302184	CG2520-RD	lap
OG0006999	FBtr0081573	CG14609-RA	CG14609
OG0007000	FBtr0081604	CG1288-RA	CG1288
OG0007001	FBtr0303219	CG14608-RC	thw
OG0007002	FBtr0303218	CG14607-RB	CG14607
OG0007003	FBtr0081599	CG1234-RA	Noc3
OG0007004	FBtr0081576	CG10053-RA	CG10053
OG0007005	FBtr0081598	CG1227-RA	CG1227
OG0007006	FBtr0081577	CG10050-RA	Dtwd2
OG0007007	FBtr0300016	CG1176-RC	Obp84a
OG0007008	FBtr0472596	CG1152-RB	Gld
OG0007009	FBtr0081578	CG10047-RA	Syt4
OG0007010	FBtr0330140	CG42277-RG	rn
OG0007011	FBtr0081580	CG2595-RA	RacGAP84C
OG0007012	FBtr0081591	CG10029-RA	CG10029
OG0007013	FBtr0081582		
OG0007015	FBtr0336955	CG10101-RB	Ir84a
OG0007016	FBtr0301649	CG10113-RB	wa-cup
OG0007017	FBtr0081559	CG1142-RA	CG1142
OG0007018	FBtr0081541	CG31146-RD	Nlg1
OG0007019	FBtr0081780	CG3027-RA	pyd3
OG0007020	FBtr0081740	CG3066-RA	Sp7
OG0007021	FBtr0081779	CG11286-RA	CG11286
OG0007022	FBtr0273255	CG18747-RB	CG18747
OG0007023	FBtr0081777	CG18745-RA	CG18745
OG0007024	FBtr0113345	CG18748-RC	CG18748
OG0007025	FBtr0081775	CG18746-RA	CG18746
OG0007026	FBtr0081744	CG10086-RA	CG10086
OG0007027	FBtr0081745	CG2641-RA	CG2641
OG0007028	FBtr0114516	CG18744-RB	CG18744
OG0007029	FBtr0081773	CG3014-RA	CG3014
OG0007030	FBtr0081747	CG31472-RA	sgll
OG0007031	FBtr0081749	CG31473-RA	CG31473
OG0007032	FBtr0304920	CG34384-RE	CG34384
OG0007033	FBtr0113203	CG17816-RG	CG17816
OG0007034	FBtr0081752	CG10092-RA	ArgRS-m
OG0007035	FBtr0081766	CG2957-RA	mRpS9
OG0007036	FBtr0081753	CG31284-RA	wtrw
OG0007037	FBtr0081765	CG2943-RA	EMC1
OG0007038	FBtr0081756	CG2670-RA	Taf7
OG0007039	FBtr0081763	CG2846-RA	Rfk
OG0007040	FBtr0081757	CG2678-RA	kipf
OG0007041	FBtr0300685	CG10445-RC	CG10445
OG0007042	FBtr0330074	CG11094-RE	dsx
OG0007043	FBtr0331344	CG2791-RD	CD98hc
OG0007044	FBtr0300320	CG3250-RB	Os-C
OG0007045	FBtr0081783	CG14463-RA	PIG-H
OG0007046	FBtr0301216	CG42550-RA	Kmn2
OG0007047	FBtr0308076	CG2698-RD	CG2698
OG0007048	FBtr0081822	CG2767-RA	Ar5
OG0007049	FBtr0081821	CG11052-RA	CG11052
OG0007050	FBtr0081785	CG3223-RA	CG3223
OG0007051	FBtr0081820	CG10435-RA	CG10435
OG0007052	FBtr0081786	CG2702-RA	Pbp95
OG0007053	FBtr0335230	CG2747-RF	Heatr5
OG0007054	FBtr0310412	CG2723-RB	ImpE3
OG0007055	FBtr0081787	CG10903-RA	CG10903
OG0007056	FBtr0081816	CG11035-RA	CG11035
OG0007057	FBtr0081788	CG2708-RA	unc-45
OG0007058	FBtr0081789	CG7918-RA	mAChR-B
OG0007059	FBtr0081790	CG7910-RA	CG7910
OG0007060	FBtr0113204	CG7900-RB	CG7900
OG0007061	FBtr0081792	CG7850-RA	puc
OG0007062	FBtr0113205	CG7878-RA	CG7878
OG0007063	FBtr0081815	CG9667-RA	CG9667
OG0007064	FBtr0081794	CG7891-RA	Arl8
OG0007065	FBtr0330188	CG9656-RC	grn
OG0007066	FBtr0300896	CG18249-RB	CG18249
OG0007067	FBtr0081797	CG7602-RB	PolI
OG0007068	FBtr0100368	CG9638-RB	Ada2b
OG0007069	FBtr0091719	CG33722-RB	CG33722
OG0007070	FBtr0310080	CG7549-RE	mtg
OG0007071	FBtr0081867	CG9633-RA	RPA1
OG0007072	FBtr0081827	CG7538-RA	Mcm2
OG0007073	FBtr0081866	CG9630-RA	CG9630
OG0007074	FBtr0081828	CG7508-RA	ato
OG0007075	FBtr0081829	CG11671-RA	Nazo
OG0007076	FBtr0081865	CG11672-RA	CG11672
OG0007077	FBtr0306804	CG31464-RB	CG31464
OG0007078	FBtr0081831	CG31463-RA	CG31463
OG0007079	FBtr0081864	CG9626-RA	CG9626
OG0007080	FBtr0081832	CG7494-RA	mRpL1
OG0007081	FBtr0081863	CG9620-RA	Gfr
OG0007082	FBtr0081862	CG9617-RA	Sgt1
OG0007083	FBtr0081861	CG9615-RA	tex
OG0007084	FBtr0306794	CG11693-RB	CG11693
OG0007085	FBtr0081833	CG11698-RA	CG11698
OG0007086	FBtr0081858	CG9613-RA	Coq2
OG0007087	FBtr0081835	CG7459-RA	Ctr1B
OG0007088	FBtr0111026	CG9610-RC	Poxm
OG0007089	FBtr0081836	CG7454-RA	Or85a
OG0007090	FBtr0081837	CG7443-RA	CG7443
OG0007091	FBtr0305680	CG9603-RB	COX7A
OG0007092	FBtr0081838	CG7435-RA	Arl2
OG0007093	FBtr0081854	CG9601-RA	PNKP
OG0007094	FBtr0081841	CG7415-RC	DppIII
OG0007095	FBtr0081842	CG7352-RA	CG7352
OG0007096	FBtr0081843	CG7331-RA	Atg13
OG0007097	FBtr0081846	CG7954-RC	stck
OG0007098	FBtr0081853	CG9684-RA	Veneno
OG0007099	FBtr0301759	CG7963-RB	CG7963
OG0007100	FBtr0081869	CG11737-RA	CG11737
OG0007101	FBtr0112769	CG11741-RA	CG11741
OG0007102	FBtr0081872	CG11742-RA	Or85d
OG0007103	FBtr0081898	CG31453-RA	pch2
OG0007104	FBtr0081897	CG31450-RA	mRpS18A
OG0007105	FBtr0089973	CG31258-RA	Cenp-C
OG0007106	FBtr0330144	CG42796-RE	5-HT2B
OG0007107	FBtr0310300	CG9700-RB	Or85e
OG0007108	FBtr0081893	CG9716-RA	Cyp313b1
OG0007109	FBtr0081892	CG9738-RA	Mkk4
OG0007110	FBtr0081878	CG8021-RA	SLIRP2
OG0007111	FBtr0081890	CG9741-RA	Dhod
OG0007112	FBtr0081879	CG11753-RA	Sys1
OG0007113	FBtr0081887	CG9770-RA	p
OG0007114	FBtr0081880	CG8032-RA	Paox
OG0007115	FBtr0081901	CG8039-RA	mRpL19
OG0007116	FBtr0081953	CG9773-RA	Unc50
OG0007117	FBtr0081902	CG8043-RA	CG8043
OG0007118	FBtr0081903	CG11755-RA	CG11755
OG0007119	FBtr0081950	CG9786-RB	hb
OG0007120	FBtr0305337	CG8112-RB	CG8112
OG0007121	FBtr0081949	CG9790-RA	Cks85A
OG0007122	FBtr0081905	CG8116-RA	TMEM216
OG0007123	FBtr0081909	CG8136-RB	CG8136
OG0007124	FBtr0081911	CG8145-RA	nom
OG0007125	FBtr0081912	CG11762-RA	ouib
OG0007126	FBtr0301194	CG8159-RB	CG8159
OG0007127	FBtr0081948	CG9793-RA	ranshi
OG0007128	FBtr0081947	CG9797-RA	M1BP
OG0007129	FBtr0081914	CG8202-RA	CG8202
OG0007130	FBtr0081944	CG9801-RA	CG9801
OG0007131	FBtr0081916	CG8236-RA	CG8236
OG0007132	FBtr0081942	CG13318-RA	CG13318
OG0007133	FBtr0112497	CG34301-RA	CG34301
OG0007134	FBtr0091716	CG33720-RA	Pif1B
OG0007135	FBtr0332501	CG42599-RH	Pif1A
OG0007136	FBtr0081940	CG33189-RA	CG33189
OG0007137	FBtr0081917	CG11775-RA	Ir85a
OG0007138	FBtr0081918	CG8351-RA	CCT7
OG0007139	FBtr0081934	CG9839-RA	CG9839
OG0007140	FBtr0081919	CG8359-RA	hng2
OG0007141	FBtr0309099	CG9837-RE	CG9837
OG0007142	FBtr0081920	CG8369-RA	CG8369
OG0007143	FBtr0310205	CG43140-RO	pyd
OG0007144	FBtr0081954	CG10901-RA	osk
OG0007145	FBtr0301786	CG11963-RC	ScsbetaA
OG0007146	FBtr0082015	CG11964-RA	CG11964
OG0007147	FBtr0082014	CG11966-RA	ich
OG0007148	FBtr0081958	CG11967-RA	CAHbeta
OG0007149	FBtr0082013	CG11968-RA	RagA-B
OG0007150	FBtr0081959	CG11970-RA	CG11970
OG0007151	FBtr0082012	CG11971-RA	E(var)3-9
OG0007152	FBtr0081960	CG11975-RA	Wdr45
OG0007153	FBtr0082011	CG31100-RA	Glug
OG0007154	FBtr0300742	CG11977-RB	CG11977
OG0007155	FBtr0081963	CG11980-RC	CG11980
OG0007156	FBtr0082010	CG11981-RA	Prosbeta3
OG0007157	FBtr0081965	CG11982-RA	Iru
OG0007158	FBtr0081966	CG11983-RA	CG11983
OG0007159	FBtr0300743	CG11984-RD	Kcmf1
OG0007160	FBtr0082006	CG11985-RA	Sf3b5
OG0007161	FBtr0081967	CG11986-RA	CG11986
OG0007162	FBtr0082005	CG11987-RA	tgo
OG0007163	FBtr0082003	CG11988-RA	neur
OG0007164	FBtr0081968	CG11990-RA	hyx
OG0007165	FBtr0081996	CG18466-RB	Nmdmc
OG0007166	FBtr0089338	CG11992-RA	Rel
OG0007167	FBtr0081969	CG11993-RA	Mst85C
OG0007168	FBtr0300691	CG11033-RB	Kdm2
OG0007169	FBtr0081995	CG18005-RA	beag
OG0007170	FBtr0081971	CG11994-RA	Ada
OG0007171	FBtr0081986	CG9746-RA	Vps15
OG0007172	FBtr0081973	CG8420-RA	CG8420
OG0007173	FBtr0081974	CG16733-RA	St2
OG0007174	FBtr0302133	CG16734-RD	CG16734
OG0007175	FBtr0081985	CG16736-RA	CG16736
OG0007176	FBtr0081984	CG9740-RA	Ibf2
OG0007177	FBtr0081977	CG8436-RA	Ibf1
OG0007178	FBtr0081978	CG8444-RA	ATP6AP2
OG0007179	FBtr0081982	CG12952-RA	sage
OG0007180	FBtr0081981	CG9735-RB	TrpRS
OG0007181	FBtr0081979	CG8454-RA	Vps16A
OG0007182	FBtr0082055	CG8866-RA	Aduk
OG0007183	FBtr0082017	CG8121-RA	pasi2
OG0007185	FBtr0082025	CG18473-RA	CG18473
OG0007186	FBtr0082026	CG8129-RB	Srr
OG0007187	FBtr0082052	CG8874-RA	FER
OG0007188	FBtr0082028	CG16755-RA	Or85f
OG0007189	FBtr0110817	CG34117-RA	CG34117
OG0007190	FBtr0082029	CG8132-RA	CG8132
OG0007191	FBtr0082047	CG9356-RA	CG9356
OG0007192	FBtr0300646	CG42511-RA	BBIP1
OG0007193	FBtr0082030	CG8135-RA	CG8135
OG0007194	FBtr0339175	CG44261-RA	CG44261
OG0007195	FBtr0082045	CG9361-RA	Task7
OG0007196	FBtr0334302	CG18802-RB	alpha-Man-IIa
OG0007197	FBtr0334304	CG42670-RR	ps
OG0007198	FBtr0082044	CG9362-RA	GstZ1
OG0007199	FBtr0082042	CG9363-RA	GstZ2
OG0007200	FBtr0082125		
OG0007201	FBtr0082060	CG8147-RA	phu
OG0007202	FBtr0305340	CG9366-RB	RhoL
OG0007203	FBtr0082061	CG8149-RA	CG8149
OG0007204	FBtr0082123	CG9373-RA	rump
OG0007205	FBtr0082062	CG8161-RA	Rlb1
OG0007206	FBtr0082121	CG9378-RB	mRpL47
OG0007207	FBtr0082063	CG8165-RA	Kdm3
OG0007208	FBtr0082119	CG9379-RA	by
OG0007209	FBtr0082118	CG9381-RC	mura
OG0007210	FBtr0082066	CG16788-RA	RnpS1
OG0007211	FBtr0082115	CG9386-RA	CG9386
OG0007212	FBtr0082067	CG8199-RA	Bckdha
OG0007213	FBtr0082114	CG9388-RA	AP-1mu
OG0007214	FBtr0334654	CG8208-RC	MBD-like
OG0007215	FBtr0082113	CG9393-RA	CG9393
OG0007216	FBtr0082070	CG8228-RA	Vps45
OG0007217	FBtr0082071	CG16789-RA	CG16789
OG0007218	FBtr0082112	CG16790-RA	CG16790
OG0007219	FBtr0082111	CG9396-RA	Mpc2b
OG0007220	FBtr0082109	CG9399-RB	Mpc2a
OG0007221	FBtr0082106	CG9423-RA	Kap-alpha3
OG0007222	FBtr0082072	CG8273-RA	Son
OG0007223	FBtr0082073	CG8301-RA	CG8301
OG0007224	FBtr0082074	CG8286-RA	P58IPK
OG0007225	FBtr0100537	CG9424-RB	bocks
OG0007226	FBtr0082075	CG8312-RA	CG8312
OG0007227	FBtr0082104	CG9427-RA	CG9427
OG0007228	FBtr0082077	CG8319-RA	CG8319
OG0007229	FBtr0082103	CG9429-RA	Calr
OG0007230	FBtr0082078	CG8327-RA	SpdS
OG0007231	FBtr0082102	CG9495-RA	Scm
OG0007232	FBtr0082080	CG8348-RA	Dh44
OG0007233	FBtr0082101	CG9434-RA	Fst
OG0007234	FBtr0344344	CG9492-RG	Dhc1
OG0007235	FBtr0082082	CG16817-RA	cPges
OG0007236	FBtr0082083	CG8362-RA	nmdyn-D7
OG0007237	FBtr0082099	CG9444-RA	CG9444
OG0007238	FBtr0082091	CG9448-RA	trbd
OG0007239	FBtr0082086	CG8374-RA	dmt
OG0007240	FBtr0339599	CG9484-RB	hyd
OG0007241	FBtr0113210	CG8383-RB	Pnn
OG0007242	FBtr0331694	CG34409-RB	CG34409
OG0007243	FBtr0082167	CG12948-RA	CG12948
OG0007244	FBtr0082128	CG8402-RA	PpD3
OG0007245	FBtr0082166	CG16908-RA	Tti1
OG0007246	FBtr0082130	CG8412-RA	Alg12
OG0007247	FBtr0082163	CG9474-RA	Snap24
OG0007248	FBtr0301871	CG8478-RD	CG8478
OG0007249	FBtr0082161	CG9473-RB	MED6
OG0007250	FBtr0100583	CG8481-RB	Naa80
OG0007251	FBtr0082160	CG9471-RA	CG9471
OG0007252	FBtr0110789	CG12946-RB	Whamy
OG0007253	FBtr0082135	CG8484-RA	topi
OG0007254	FBtr0113213	CG12947-RC	CG12947
OG0007255	FBtr0082139	CG8500-RA	CG8500
OG0007256	FBtr0113214	CG12945-RB	CG12945
OG0007257	FBtr0082140	CG8507-RA	CG8507
OG0007258	FBtr0082141	CG8516-RA	CG8516
OG0007259	FBtr0082156	CG9467-RA	CG9467
OG0007260	FBtr0082155	CG9461-RA	FBXO11
OG0007261	FBtr0082143	CG8534-RA	CG8534
OG0007262	FBtr0301078	CG34302-RB	CG34302
OG0007263	FBtr0330082	CG12806-RB	Teh1
OG0007264	FBtr0082150	CG5358-RA	Art4
OG0007265	FBtr0082216	CG31405-RA	Gr85a
OG0007266	FBtr0082171	CG12807-RA	Spn85F
OG0007267	FBtr0082215	CG5359-RA	CG5359
OG0007268	FBtr0306609	CG33208-RL	Mical
OG0007269	FBtr0082214	CG31407-RA	CG31407
OG0007270	FBtr0082172	CG3909-RA	Ski8
OG0007271	FBtr0082205	CG11722-RA	NdufAF4
OG0007272	FBtr0082173	CG3910-RA	mtTFB2
OG0007273	FBtr0082204	CG12811-RA	CG12811
OG0007274	FBtr0082174	CG3925-RA	ohgt
OG0007275	FBtr0082203	CG12812-RA	Fancl
OG0007276	FBtr0273369	CG31410-RB	Npc2e
OG0007277	FBtr0082202	CG12813-RA	Npc2d
OG0007278	FBtr0082176	CG3934-RA	Npc2c
OG0007279	FBtr0330083	CG12809-RB	nerfin-2
OG0007280	FBtr0309853	CG5361-RB	Alp13
OG0007281	FBtr0308123	CG6203-RG	Fmr1
OG0007282	FBtr0082179	CG3940-RA	CAH7
OG0007283	FBtr0082194	CG6217-RA	knk
OG0007284	FBtr0082186	CG6235-RA	tws
OG0007285	FBtr0082181	CG3953-RA	Invadolysin
OG0007286	FBtr0082184	CG6254-RA	CG6254
OG0007287	FBtr0306023	CG6264-RC	Best1
OG0007288	FBtr0337019	CG12814-RE	CG12814
OG0007289	FBtr0100471	CG3985-RD	Syn
OG0007290	FBtr0082245	CG6281-RB	Timp
OG0007291	FBtr0110952	CG12817-RB	CG12817
OG0007292	FBtr0110787	CG34107-RA	CG34107
OG0007293	FBtr0345171	CG42795-RG	blobby
OG0007294	FBtr0082225	CG3999-RA	Gldc
OG0007295	FBtr0305358	CG6284-RB	Sirt6
OG0007296	FBtr0082240	CG6293-RA	CG6293
OG0007297	FBtr0331681	CG6303-RB	Bruce
OG0007298	FBtr0082230	CG12818-RA	CG12818
OG0007299	FBtr0082234	CG18545-RA	CG18545
OG0007300	FBtr0082236	CG31406-RB	CG31406
OG0007301	FBtr0082237	CG4029-RA	jumu
OG0007302	FBtr0337105	CG6312-RH	Rfx
OG0007303	FBtr0082246	CG17100-RA	cwo
OG0007304	FBtr0082260	CG6325-RA	CG6325
OG0007305	FBtr0082248	CG4043-RA	Rrp46
OG0007306	FBtr0082258	CG6345-RA	CG6345
OG0007307	FBtr0301283	CG14680-RC	Cyp12e1
OG0007308	FBtr0082255	CG17117-RC	hth
OG0007309	FBtr0113215	CG14688-RB	Phyhd1
OG0007310	FBtr0305666	CG43161-RE	Skel
OG0007311	FBtr0082264	CG4067-RB	pug
OG0007312	FBtr0082267	CG14683-RA	CG14683
OG0007313	FBtr0082268	CG14684-RA	CG14684
OG0007314	FBtr0082319	CG31278-RA	CG31278
OG0007315	FBtr0082318	CG31373-RA	CG31373
OG0007316	FBtr0082269	CG4073-RA	CG4073
OG0007317	FBtr0082316	CG14690-RA	tomboy20
OG0007318	FBtr0112789	CG6515-RB	TkR86C
OG0007319	FBtr0082312	CG31272-RA	CG31272
OG0007320	FBtr0082311	CG31390-RA	MED7
OG0007321	FBtr0301310	CG14685-RE	Cap-H2
OG0007322	FBtr0082310	CG6538-RA	TfIIFbeta
OG0007323	FBtr0344440	CG45076-RA	CG45076
OG0007324	FBtr0082274	CG14686-RA	Desi
OG0007325	FBtr0302274	CG42633-RA	CG42633
OG0007326	FBtr0302273	CG42632-RB	mRpL37
OG0007327	FBtr0082304	CG6554-RA	Art1
OG0007328	FBtr0082279	CG4082-RA	Mcm5
OG0007329	FBtr0082280	CG14687-RA	CG14687
OG0007330	FBtr0347183	CG14692-RE	CG14692
OG0007331	FBtr0336710	CG14693-RE	CG14693
OG0007332	FBtr0082281	CG4089-RA	TTLL15
OG0007333	FBtr0304665	CG42601-RF	Cad86C
OG0007334	FBtr0113216	CG4565-RB	CG4565
OG0007335	FBtr0113217	CG6567-RB	CG6567
OG0007336	FBtr0082286	CG4511-RA	PhLP3
OG0007337	FBtr0082287	CG4570-RA	CG4570
OG0007338	FBtr0082295	CG6584-RE	SelR
OG0007339	FBtr0082290	CG6598-RA	Fdh
OG0007340	FBtr0082289	CG4596-RA	CG4596
OG0007341	FBtr0082335	CG14695-RA	CG14695
OG0007342	FBtr0082333	CG6608-RB	Tpc1
OG0007343	FBtr0082332	CG14696-RA	CG14696
OG0007344	FBtr0082325	CG4674-RA	Leash
OG0007345	FBtr0082330	CG6612-RB	Ak3
OG0007346	FBtr0082329	CG6621-RA	CG6621
OG0007347	FBtr0082326	CG4683-RA	Tengl4
OG0007348	FBtr0110808	CG34114-RB	side-VI
OG0007349	FBtr0082380	CG6629-RA	SdhCL
OG0007350	FBtr0082339	CG4757-RA	CG4757
OG0007351	FBtr0082340	CG4772-RA	Ugt303A1
OG0007352	FBtr0082341	CG18577-RA	CG18577
OG0007353	FBtr0113219	CG31299-RD	cu
OG0007354	FBtr0082372	CG6666-RA	SdhC
OG0007355	FBtr0082371	CG6672-RA	ZnT86D
OG0007356	FBtr0113221	CG4820-RB	CG4820
OG0007357	FBtr0082368	CG6689-RA	CG6689
OG0007358	FBtr0082367	CG6693-RA	CG6693
OG0007359	FBtr0082346	CG4863-RA	RpL3
OG0007360	FBtr0082366	CG10703-RA	GCC88
OG0007361	FBtr0082365	CG17187-RA	CG17187
OG0007362	FBtr0082353	CG14701-RA	Dph3
OG0007363	FBtr0082364	CG17184-RA	Arfip
OG0007364	FBtr0082355	CG31441-RA	CG31441
OG0007365	FBtr0082356	CG31388-RA	CG31388
OG0007366	FBtr0082358	CG5214-RA	Dlst
OG0007367	FBtr0304604	CG17228-RI	pros
OG0007368	FBtr0082384	CG5242-RA	mRpL40
OG0007369	FBtr0082406	CG6719-RA	mgr
OG0007370	FBtr0082385	CG5247-RA	Irbp
OG0007371	FBtr0082386	CG5252-RA	Ipo9
OG0007372	FBtr0082387	CG5270-RB	Sptz
OG0007373	FBtr0300901	CG18643-RB	Dtd
OG0007374	FBtr0082403	CG6764-RA	RpL24-like
OG0007375	FBtr0082390	CG5276-RA	CG5276
OG0007376	FBtr0082402	CG6744-RA	Exd2
OG0007377	FBtr0082391	CG5281-RA	CG5281
OG0007378	FBtr0082399	CG31374-RB	sals
OG0007379	FBtr0306097	CG14704-RD	PGRP-LB
OG0007380	FBtr0082392	CG17230-RA	CG17230
OG0007381	FBtr0082394	CG5308-RA	dpr5
OG0007382	FBtr0300491	CG33512-RB	dpr4
OG0007383	FBtr0082409	CG14708-RA	CG14708
OG0007384	FBtr0082410	CG10898-RA	CG10898
OG0007385	FBtr0100323	CG6783-RC	fabp
OG0007386	FBtr0082460	CG6790-RA	CG6790
OG0007387	FBtr0301159	CG5342-RB	CG5342
OG0007388	FBtr0082458	CG6791-RB	CG6791
OG0007389	FBtr0299566	CG14710-RB	CG14710
OG0007390	FBtr0082451	CG6808-RA	Zaf1
OG0007391	FBtr0082416	CG14711-RA	CG14711
OG0007392	FBtr0300581	CG6813-RC	CG6813
OG0007393	FBtr0082418	CG14712-RA	snx
OG0007394	FBtr0299729	CG42317-RG	Csk
OG0007395	FBtr0335448	CG10535-RC	Elp1
OG0007396	FBtr0299789	CG42327-RE	CG42327
OG0007397	FBtr0082423	CG14715-RA	CG14715
OG0007398	FBtr0082443	CG18476-RA	CG18476
OG0007399	FBtr0082440	CG17358-RB	Taf12
OG0007400	FBtr0082424	CG14716-RA	Ho
OG0007401	FBtr0082437	CG6908-RA	CG6908
OG0007402	FBtr0113346	CG18765-RB	CG18765
OG0007403	FBtr0082435	CG6913-RA	Fer3
OG0007404	FBtr0082425	CG14717-RA	CG14717
OG0007405	FBtr0082427	CG14719-RA	I-t
OG0007406	FBtr0473586	CG14720-RB	CG14720
OG0007407	FBtr0082429	CG12594-RA	CG12594
OG0007408	FBtr0082430	CG14721-RA	CG14721
OG0007409	FBtr0082434	CG6920-RA	Blm
OG0007410	FBtr0082431	CG14722-RA	CG14722
OG0007411	FBtr0330169	CG6923-RD	CG6923
OG0007412	FBtr0082534	CG17342-RA	Lk6
OG0007413	FBtr0330170	CG6930-RL	l(3)neo38
OG0007414	FBtr0082531	CG17360-RA	prd1
OG0007415	FBtr0082470	CG14723-RA	HisCl1
OG0007416	FBtr0082529	CG6939-RA	Sbf
OG0007417	FBtr0082528	CG31116-RD	ClC-a
OG0007418	FBtr0082475	CG14728-RA	sad
OG0007419	FBtr0082516	CG6962-RA	CG6962
OG0007420	FBtr0301042	CG31368-RD	salsa
OG0007421	FBtr0344288	CG6965-RB	mthl5
OG0007422	FBtr0082514	CG6971-RA	Dnali1
OG0007423	FBtr0082513	CG6977-RA	Cad87A
OG0007424	FBtr0082480	CG31211-RB	CG31211
OG0007425	FBtr0082511	CG3281-RA	CG3281
OG0007426	FBtr0082483	CG3068-RA	aurA
OG0007427	FBtr0113223	CG12213-RC	CG12213
OG0007428	FBtr0082508	CG10007-RA	Tango9
OG0007429	FBtr0082507	CG10005-RA	CG10005
OG0007430	FBtr0082498	CG3359-RJ	mfas
OG0007431	FBtr0082556	CG3571-RA	KLHL18
OG0007432	FBtr0113224	CG3532-RB	GCC185
OG0007433	FBtr0082555	CG3313-RA	DCAF12
OG0007434	FBtr0082537	CG3169-RA	Spt3
OG0007435	FBtr0300638	CG42505-RA	CG42505
OG0007436	FBtr0082538	CG14735-RA	ssp5
OG0007437	FBtr0082553	CG14739-RA	CG14739
OG0007438	FBtr0300351	CG14741-RB	ATP8B
OG0007439	FBtr0082542	CG31361-RA	dpr17
OG0007440	FBtr0308292	CG4702-RB	CG4702
OG0007441	FBtr0082549	CG10095-RA	dpr15
OG0007442	FBtr0082548	CG4795-RB	Cpn
OG0007443	FBtr0082545	CG3809-RA	Adk1
OG0007444	FBtr0082624	CG4848-RA	Cog1
OG0007445	FBtr0082559	CG10014-RA	Rsbp15
OG0007446	FBtr0302311	CG17404-RB	CG17404
OG0007447	FBtr0082621	CG12256-RA	CG12256
OG0007448	FBtr0082560	CG3916-RA	CG3916
OG0007449	FBtr0082561	CG3942-RA	CG3942
OG0007450	FBtr0082565	CG17738-RA	CG17738
OG0007451	FBtr0082563	CG11502-RA	svp
OG0007452	FBtr0082567	CG10013-RA	CG10013
OG0007453	FBtr0082615	CG10038-RA	CG10038
OG0007454	FBtr0082611	CG10042-RB	MBD-R2
OG0007455	FBtr0082568	CG4115-RA	CG4115
OG0007456	FBtr0082606	CG10035-RA	CG10035
OG0007457	FBtr0114565	CG17639-RB	GstD11
OG0007458	FBtr0112654	CG34402-RC	Sol1
OG0007459	FBtr0082579	CG33098-RB	CG33098
OG0007460	FBtr0082584	CG5196-RA	CG5196
OG0007461	FBtr0082597	CG5663-RA	Dip-C
OG0007462	FBtr0304744	CG6525-RB	pps
OG0007463	FBtr0082596	CG5657-RA	Scgbeta
OG0007464	FBtr0082587	CG17202-RA	Mycbp
OG0007465	FBtr0082588	CG5232-RA	Nans
OG0007466	FBtr0082594	CG5641-RA	CG5641
OG0007467	FBtr0082590	CG5266-RA	Prosalpha2
OG0007468	FBtr0082593	CG12276-RA	Aos1
OG0007469	FBtr0082591	CG5844-RA	Srlp
OG0007470	FBtr0082682	CG17207-RA	CG17207
OG0007471	FBtr0082631	CG5538-RA	vrs
OG0007472	FBtr0082632	CG18549-RA	CG18549
OG0007473	FBtr0082634	CG5333-RA	trus
OG0007474	FBtr0082681	CG5961-RA	CG5961
OG0007475	FBtr0082635	CG12267-RA	Polr3C
OG0007476	FBtr0082680	CG5608-RA	CG5608
OG0007477	FBtr0290334	CG42244-RF	Octbeta3R
OG0007478	FBtr0082639	CG6371-RA	Hug
OG0007479	FBtr0330120	CG33976-RF	Octbeta2R
OG0007480	FBtr0082670	CG17369-RB	Vha55
OG0007481	FBtr0082641	CG6359-RA	Snx3
OG0007482	FBtr0301150	CG6753-RB	CG6753
OG0007483	FBtr0082648	CG6234-RA	Dtg
OG0007484	FBtr0082649	CG6225-RA	CG6225
OG0007485	FBtr0300769	CG14395-RB	CG14395
OG0007486	FBtr0082651	CG6188-RA	Gnmt
OG0007487	FBtr0082668	CG6819-RA	mbo
OG0007488	FBtr0082667	CG6802-RA	Cyp313a4
OG0007489	FBtr0302563	CG12286-RB	kar
OG0007490	FBtr0082665	CG6054-RA	Su(fu)
OG0007491	FBtr0082652	CG6174-RA	Arp1
OG0007492	FBtr0082663	CG14391-RA	CG14391
OG0007493	FBtr0113228	CG14394-RD	NijC
OG0007494	FBtr0082654	CG6148-RA	Past1
OG0007495	FBtr0082656	CG12279-RA	Tst1
OG0007496	FBtr0082662	CG6019-RA	PolQ
OG0007497	FBtr0473583	CG14390-RB	beat-Vc
OG0007498	FBtr0082688	CG10134-RA	beat-Va
OG0007499	FBtr0082687	CG10126-RB	CG10126
OG0007500	FBtr0082683	CG14387-RA	d-cup
OG0007501	FBtr0082685	CG10909-RA	CG10909
OG0007502	FBtr0082684	CG31298-RA	beat-Vb
OG0007503	FBtr0082690	CG7242-RA	Spc25
OG0007504	FBtr0082691	CG7241-RA	Cyp304a1
OG0007505	FBtr0082731	CG14384-RA	CG14384
OG0007506	FBtr0082727	CG7381-RA	CG7381
OG0007507	FBtr0300278	CG7091-RB	CG7091
OG0007508	FBtr0082695	CG7488-RA	CG7488
OG0007509	FBtr0082721	CG17327-RA	CG17327
OG0007510	FBtr0082719	CG8031-RA	CG8031
OG0007511	FBtr0082698	CG11656-RA	CG11656
OG0007512	FBtr0334515	CG7583-RH	CtBP
OG0007513	FBtr0445182	CG46280-RA	Trabd
OG0007514	FBtr0082704	CG7642-RA	ry
OG0007515	FBtr0082716	CG7996-RA	snk
OG0007516	FBtr0475018	CG11670-RF	CG11670
OG0007517	FBtr0334518	CG31157-RC	CG31157
OG0007518	FBtr0082715	CG7966-RA	CG7966
OG0007519	FBtr0082709	CG7769-RA	pic
OG0007520	FBtr0082710	CG7771-RA	sim
OG0007521	FBtr0304647	CG43063-RA	CG43063
OG0007522	FBtr0082712	CG7855-RA	timeout
OG0007523	FBtr0445441	CG34308-RC	CG34308
OG0007524	FBtr0330143	CG42573-RB	2mit
OG0007525	FBtr0082732	CG8138-RA	Cfap299
OG0007526	FBtr0300768	CG14380-RB	CG14380
OG0007527	FBtr0082734	CG8141-RA	CG8141
OG0007528	FBtr0082782	CG8483-RA	CG8483
OG0007529	FBtr0082781	CG8476-RA	CG8476
OG0007530	FBtr0082780	CG17907-RA	Ace
OG0007531	FBtr0082735	CG11686-RA	CG11686
OG0007532	FBtr0082779	CG15889-RA	Ravus
OG0007533	FBtr0082736	CG8599-RA	Su(var)3-7
OG0007534	FBtr0082778	CG8449-RA	TBC1D5
OG0007535	FBtr0082737	CG8630-RA	CG8630
OG0007536	FBtr0100257	CG15888-RB	CG15888
OG0007537	FBtr0082776	CG15887-RA	apn
OG0007538	FBtr0082738	CG8644-RA	Osi22
OG0007539	FBtr0082775	CG8458-RA	wntD
OG0007540	FBtr0082772	CG9829-RA	Elp6
OG0007541	FBtr0082747	CG8790-RB	Dic1
OG0007542	FBtr0082749	CG14379-RA	CheA87a
OG0007543	FBtr0082771	CG8823-RA	Lip3
OG0007544	FBtr0112505	CG34309-RA	CG34309
OG0007545	FBtr0335460	CG9813-RG	CG9813
OG0007546	FBtr0082751	CG8863-RA	Droj2
OG0007547	FBtr0082763	CG9799-RA	CG9799
OG0007548	FBtr0082762	CG14375-RA	CCHa2
OG0007549	FBtr0082760	CG9796-RA	GILT1
OG0007550	FBtr0100020	CG33977-RA	Dpm3
OG0007551	FBtr0082759	CG17045-RA	yellow-e3
OG0007552	FBtr0302576	CG17044-RB	yellow-e2
OG0007553	FBtr0082757	CG9792-RA	yellow-e
OG0007554	FBtr0336956	CG14376-RB	Ir87a
OG0007555	FBtr0082793	CG9764-RA	yrt
OG0007556	FBtr0303259	CG14372-RC	side-IV
OG0007557	FBtr0082788	CG14370-RA	CG14370
OG0007558	FBtr0082789	CG14369-RA	CG14369
OG0007559	FBtr0082861	CG9759-RA	CG9759
OG0007560	FBtr0082794	CG9269-RA	CG9269
OG0007561	FBtr0082795	CG10841-RA	CG10841
OG0007562	FBtr0082855	CG16901-RB	sqd
OG0007563	FBtr0082797	CG9412-RB	rin
OG0007564	FBtr0082853	CG9654-RA	Rbp4
OG0007565	FBtr0308195	CG10851-RM	B52
OG0007566	FBtr0301654	CG9637-RC	Task6
OG0007567	FBtr0082849	CG9588-RA	CG9588
OG0007568	FBtr0082808	CG9374-RA	Lkb1
OG0007569	FBtr0082848	CG9591-RA	omd
OG0007570	FBtr0082817	CG9351-RB	flfl
OG0007571	FBtr0082819	CG14367-RA	CG14367
OG0007572	FBtr0334526	CG9611-RF	f-cup
OG0007573	FBtr0082820	CG9347-RA	ninaB
OG0007574	FBtr0082845	CG9621-RA	Adgf-D
OG0007575	FBtr0082821	CG9345-RA	Adgf-C
OG0007576	FBtr0082844	CG31469-RA	Argp
OG0007577	FBtr0091747	CG33748-RA	primo-1
OG0007578	FBtr0091746	CG33747-RC	primo-2
OG0007579	FBtr0329899	CG34383-RI	kmr
OG0007580	FBtr0082825	CG9312-RA	CG9312
OG0007581	FBtr0082826	CG9307-RA	Cht5
OG0007582	FBtr0082828	CG9297-RB	tmn
OG0007583	FBtr0082829	CG9288-RA	CG9288
OG0007584	FBtr0082830	CG9286-RA	CG9286
OG0007585	FBtr0082831	CG9285-RA	Dip-B
OG0007586	FBtr0082882	CG31495-RA	CG31495
OG0007587	FBtr0082881	CG14362-RA	CG14362
OG0007588	FBtr0082880	CG9930-RA	E5
OG0007589	FBtr0082863	CG2988-RA	ems
OG0007590	FBtr0082879	CG9929-RA	Art9
OG0007591	FBtr0082878	CG9927-RA	Art6
OG0007592	FBtr0082877	CG9926-RA	CG9926
OG0007593	FBtr0082865	CG3028-RA	Ipp
OG0007594	FBtr0082866	CG3041-RA	Orc2
OG0007595	FBtr0100361	CG12537-RE	rdx
OG0007596	FBtr0082869	CG3061-RA	CG3061
OG0007597	FBtr0082870	CG9922-RA	CG9922
OG0007598	FBtr0305052	CG3143-RF	foxo
OG0007599	FBtr0082888	CG3153-RB	Npc2b
OG0007600	FBtr0113232	CG14358-RB	CCHa1
OG0007601	FBtr0100131	CG9918-RD	PK1-R
OG0007602	FBtr0346767	CG12402-RC	CG12402
OG0007603	FBtr0082890	CG14360-RA	Or88a
OG0007604	FBtr0301280	CG14357-RB	CG14357
OG0007605	FBtr0082912	CG9913-RB	Kif19A
OG0007606	FBtr0307077	CG9749-RD	Abi
OG0007607	FBtr0082891	CG3172-RA	twf
OG0007608	FBtr0082909	CG9852-RA	Timmdc1
OG0007609	FBtr0082892	CG3180-RA	Polr2B
OG0007610	FBtr0082908	CG14356-RA	CG14356
OG0007611	FBtr0082907	CG14355-RA	CG14355
OG0007612	FBtr0082906	CG9722-RA	Recs1
OG0007613	FBtr0082894	CG3199-RA	CG3199
OG0007614	FBtr0330711	CG9652-RE	Dop1R1
OG0007615	FBtr0082902	CG9649-RA	CG9649
OG0007616	FBtr0082901	CG31326-RA	CG31326
OG0007617	FBtr0082900	CG33109-RA	CG33109
OG0007618	FBtr0300406	CG33329-RC	Sp212
OG0007619	FBtr0082898	CG9631-RA	CG9631
OG0007620	FBtr0082897	CG9624-RA	CG9624
OG0007621	FBtr0082895	CG31322-RA	MetRS-m
OG0007622	FBtr0082952	CG14840-RA	CG14840
OG0007623	FBtr0082951	CG14841-RA	CG14841
OG0007624	FBtr0082920	CG14839-RA	CG14839
OG0007625	FBtr0082947	CG8651-RA	trx
OG0007626	FBtr0082921	CG12207-RB	red
OG0007627	FBtr0082924	CG3259-RA	IFT54
OG0007628	FBtr0082945	CG8573-RB	su(Hw)
OG0007629	FBtr0082925	CG3284-RA	Polr2I
OG0007630	FBtr0082926	CG31321-RB	CG31321
OG0007631	FBtr0082929	CG3307-RA	Set8
OG0007632	FBtr0474641	CG8538-RE	Afti
OG0007633	FBtr0082931	CG3321-RA	ATPsynE
OG0007634	FBtr0082933	CG3325-RA	spn-B
OG0007635	FBtr0082941	CG8524-RA	NK7.1
OG0007636	FBtr0082943	CG31320-RA	Dnaaf5
OG0007637	FBtr0082940	CG8489-RA	soti
OG0007638	FBtr0112630	CG34389-RC	cv-c
OG0007639	FBtr0301081	CG34388-RD	natalisin
OG0007640	FBtr0082987	CG8464-RA	HtrA2
OG0007641	FBtr0082953	CG3351-RA	mRpL11
OG0007642	FBtr0082986	CG8461-RA	CG8461
OG0007643	FBtr0330048	CG8279-RC	Pde6
OG0007644	FBtr0082957	CG14852-RA	CG14852
OG0007645	FBtr0082982	CG31313-RA	CG31313
OG0007646	FBtr0082981	CG8066-RA	CG8066
OG0007647	FBtr0082980	CG8050-RA	Cys
OG0007648	FBtr0082978	CG7987-RA	CG7987
OG0007649	FBtr0334958	CG44094-RA	CG44094
OG0007650	FBtr0334956	CG31317-RE	stumps
OG0007651	FBtr0082960	CG14853-RB	CG14853
OG0007652	FBtr0330227	CG7904-RB	put
OG0007653	FBtr0082976	CG7886-RA	CG7886
OG0007654	FBtr0344279	CG3389-RB	Cad88C
OG0007655	FBtr0082975	CG7832-RA	l(3)L1231
OG0007656	FBtr0082966	CG3505-RA	CG3505
OG0007657	FBtr0082974	CG7825-RA	Rad17
OG0007658	FBtr0082969	CG3509-RA	BigH1
OG0007659	FBtr0301498	CG7649-RC	Meltrin
OG0007660	FBtr0100008	CG33967-RA	kibra
OG0007661	FBtr0305692	CG43162-RD	jvl
OG0007662	FBtr0334292	CG44012-RI	btsz
OG0007663	FBtr0082994	CG3610-RA	CG3610
OG0007664	FBtr0082997	CG3631-RC	CG3631
OG0007665	FBtr0113235	CG7292-RB	Rrp6
OG0007666	FBtr0082998	CG33331-RA	CG33331
OG0007667	FBtr0083010	CG7281-RA	CycC
OG0007668	FBtr0083000	CG3731-RA	UQCR-C1
OG0007669	FBtr0083009	CG7265-RA	Dph2
OG0007670	FBtr0289976	CG14860-RB	CG14860
OG0007671	FBtr0083003	CG3817-RA	CG3817
OG0007672	FBtr0290022	CG7026-RB	VhaPPA1-2
OG0007673	FBtr0083005	CG7007-RA	VhaPPA1-1
OG0007674	FBtr0083004	CG3837-RA	Sdr
OG0007675	FBtr0083023	CG14861-RA	CG14861
OG0007676	FBtr0083024	CG3843-RA	RpL10Aa
OG0007677	FBtr0113236	CG6966-RB	CG6966
OG0007678	FBtr0303486	CG42788-RB	CG42788
OG0007679	FBtr0083038	CG6912-RA	CG6912
OG0007680	FBtr0083025	CG3984-RA	CG3984
OG0007681	FBtr0083026	CG3987-RA	CG3987
OG0007682	FBtr0083037	CG6904-RA	Glys
OG0007683	FBtr0083031	CG6803-RB	Mf
OG0007684	FBtr0110961	CG4154-RD	Gyc88E
OG0007685	FBtr0083029	CG6752-RA	Kpc1
OG0007686	FBtr0301103	CG42542-RE	CG42542
OG0007687	FBtr0083141	CG18525-RA	Spn88Ea
OG0007688	FBtr0083140	CG6687-RA	Spn88Eb
OG0007689	FBtr0083048	CG4203-RA	Mau2
OG0007690	FBtr0083139	CG6654-RA	CG6654
OG0007691	FBtr0083049	CG4210-RA	Sat
OG0007692	FBtr0083138	CG6623-RA	SIDL
OG0007693	FBtr0083051	CG12241-RA	CG12241
OG0007694	FBtr0083137	CG31155-RA	Polr2G
OG0007695	FBtr0083136	CG31344-RA	CG31344
OG0007696	FBtr0083052	CG4236-RA	Caf1-55
OG0007697	FBtr0083134	CG6563-RA	Art3
OG0007698	FBtr0083054	CG4247-RB	mRpS10
OG0007699	FBtr0112514	CG34316-RA	CG34316
OG0007700	FBtr0113238	CG6499-RB	Amt
OG0007701	FBtr0305613	CG42404-RD	CG42404
OG0007702	FBtr0310385	CG43664-RA	Su(var)3-9
OG0007703	FBtr0083062	CG4299-RA	Set
OG0007704	FBtr0083063	CG4307-RA	ATPsynO
OG0007705	FBtr0083128	CG14864-RA	CG14864
OG0007706	FBtr0290018	CG4334-RB	Zip88E
OG0007707	FBtr0083126	CG6384-RA	Cp190
OG0007708	FBtr0083066	CG4338-RA	CG4338
OG0007709	FBtr0333921	CG6363-RB	MRG15
OG0007710	FBtr0301089		
OG0007711	FBtr0089965	CG4898-RE	Tm1
OG0007712	FBtr0083078	CG4843-RA	Tm2
OG0007713	FBtr0273405	CG14866-RB	CG14866
OG0007714	FBtr0083123	CG6276-RA	CG6276
OG0007715	FBtr0330039	CG4913-RB	ear
OG0007716	FBtr0083121	CG6236-RB	CG6236
OG0007717	FBtr0083083	CG4920-RA	ea
OG0007718	FBtr0083084	CG31478-RA	mRpL9
OG0007719	FBtr0083120	CG6226-RA	Fkbp39
OG0007720	FBtr0083085	CG4931-RA	Cyfip
OG0007721	FBtr0083119	CG6218-RA	Nagk
OG0007722	FBtr0083086	CG4938-RA	SerRS-m
OG0007723	FBtr0083117	CG6202-RA	Surf4
OG0007724	FBtr0083087	CG31301-RA	CG31301
OG0007725	FBtr0303075	CG42727-RA	CG42727
OG0007726	FBtr0083116	CG6196-RA	Trs33
OG0007727	FBtr0083089	CG5038-RA	Tmtc4
OG0007728	FBtr0083115	CG6194-RA	Atg4b
OG0007729	FBtr0083091	CG5044-RB	Hibch
OG0007730	FBtr0083114	CG6177-RA	Cog2
OG0007731	FBtr0083093	CG5063-RB	Trax
OG0007732	FBtr0112926	CG6171-RB	CG6171
OG0007733	FBtr0112667	CG34404-RC	CG34404
OG0007734	FBtr0083109	CG14868-RA	CG14868
OG0007735	FBtr0303235	CG6136-RB	CG6136
OG0007736	FBtr0083094	CG5073-RA	Ccm3
OG0007737	FBtr0304826	CG43073-RF	Rbp
OG0007738	FBtr0083107	CG6130-RA	h-cup
OG0007739	FBtr0083106	CG6125-RA	CG6125
OG0007740	FBtr0083099	CG5166-RB	Atx2
OG0007741	FBtr0113240	CG6118-RC	CG6118
OG0007742	FBtr0083160	CG14869-RB	AdamTS-A
OG0007743	FBtr0083145	CG14870-RA	B9d1
OG0007744	FBtr0347603		
OG0007745	FBtr0300174	CG14871-RB	Trissin
OG0007746	FBtr0083148	CG5213-RA	maca
OG0007747	FBtr0083155	CG31296-RA	CG31296
OG0007748	FBtr0306929	CG43335-RA	CG43335
OG0007749	FBtr0083162	CG33207-RB	pxb
OG0007750	FBtr0334026	CG31446-RB	CG31446
OG0007751	FBtr0083164	CG5399-RA	CG5399
OG0007752	FBtr0083165	CG5404-RA	CG5404
OG0007753	FBtr0083198	CG31294-RA	CG31294
OG0007754	FBtr0112469	CG34274-RA	CG34274
OG0007755	FBtr0083167	CG4520-RA	CG4520
OG0007756	FBtr0083169	CG12784-RA	CG12784
OG0007757	FBtr0083197	CG5623-RA	CG5623
OG0007758	FBtr0083170	CG4525-RA	Ttc26
OG0007759	FBtr0083171	CG5614-RA	CG5614
OG0007760	FBtr0083172	CG9590-RA	Fam114A
OG0007761	FBtr0083173	CG9589-RA	Uros2
OG0007762	FBtr0083194	CG17604-RA	c(3)G
OG0007763	FBtr0083174	CG18505-RA	Acyp2
OG0007764	FBtr0309861	CG4699-RM	nsl1
OG0007765	FBtr0083179	CG4606-RA	alpha-Man-IIb
OG0007766	FBtr0083193	CG31293-RA	rec
OG0007767	FBtr0083180	CG4576-RA	CG4576
OG0007768	FBtr0306903	CG43317-RA	CG43317
OG0007769	FBtr0083191	CG3944-RA	ND-23
OG0007770	FBtr0083183	CG3158-RA	spn-E
OG0007771	FBtr0083190	CG9597-RA	Pbp45
OG0007772	FBtr0083189	CG31150-RA	cv-d
OG0007773	FBtr0083184	CG4546-RA	Argk3
OG0007774	FBtr0083188	CG4225-RA	Hmt-1
OG0007775	FBtr0083185	CG9632-RA	CG9632
OG0007776	FBtr0083245	CG9734-RC	glob1
OG0007777	FBtr0344673	CG45105-RC	CG45105
OG0007778	FBtr0083201	CG4221-RA	Fbxl7
OG0007779	FBtr0083242	CG5478-RA	CG5478
OG0007780	FBtr0083203	CG5268-RA	blp
OG0007781	FBtr0083204	CG8884-RA	Sap47
OG0007782	FBtr0083240	CG4287-RA	CG4287
OG0007783	FBtr0083212	CG5516-RA	CG5516
OG0007784	FBtr0083213	CG5083-RA	Rbf2
OG0007785	FBtr0083238	CG18740-RA	mor
OG0007786	FBtr0301715	CG4261-RB	Hel89B
OG0007787	FBtr0083215	CG3992-RA	srp
OG0007788	FBtr0083218	CG10278-RA	GATAe
OG0007789	FBtr0083221	CG3978-RA	pnr
OG0007790	FBtr0083222	CG10264-RA	Jhbp4
OG0007791	FBtr0347558	CG10407-RC	Jhbp5
OG0007792	FBtr0304804	CG4201-RB	IKKbeta
OG0007793	FBtr0083223	CG5013-RA	CG5013
OG0007794	FBtr0304801	CG5000-RD	msps
OG0007795	FBtr0083235	CG10185-RA	CG10185
OG0007796	FBtr0083231	CG31045-RB	Mhcl
OG0007797	FBtr0083225	CG4979-RA	sxe2
OG0007798	FBtr0083228	CG4006-RC	Akt
OG0007799	FBtr0083250	CG4316-RA	Sb
OG0007800	FBtr0083281	CG5903-RA	Mic26-27
OG0007801	FBtr0083251	CG5916-RA	CG5916
OG0007802	FBtr0344011	CG5952-RD	Fer2
OG0007803	FBtr0113477	CG6006-RC	CG6006
OG0007804	FBtr0083253	CG8925-RA	CG8925
OG0007805	FBtr0344472	CG8927-RC	CG8927
OG0007806	FBtr0083279	CG6046-RA	Bin1
OG0007807	FBtr0083255	CG6072-RA	sra
OG0007808	FBtr0083278	CG6126-RA	CG6126
OG0007809	FBtr0083256	CG31287-RA	CG31287
OG0007810	FBtr0083257	CG6889-RA	tara
OG0007811	FBtr0083276	CG6815-RA	bor
OG0007812	FBtr0083259	CG6814-RA	asun
OG0007813	FBtr0083275	CG12785-RA	Mat89Ba
OG0007814	FBtr0330041	CG6963-RL	gish
OG0007815	FBtr0083266	CG6898-RA	Zip89B
OG0007816	FBtr0083273	CG6725-RA	Sulf1
OG0007817	FBtr0083272	CG6987-RA	SF2
OG0007818	FBtr0301514	CG10309-RB	pad
OG0007819	FBtr0083325	CG14879-RA	CG14879
OG0007820	FBtr0083283	CG7013-RA	Manf
OG0007821	FBtr0083324	CG10311-RA	CG10311
OG0007822	FBtr0300198	CG42446-RA	CG42446
OG0007823	FBtr0083320	CG14880-RA	js
OG0007824	FBtr0300677	CG10317-RC	CG10317
OG0007825	FBtr0306026	CG6993-RC	ss
OG0007826	FBtr0301433	CG31279-RB	CG31279
OG0007827	FBtr0083286	CG17565-RA	Fntb
OG0007828	FBtr0083316	CG10406-RA	mRpS33
OG0007829	FBtr0083315	CG12753-RA	ema
OG0007830	FBtr0083314	CG14894-RA	Ttc1
OG0007831	FBtr0083289	CG14882-RA	CG14882
OG0007832	FBtr0330047	CG14895-RD	Pak3
OG0007833	FBtr0083291	CG14883-RA	CG14883
OG0007834	FBtr0290134	CG42232-RB	CG42232
OG0007835	FBtr0083292	CG14884-RA	CSN5
OG0007836	FBtr0083295	CG14887-RA	Dhfr
OG0007837	FBtr0083308	CG14898-RA	Sdhaf3
OG0007838	FBtr0083307	CG14899-RA	Der-2
OG0007839	FBtr0301702	CG14900-RB	Cad89D
OG0007840	FBtr0089695	CG14901-RA	Gr89a
OG0007841	FBtr0083304	CG14902-RA	Decay
OG0007842	FBtr0303650	CG42342-RH	CG42342
OG0007843	FBtr0083303	CG14903-RA	CG14903
OG0007844	FBtr0083361	CG14904-RA	Scp2
OG0007845	FBtr0083327	CG14892-RA	CG14892
OG0007846	FBtr0083360	CG10345-RA	CG10345
OG0007847	FBtr0083328	CG10342-RA	NPF
OG0007848	FBtr0331687	CG12783-RB	CG12783
OG0007849	FBtr0083358	CG10340-RA	CG10340
OG0007850	FBtr0083357	CG14905-RA	Ccdc114
OG0007851	FBtr0112803	CG6588-RD	Fas1
OG0007852	FBtr0083336	CG10326-RA	Arl6IP1
OG0007853	FBtr0083356	CG10324-RA	Gpkow
OG0007854	FBtr0083337	CG8977-RA	CCT3
OG0007855	FBtr0083353	CG31217-RA	modSP
OG0007856	FBtr0083346	CG31275-RA	CG31275
OG0007857	FBtr0083340	CG3853-RA	Glut3
OG0007858	FBtr0083388	CG10325-RB	abd-A
OG0007859	FBtr0083384	CG11648-RB	Abd-B
OG0007860	FBtr0083366	CG14909-RA	VhaM9.7-d
OG0007861	FBtr0083380	CG8953-RA	Actn3
OG0007862	FBtr0083377	CG18622-RA	CG18622
OG0007863	FBtr0083370	CG3534-RA	CG3534
OG0007864	FBtr0083374	CG16941-RA	Sf3a1
OG0007865	FBtr0083371	CG8913-RA	Irc
OG0007866	FBtr0305271	CG8907-RB	CG8907
OG0007867	FBtr0083373	CG3590-RA	Adsl
OG0007868	FBtr0089287	CG3477-RA	Pxd
OG0007869	FBtr0305130	CG4009-RB	CG4009
OG0007870	FBtr0083391	CG5220-RA	Trm7-32
OG0007871	FBtr0083428	CG3995-RA	bdwf
OG0007872	FBtr0083392	CG5208-RA	Patr-1
OG0007873	FBtr0083393	CG5201-RA	Dad
OG0007874	FBtr0083426	CG3983-RA	Ns1
OG0007875	FBtr0089894	CG5184-RA	mRpS11
OG0007876	FBtr0083423	CG3962-RB	Keap1
OG0007877	FBtr0083397	CG5175-RA	kuk
OG0007878	FBtr0083399	CG5169-RA	GckIII
OG0007879	FBtr0083400	CG5148-RA	cal1
OG0007880	FBtr0337101	CG3937-RM	cher
OG0007881	FBtr0083418	CG17477-RA	CG17477
OG0007882	FBtr0113401	CG31269-RB	CG31269
OG0007883	FBtr0083402	CG31265-RA	CG31265
OG0007884	FBtr0083417	CG17475-RA	CG17475
OG0007885	FBtr0303413	CG4053-RB	CG4053
OG0007886	FBtr0300060	CG31266-RB	CG31266
OG0007887	FBtr0083404	CG31267-RA	CG31267
OG0007888	FBtr0083405	CG5246-RA	CG5246
OG0007889	FBtr0083406	CG5255-RA	CG5255
OG0007890	FBtr0083414	CG11896-RA	m-cup
OG0007891	FBtr0083408	CG12265-RA	Det
OG0007892	FBtr0083409	CG5285-RA	Smug
OG0007893	FBtr0309516	CG31419-RB	CG31419
OG0007894	FBtr0083453	CG14334-RA	beat-IIa
OG0007895	FBtr0083452	CG31256-RA	Brf
OG0007896	FBtr0330037	CG43226-RD	lute
OG0007897	FBtr0083436	CG5851-RA	sds22
OG0007898	FBtr0089896	CG5413-RA	CREG
OG0007899	FBtr0083437	CG17283-RA	CG17283
OG0007900	FBtr0083441	CG33333-RA	CG33333
OG0007901	FBtr0083442	CG5873-RA	cysu
OG0007902	FBtr0113244	CG14331-RC	CG14331
OG0007903	FBtr0083443	CG14330-RA	CG14330
OG0007904	FBtr0330211	CG31190-RE	Dscam3
OG0007905	FBtr0083505	CG5823-RA	CG5823
OG0007906	FBtr0083454	CG5840-RA	P5cr2
OG0007907	FBtr0083504	CG5824-RA	l(3)07882
OG0007908	FBtr0083503	CG5826-RA	Prx3
OG0007909	FBtr0083460	CG7587-RA	Sgs5bis
OG0007910	FBtr0083463	CG14329-RA	CG14329
OG0007911	FBtr0083502	CG7539-RA	Edg91
OG0007912	FBtr0083500	CG14324-RA	CG14324
OG0007913	FBtr0083467	CG14326-RA	CG14326
OG0007914	FBtr0083498	CG14323-RA	CG14323
OG0007915	FBtr0083470	CG7629-RA	AttD
OG0007916	FBtr0289974	CG14325-RB	CG14325
OG0007917	FBtr0331346	CG14322-RB	CG14322
OG0007918	FBtr0083490	CG7523-RA	CG7523
OG0007919	FBtr0331348	CG7643-RB	Mps1
OG0007920	FBtr0089414	CG18212-RG	alt
OG0007921	FBtr0083479	CG7655-RA	CG7655
OG0007922	FBtr0083484	CG31251-RA	CG31251
OG0007923	FBtr0083480	CG31360-RA	CG31360
OG0007924	FBtr0083508	CG7660-RB	Pxt
OG0007925	FBtr0083533	CG12334-RA	Atg8b
OG0007926	FBtr0083509	CG7665-RA	Lgr1
OG0007927	FBtr0083511	CG14321-RA	CG14321
OG0007928	FBtr0083512	CG16766-RA	TyrRII
OG0007929	FBtr0083532	CG7431-RA	TyrR
OG0007930	FBtr0305011	CG43102-RC	CG43102
OG0007931	FBtr0083513	CG7713-RA	pasi1
OG0007932	FBtr0083529	CG7379-RA	CG7379
OG0007933	FBtr0083527	CG17806-RA	CG17806
OG0007934	FBtr0331689	CG17801-RB	trabl
OG0007935	FBtr0083523	CG18012-RA	Alg1
OG0007936	FBtr0089771	CG31247-RA	tinc
OG0007937	FBtr0305016	CG33547-RF	Rim
OG0007938	FBtr0330274	CG43738-RS	cpo
OG0007939	FBtr0083538	CG7780-RA	DNaseII
OG0007940	FBtr0083540	CG7794-RA	CG7794
OG0007941	FBtr0083548	CG7223-RB	htl
OG0007942	FBtr0083541	CG14317-RA	bard
OG0007943	FBtr0083546	CG14316-RA	CG14316
OG0007944	FBtr0083623	CG7218-RA	CG7218
OG0007945	FBtr0083551	CG12357-RA	Cbp20
OG0007946	FBtr0100619	CG7217-RA	Prx5
OG0007947	FBtr0100283	CG7215-RA	CG7215
OG0007948	FBtr0083619	CG7212-RA	cdm
OG0007949	FBtr0083557	CG7940-RA	Arp5
OG0007950	FBtr0083616	CG12321-RA	CG12321
OG0007951	FBtr0083558	CG7957-RA	MED17
OG0007952	FBtr0083615	CG14313-RA	CG14313
OG0007953	FBtr0330051	CG7187-RD	Ssdp
OG0007954	FBtr0083559	CG7985-RA	CG7985
OG0007955	FBtr0083560	CG14314-RA	CG14314
OG0007956	FBtr0083610	CG7183-RA	CG7183
OG0007957	FBtr0083561	CG7988-RA	CG7988
OG0007958	FBtr0083609	CG7175-RA	mTerf5
OG0007959	FBtr0083562	CG7993-RA	Non3
OG0007960	FBtr0083608	CG7168-RA	CG7168
OG0007961	FBtr0083563	CG7998-RA	Mdh2
OG0007962	FBtr0083564	CG31240-RA	repo
OG0007963	FBtr0083606	CG7156-RA	Rps6kc1
OG0007964	FBtr0083565	CG31196-RA	14-3-3epsilon
OG0007965	FBtr0083569	CG18598-RA	CG18598
OG0007966	FBtr0083605	CG12320-RA	CG12320
OG0007967	FBtr0310381	CG43663-RB	Ada2a
OG0007968	FBtr0343791	CG44890-RB	Tgs1
OG0007969	FBtr0083571	CG18599-RA	CG18599
OG0007970	FBtr0083601	CG7146-RA	Vps39
OG0007971	FBtr0083572	CG8053-RA	eIF1A
OG0007972	FBtr0083600	CG7142-RA	CG7142
OG0007973	FBtr0083599	CG14312-RA	CG14312
OG0007974	FBtr0083574	CG8064-RA	CG8064
OG0007975	FBtr0083597	CG7131-RA	CG7131
OG0007976	FBtr0083595	CG7129-RA	l(3)05822
OG0007977	FBtr0083575	CG12363-RA	Dlc90F
OG0007978	FBtr0083594	CG18600-RA	Polr1E
OG0007979	FBtr0330313	CG7125-RG	PKD
OG0007980	FBtr0083588	CG31235-RA	naz
OG0007981	FBtr0345256	CG15803-RC	CG15803
OG0007982	FBtr0083576	CG7669-RA	hmw
OG0007983	FBtr0302307	CG7670-RB	WRNexo
OG0007984	FBtr0083577	CG7671-RA	Nup43
OG0007985	FBtr0330042	CG7672-RC	gl
OG0007986	FBtr0083582	CG7675-RB	CG7675
OG0007987	FBtr0083580	CG14309-RA	CG14309
OG0007988	FBtr0083624	CG7676-RA	cona
OG0007989	FBtr0334144	CG44009-RA	Vti1b
OG0007990	FBtr0083655	CG12333-RA	Wdr37
OG0007991	FBtr0334146	CG44010-RB	koko
OG0007992	FBtr0083630	CG7685-RA	CG7685
OG0007993	FBtr0474142	CG31122-RD	CG31122
OG0007994	FBtr0083654	CG10864-RA	CG10864
OG0007995	FBtr0301284	CG14307-RN	fru
OG0007996	FBtr0083631	CG7691-RA	CG7691
OG0007997	FBtr0083637	CG7693-RA	fray
OG0007998	FBtr0083632	CG7694-RA	CG7694
OG0007999	FBtr0329922	CG43726-RB	qin
OG0008000	FBtr0083639	CG14304-RA	CG14304
OG0008001	FBtr0083634	CG14305-RA	Tssk
OG0008002	FBtr0083694	CG7695-RA	CG7695
OG0008003	FBtr0290199	CG14301-RB	CG14301
OG0008004	FBtr0083691	CG31224-RA	CG31224
OG0008005	FBtr0083660	CG7697-RA	CstF64
OG0008006	FBtr0083690	CG7698-RA	Cpsf73
OG0008007	FBtr0083661	CG7700-RA	Gos28
OG0008008	FBtr0083662	CG31231-RA	CG31231
OG0008009	FBtr0083663	CG31229-RA	CG31229
OG0008010	FBtr0083664	CG7702-RA	CG7702
OG0008011	FBtr0083688	CG7705-RA	dind
OG0008012	FBtr0083667	CG7706-RA	CG7706
OG0008013	FBtr0083668	CG7708-RA	ChT
OG0008014	FBtr0100288	CG14300-RA	CG14300
OG0008015	FBtr0112478	CG34282-RA	CG34282
OG0008016	FBtr0089367	CG12345-RA	ChAT
OG0008017	FBtr0083671	CG32848-RA	VAChT
OG0008018	FBtr0083686	CG7714-RA	CG7714
OG0008019	FBtr0083685	CG7715-RA	CG7715
OG0008020	FBtr0083684	CG7717-RB	Mekk1
OG0008021	FBtr0083682	CG7718-RA	Pgs1
OG0008022	FBtr0083674	CG7719-RA	gwl
OG0008023	FBtr0273382	CG14299-RC	Epg5
OG0008024	FBtr0083678	CG7720-RB	CG7720
OG0008025	FBtr0330029	CG18208-RB	Octalpha2R
OG0008026	FBtr0083675	CG31226-RA	CG31226
OG0008027	FBtr0083695	CG14298-RA	CG14298
OG0008028	FBtr0083696	CG14297-RA	CG14297
OG0008029	FBtr0083726	CG14294-RA	CG14294
OG0008030	FBtr0112480	CG34284-RA	CG34284
OG0008031	FBtr0083725	CG14292-RA	CG14292
OG0008032	FBtr0083698	CG14296-RA	EndoA
OG0008033	FBtr0083724	CG14291-RA	Sgsh
OG0008034	FBtr0083700	CG17836-RB	Xrp1
OG0008035	FBtr0083723	CG14290-RB	Mpc1
OG0008036	FBtr0304685	CG42613-RE	CG42613
OG0008037	FBtr0304691	CG12269-RB	euc
OG0008038	FBtr0083721	CG5451-RA	Smu1
OG0008039	FBtr0083707	CG5452-RA	dnk
OG0008040	FBtr0083720	CG5454-RA	snRNP-U1-C
OG0008041	FBtr0089768	CG31043-RA	gukh
OG0008042	FBtr0083719	CG6005-RA	CG6005
OG0008043	FBtr0083710	CG14286-RA	CG14286
OG0008044	FBtr0083711	CG14285-RA	CG14285
OG0008045	FBtr0083718	CG6007-RA	GatA
OG0008046	FBtr0083712	CG6008-RA	NP15.6
OG0008047	FBtr0083713	CG6009-RA	P5cr1
OG0008048	FBtr0083717	CG6011-RA	Prp18
OG0008049	FBtr0083714	CG6013-RA	CG6013
OG0008050	FBtr0273301	CG6026-RB	CG6026
OG0008051	FBtr0083716	CG6027-RA	cdi
OG0008052	FBtr0083754	CG14283-RA	mRpL55
OG0008053	FBtr0083727	CG6030-RB	ATPsynD
OG0008054	FBtr0083729	CG6040-RA	CG6040
OG0008055	FBtr0330044	CG5629-RC	Ppcs
OG0008056	FBtr0083751	CG5835-RA	CG5835
OG0008057	FBtr0083749	CG11779-RA	CG11779
OG0008058	FBtr0299957	CG42358-RA	Nsun5
OG0008059	FBtr0083733	CG5557-RA	sqz
OG0008060	FBtr0083734	CG14282-RA	CG14282
OG0008061	FBtr0332165	CG5555-RB	CG5555
OG0008062	FBtr0083735	CG31475-RA	myd
OG0008063	FBtr0083736	CG3772-RA	cry
OG0008064	FBtr0310064	CG5269-RB	vib
OG0008065	FBtr0083744	CG11703-RA	CG11703
OG0008066	FBtr0083743	CG5250-RA	CG5250
OG0008067	FBtr0083737	CG3773-RA	Polr2M
OG0008068	FBtr0301693	CG5237-RC	unc79
OG0008069	FBtr0083741	CG5217-RA	CG5217
OG0008070	FBtr0083738	CG14280-RA	CG14280
OG0008071	FBtr0083771	CG31212-RA	Ino80
OG0008072	FBtr0083775	CG3581-RA	CG3581
OG0008073	FBtr0083774	CG31404-RA	CG31404
OG0008074	FBtr0083773	CG31245-RA	CG31245
OG0008075	FBtr0339153	CG3739-RB	CG3739
OG0008076	FBtr0083770	CG3517-RA	CG3517
OG0008077	FBtr0110919	CG34157-RH	Dys
OG0008078	FBtr0083811	CG6240-RA	Cpr92A
OG0008079	FBtr0083777	CG7342-RA	CG7342
OG0008080	FBtr0302492	CG16718-RD	subdued
OG0008081	FBtr0083804	CG6213-RA	Vha13
OG0008082	FBtr0083781	CG7360-RA	Nup58
OG0008083	FBtr0083803	CG6195-RA	CG6195
OG0008084	FBtr0345271	CG6184-RF	CG6184
OG0008085	FBtr0083786	CG31216-RA	Naam
OG0008086	FBtr0112482	CG34286-RA	CG34286
OG0008087	FBtr0343788	CG7535-RN	GluClalpha
OG0008088	FBtr0083789	CG11391-RA	Acsx2
OG0008089	FBtr0083791	CG11453-RA	Acsx4
OG0008090	FBtr0083795	CG4608-RA	bnl
OG0008091	FBtr0083812	CG31459-RA	CG31459
OG0008092	FBtr0335008	CG4662-RD	MICU3
OG0008093	FBtr0113248	CG4583-RB	Ire1
OG0008094	FBtr0083815	CG11447-RA	Mrm2
OG0008095	FBtr0083860	CG4572-RA	CG4572
OG0008096	FBtr0083816	CG4686-RA	CG4686
OG0008097	FBtr0083858	CG17186-RA	CG17186
OG0008098	FBtr0300256	CG4720-RC	Ask1
OG0008099	FBtr0301117	CG4733-RB	CG4733
OG0008100	FBtr0344261	CG4538-RC	ClpX
OG0008101	FBtr0083854	CG4510-RA	Surf6
OG0008102	FBtr0083821	CG4755-RA	RhoGAP92B
OG0008103	FBtr0300643	CG42508-RA	Xport-B
OG0008104	FBtr0083851	CG4465-RA	CG4465
OG0008105	FBtr0083822	CG4770-RA	CG4770
OG0008106	FBtr0083850	CG4462-RA	CG4462
OG0008107	FBtr0083849	CG4459-RA	CG4459
OG0008108	FBtr0083846	CG4451-RA	Hs6st
OG0008109	FBtr0083847	CG12249-RA	mira
OG0008110	FBtr0083825	CG12254-RA	MED25
OG0008111	FBtr0307346	CG17190-RB	CG17190
OG0008112	FBtr0083843	CG4433-RB	PIG-L
OG0008113	FBtr0083829	CG4845-RA	psidin
OG0008114	FBtr0083841	CG4424-RA	CG4424
OG0008115	FBtr0083830	CG4854-RA	CG4854
OG0008116	FBtr0083840	CG4413-RA	trem
OG0008117	FBtr0083831	CG4936-RA	idc
OG0008118	FBtr0083839	CG10889-RA	Regnase-1
OG0008119	FBtr0083836	CG4390-RB	CG4390
OG0008120	FBtr0083835	CG4973-RA	mdlc
OG0008121	FBtr0083876	CG10888-RA	Rh3
OG0008122	FBtr0334557	CG31206-RB	CG31206
OG0008123	FBtr0083864	CG10887-RA	Leo1L
OG0008124	FBtr0083866	CG5023-RA	CG5023
OG0008125	FBtr0083874	CG17199-RA	CG17199
OG0008126	FBtr0334305	CG43122-RG	cic
OG0008127	FBtr0473615	CG4367-RC	CG4367
OG0008128	FBtr0083900	CG4362-RA	CG4362
OG0008129	FBtr0306633	CG42668-RM	Orp8
OG0008130	FBtr0083899	CG4360-RA	Sag1
OG0008131	FBtr0083882		
OG0008132	FBtr0336963	CG15685-RC	Ir92a
OG0008133	FBtr0306199	CG43224-RE	Gfrl
OG0008134	FBtr0083891		
OG0008135	FBtr0083887	CG17916-RA	Or92a
OG0008136	FBtr0083888	CG4288-RB	VGlut2
OG0008137	FBtr0089480	CG4241-RA	DPCoAC
OG0008138	FBtr0273268	CG5180-RB	CG5180
OG0008139	FBtr0083951	CG15922-RA	CG15922
OG0008140	FBtr0083905	CG5191-RB	CG5191
OG0008141	FBtr0083950	CG10877-RA	CG10877
OG0008142	FBtr0083949	CG4217-RB	TFAM
OG0008143	FBtr0083909	CG5412-RA	CG5412
OG0008144	FBtr0083947	CG4204-RA	EloB
OG0008145	FBtr0273271	CG5417-RB	Srp14
OG0008146	FBtr0300803	CG16953-RB	CG16953
OG0008147	FBtr0083911	CG5434-RA	Srp72
OG0008148	FBtr0302323	CG4159-RB	Pus1
OG0008149	FBtr0330043	CG5206-RC	bon
OG0008150	FBtr0330028	CG15923-RC	CG15923
OG0008151	FBtr0083913	CG5466-RA	CG5466
OG0008152	FBtr0083914	CG5460-RA	H
OG0008153	FBtr0083940	CG4141-RA	Pi3K92E
OG0008154	FBtr0083937	CG4058-RA	Nep4
OG0008155	FBtr0083919	CG5494-RA	Cpr92F
OG0008156	FBtr0083935	CG4000-RA	CG4000
OG0008158	FBtr0344115	CG17267-RC	CG17267
OG0008159	FBtr0083930	CG31199-RA	CG31199
OG0008160	FBtr0083929	CG31200-RA	CG31200
OG0008161	FBtr0345263	CG42322-RN	CG42322
OG0008162	FBtr0302188	CG31195-RB	CG31195
OG0008163	FBtr0083996	CG31421-RA	Takl1
OG0008164	FBtr0334712	CG17838-RJ	Syp
OG0008165	FBtr0083995	CG17269-RA	Fancd2
OG0008166	FBtr0083994	CG17270-RA	CG17270
OG0008167	FBtr0083993	CG17271-RA	CG17271
OG0008168	FBtr0083964	CG15693-RA	RpS20
OG0008169	FBtr0083992	CG17272-RA	CG17272
OG0008170	FBtr0083991	CG17273-RA	Adss
OG0008171	FBtr0475019	CG31223-RB	CG31223
OG0008172	FBtr0083967	CG15695-RA	CG15695
OG0008173	FBtr0336970	CG42315-RD	Ir93a
OG0008174	FBtr0083986	CG10830-RA	Ktl
OG0008175	FBtr0344322	CG31191-RD	CG31191
OG0008176	FBtr0113257	CG5630-RB	hdly
OG0008177	FBtr0309205	CG5685-RG	Calx
OG0008178	FBtr0084001	CG5697-RA	CG5697
OG0008179	FBtr0084002	CG11622-RA	Rlip
OG0008180	FBtr0084047	CG17278-RA	peg
OG0008181	FBtr0084003	CG12278-RA	CG12278
OG0008182	FBtr0330046	CG3671-RH	Mvl
OG0008183	FBtr0089517	CG5730-RA	AnxB9
OG0008184	FBtr0084038	CG3593-RA	r-l
OG0008185	FBtr0084007	CG5737-RA	dmrt93B
OG0008186	FBtr0084037	CG7056-RA	HHEX
OG0008187	FBtr0084036	CG3421-RA	RhoGAP93B
OG0008188	FBtr0084035	CG7044-RA	Brat1
OG0008189	FBtr0084008	CG5745-RA	Tbc1d22
OG0008190	FBtr0084034	CG7034-RA	Sec15
OG0008191	FBtr0084009	CG5760-RA	rtet
OG0008192	FBtr0084010	CG5771-RA	Rab11
OG0008193	FBtr0084012	CG5786-RA	ppan
OG0008194	FBtr0084033	CG17282-RA	Bdbt
OG0008195	FBtr0330049	CG3412-RB	slmb
OG0008196	FBtr0304713	CG5793-RB	CG5793
OG0008197	FBtr0084030	CG17284-RA	Obp93a
OG0008198	FBtr0084015	CG10825-RA	Ice2
OG0008199	FBtr0084029	CG7009-RA	Trm7-34
OG0008200	FBtr0084016	CG5798-RA	Usp8
OG0008201	FBtr0084017	CG5802-RA	meigo
OG0008202	FBtr0084028	CG10824-RA	cDIP
OG0008203	FBtr0084020	CG17299-RF	SNF4Agamma
OG0008204	FBtr0084108	CG3353-RA	Smyd5
OG0008205	FBtr0084050	CG5871-RA	Oga
OG0008206	FBtr0084107	CG3337-RA	CG3337
OG0008207	FBtr0330376	CG5874-RB	Nelf-A
OG0008208	FBtr0084106	CG3331-RA	e
OG0008209	FBtr0084054	CG5911-RA	ETHR
OG0008210	FBtr0084104	CG3320-RA	Rab1
OG0008211	FBtr0084103	CG6056-RA	AP-2sigma
OG0008212	FBtr0084055	CG5919-RA	Idi
OG0008213	FBtr0084102	CG3308-RA	CG3308
OG0008214	FBtr0084098	CG10823-RA	SIFaR
OG0008215	FBtr0084056	CG17298-RA	CG17298
OG0008216	FBtr0084095	CG16791-RA	aus
OG0008217	FBtr0346907	CG42769-RB	pre-mod(mdg4)-T
OG0008218	FBtr0303402	CG42770-RA	pre-mod(mdg4)-Z
OG0008219	FBtr0303405	CG42771-RA	pre-mod(mdg4)-Y
OG0008220	FBtr0303409	CG42776-RA	pre-mod(mdg4)-V
OG0008221	FBtr0084086	CG7895-RA	tin
OG0008222	FBtr0084087	CG7902-RA	bap
OG0008223	FBtr0113261	CG7907-RB	CG7907
OG0008224	FBtr0332438	CG6570-RC	lbl
OG0008225	FBtr0084091	CG6545-RA	lbe
OG0008226	FBtr0084109	CG7922-RA	Fancm
OG0008227	FBtr0084111	CG7937-RA	C15
OG0008228	FBtr0334663	CG7956-RF	sp3
OG0008229	FBtr0330389	CG6534-RB	slou
OG0008230	FBtr0084122	CG15498-RA	CG15498
OG0008231	FBtr0084121	CG18402-RA	InR
OG0008232	FBtr0334678	CG6376-RD	E2f1
OG0008233	FBtr0084116	CG6353-RA	Archease
OG0008234	FBtr0084113	CG15497-RA	Jhbp16
OG0008235	FBtr0084115	CG6349-RA	PolA1
OG0008236	FBtr0084114	CG31176-RA	CG31176
OG0008238	FBtr0084125	CG5849-RA	CG5849
OG0008239	FBtr0084128	CG31198-RA	CG31198
OG0008240	FBtr0344211	CG42335-RE	CG42335
OG0008241	FBtr0339154	CG6706-RC	GABA-B-R2
OG0008242	FBtr0084132	CG6800-RA	CG6800
OG0008243	FBtr0084166	CG13418-RA	Polr1H
OG0008244	FBtr0084164	CG6705-RA	tsl
OG0008245	FBtr0330368	CG6703-RH	CASK
OG0008246	FBtr0084133	CG13417-RA	Gr93a
OG0008247	FBtr0084159	CG31173-RA	Gr93c
OG0008248	FBtr0084135	CG6637-RA	lsn
OG0008249	FBtr0084155	CG6569-RA	CG6569
OG0008250	FBtr0347600	CG13415-RE	Cby
OG0008251	FBtr0084154	CG31174-RA	CG31174
OG0008252	FBtr0084137	CG31431-RA	CG31431
OG0008253	FBtr0300075	CG31178-RB	CG31178
OG0008254	FBtr0084139	CG6656-RA	CG6656
OG0008255	FBtr0301007	CG34148-RB	CG34148
OG0008256	FBtr0084140	CG33092-RA	P5cdh2
OG0008257	FBtr0084153	CG17820-RA	fit
OG0008258	FBtr0084151	CG6560-RA	dnd
OG0008259	FBtr0084148	CG6678-RA	CG6678
OG0008260	FBtr0347290	CG43844-RF	CG43844
OG0008261	FBtr0084150	CG17843-RA	Qsox2
OG0008262	FBtr0112874	CG18389-RB	Eip93F
OG0008263	FBtr0084170	CG6332-RA	Theg
OG0008264	FBtr0084190	CG6439-RA	Idh3b
OG0008265	FBtr0335200	CG6455-RE	Mitofilin
OG0008266	FBtr0084171	CG13410-RA	mRpL35
OG0008267	FBtr0084186	CG6028-RA	CG6028
OG0008268	FBtr0084185	CG6022-RA	Cchl
OG0008269	FBtr0084172	CG6343-RA	ND-42
OG0008270	FBtr0084184	CG13409-RA	CG13409
OG0008271	FBtr0084183	CG6015-RA	CG6015
OG0008272	FBtr0084174	CG6375-RB	pit
OG0008273	FBtr0335195	CG10293-RF	how
OG0008274	FBtr0084179	CG13408-RA	CG13408
OG0008275	FBtr0084182	CG5778-RA	BomT3
OG0008276	FBtr0084180	CG5791-RA	BomBc3
OG0008277	FBtr0300006	CG42390-RB	CG42390
OG0008278	FBtr0330381	CG31163-RI	SKIP
OG0008279	FBtr0305038	CG5732-RB	Gld2
OG0008280	FBtr0084201	CG7084-RB	CG7084
OG0008281	FBtr0330388	CG34377-RC	CG34377
OG0008282	FBtr0084203	CG7080-RA	CG7080
OG0008283	FBtr0084242	CG5391-RA	CG5391
OG0008284	FBtr0084240	CG5386-RA	CG5386
OG0008285	FBtr0084205	CG7077-RA	rdhB
OG0008286	FBtr0084206	CG7073-RA	Sar1
OG0008287	FBtr0330378	CG5383-RB	JMJD6
OG0008288	FBtr0110878	CG34131-RA	Muted
OG0008289	FBtr0084211	CG7071-RA	CG7071
OG0008290	FBtr0084237	CG5382-RB	CG5382
OG0008292	FBtr0306948	CG43342-RA	CG43342
OG0008293	FBtr0306945	CG43343-RA	Gpdh3
OG0008294	FBtr0084235	CG5379-RA	CAH8
OG0008295	FBtr0084219	CG7059-RA	Pgaml
OG0008296	FBtr0084234	CG13857-RA	CG13857
OG0008297	FBtr0084224	CG13856-RA	CG13856
OG0008298	FBtr0084225	CG13855-RA	CG13855
OG0008299	FBtr0084231	CG13850-RA	CG13850
OG0008300	FBtr0299516	CG42250-RD	lqfR
OG0008301	FBtr0084230	CG13849-RA	Nop56
OG0008302	FBtr0084229	CG13852-RA	mats
OG0008303	FBtr0301711	CG13847-RB	CG13847
OG0008304	FBtr0084295	CG12499-RA	CG12499
OG0008305	FBtr0112608	CG34376-RA	CG34376
OG0008306	FBtr0084294	CG5378-RA	Rpn7
OG0008307	FBtr0084252	CG7057-RA	AP-2mu
OG0008308	FBtr0084254	CG7054-RA	CG7054
OG0008309	FBtr0084255	CG18594-RA	Pebp1
OG0008310	FBtr0084293	CG5377-RA	CG5377
OG0008311	FBtr0084257	CG7048-RA	Pfdn5
OG0008312	FBtr0084292	CG5376-RA	CG5376
OG0008313	FBtr0084290	CG5374-RB	CCT1
OG0008314	FBtr0084260	CG6919-RA	Octbeta1R
OG0008315	FBtr0084289	CG5346-RA	CG5346
OG0008316	FBtr0084288	CG33099-RA	CG33099
OG0008317	FBtr0084285	CG5326-RA	CG5326
OG0008318	FBtr0084282	CG5315-RA	AdipoR
OG0008319	FBtr0084261	CG6921-RB	bond
OG0008320	FBtr0084281	CG5278-RA	sit
OG0008321	FBtr0084264	CG33110-RA	CG33110
OG0008322	FBtr0084265	CG6932-RA	CSN6
OG0008323	FBtr0084280	CG31289-RA	Dph5
OG0008324	FBtr0084279	CG33107-RA	CG33107
OG0008325	FBtr0084266	CG6937-RA	CG6937
OG0008326	FBtr0334559	CG31158-RH	Efa6
OG0008327	FBtr0084277	CG31156-RA	CG31156
OG0008328	FBtr0084269	CG13843-RA	CG13843
OG0008329	FBtr0084270	CG31159-RA	mRRF2
OG0008330	FBtr0084272	CG6949-RA	mRpL45
OG0008331	FBtr0084273	CG5248-RD	loco
OG0008332	FBtr0344408	CG45058-RG	wake
OG0008333	FBtr0084336	CG4919-RA	Gclm
OG0008334	FBtr0084334	CG4917-RA	wfs1
OG0008335	FBtr0084302	CG6958-RA	Nup133
OG0008336	FBtr0084303	CG6969-RA	cd
OG0008337	FBtr0084333	CG4910-RA	CCAP
OG0008338	FBtr0347565	CG6972-RB	CG6972
OG0008339	FBtr0345302	CG13842-RB	CG13842
OG0008340	FBtr0084326	CG4813-RA	Rnf220
OG0008341	FBtr0344358	CG45049-RD	CG45049
OG0008342	FBtr0084324	CG4792-RA	Dcr-1
OG0008343	FBtr0084308	CG6985-RA	CG6985
OG0008344	FBtr0084323	CG4771-RA	vret
OG0008345	FBtr0084309	CG6990-RA	HP1c
OG0008346	FBtr0084322	CG17141-RA	CG17141
OG0008347	FBtr0084318	CG4723-RA	Nepl14
OG0008348	FBtr0084317	CG4721-RA	Nepl15
OG0008349	FBtr0084316	CG13841-RA	CG13841
OG0008350	FBtr0084311	CG7023-RB	Usp12-46
OG0008351	FBtr0084312	CG7029-RA	CG7029
OG0008352	FBtr0084313	CG7031-RA	CG7031
OG0008353	FBtr0339139	CG13840-RC	CG13840
OG0008354	FBtr0084314	CG4704-RA	CG4704
OG0008355	FBtr0084337	CG6669-RA	klg
OG0008356	FBtr0084338	CG6660-RA	CG6660
OG0008357	FBtr0084339	CG31281-RA	Tpl94D
OG0008358	FBtr0084340	CG17244-RA	Gbp3
OG0008359	FBtr0084341	CG17241-RA	Or94a
OG0008360	FBtr0084342	CG6679-RA	Or94b
OG0008361	FBtr0302319	CG34375-RB	CG34375
OG0008362	FBtr0084343	CG6688-RA	CG6688
OG0008363	FBtr0084364	CG4677-RB	lmd
OG0008364	FBtr0084362	CG13833-RA	CG13833
OG0008365	FBtr0084344	CG13838-RA	CG13838
OG0008366	FBtr0084361	CG17121-RA	CG17121
OG0008367	FBtr0084360	CG33336-RB	p53
OG0008368	FBtr0084357	CG17119-RA	Ctns
OG0008369	FBtr0084356	CG33193-RA	sav
OG0008370	FBtr0084347	CG6697-RA	Ublcp1
OG0008371	FBtr0303508	CG17111-RB	CG17111
OG0008372	FBtr0337028	CG13830-RE	Cow
OG0008373	FBtr0084407	CG4656-RA	Rassf
OG0008374	FBtr0084368	CG6742-RA	CenB1A
OG0008375	FBtr0084406	CG31365-RA	CG31365
OG0008376	FBtr0084405	CG31457-RB	CG31457
OG0008377	FBtr0100506	CG4637-RB	hh
OG0008378	FBtr0347570	CG4620-RG	unk
OG0008379	FBtr0084401	CG4624-RA	VhaAC39-2
OG0008380	FBtr0084400	CG13829-RA	CG13829
OG0008381	FBtr0336477	CG44159-RF	Irk1
OG0008382	FBtr0330372	CG43286-RO	cnc
OG0008383	FBtr0084399	CG4568-RA	fzo
OG0008384	FBtr0110801	CG4467-RB	CG4467
OG0008385	FBtr0084388	CG4449-RA	Rad60
OG0008386	FBtr0084374	CG6755-RA	EloA
OG0008387	FBtr0084387	CG4448-RA	wda
OG0008388	FBtr0307596	CG13827-RB	Pex11c
OG0008389	FBtr0084384	CG10868-RA	orb
OG0008390	FBtr0084377	CG6759-RA	Cdc16
OG0008391	FBtr0084378	CG6763-RA	CG6763
OG0008392	FBtr0084383	CG17083-RA	wam
OG0008393	FBtr0084382	CG4434-RA	bb8
OG0008394	FBtr0089717	CG17077-RB	pnt
OG0008395	FBtr0084408	CG6768-RA	PolE1
OG0008396	FBtr0084432	CG4412-RA	ATPsynCF6
OG0008397	FBtr0084409	CG6773-RA	Sec13
OG0008398	FBtr0084410	CG6779-RA	RpS3
OG0008399	FBtr0303834	CG42827-RC	CG42827
OG0008400	FBtr0301085	CG4393-RB	CG4393
OG0008401	FBtr0299678	CG42298-RA	Ir94e
OG0008402	FBtr0303342	CG4374-RB	CG4374
OG0008403	FBtr0307053	CG34289-RC	CG34289
OG0008404	FBtr0339622	CG4370-RD	Irk2
OG0008405	FBtr0339621	CG10175-RD	Est17
OG0008406	FBtr0084417	CG10164-RA	CG10164
OG0008407	FBtr0332427	CG10152-RB	beat-IV
OG0008408	FBtr0084481	CG10184-RA	CG10184
OG0008409	FBtr0474143	CG31145-RG	CG31145
OG0008410	FBtr0084434	CG13822-RA	GILT3
OG0008411	FBtr0084435	CG10157-RA	GILT2
OG0008412	FBtr0084476	CG10254-RB	CG10254
OG0008413	FBtr0084475	CG10252-RA	CG10252
OG0008414	FBtr0113347	CG10251-RB	prt
OG0008415	FBtr0084473	CG31468-RA	CG31468
OG0008416	FBtr0114504	CG10301-RB	CG10301
OG0008417	FBtr0084445	CG10300-RA	CG10300
OG0008418	FBtr0084472	CG10250-RA	nau
OG0008419	FBtr0084446	CG10365-RC	CG10365
OG0008420	FBtr0084469	CG10230-RB	Rpn9
OG0008421	FBtr0084450	CG10367-RA	Hmgcr
OG0008422	FBtr0084468	CG10225-RA	RanBP3
OG0008423	FBtr0084452	CG10370-RA	Rpt5
OG0008424	FBtr0084467	CG10221-RA	Hrd3
OG0008425	FBtr0084453	CG10371-RB	Ptpmt1
OG0008426	FBtr0084466	CG10219-RA	SdhD
OG0008427	FBtr0084464	CG10217-RB	udt
OG0008428	FBtr0084455	CG10374-RA	Lsd1
OG0008429	FBtr0084463	CG10214-RA	Rex2
OG0008430	FBtr0084458	CG10375-RA	Funes
OG0008431	FBtr0084462	CG10210-RA	tst
OG0008432	FBtr0084461	CG10208-RA	CG10208
OG0008433	FBtr0084460	CG10198-RA	Nup98-96
OG0008434	FBtr0304729	CG10379-RB	mbc
OG0008435	FBtr0084529	CG33111-RA	CG33111
OG0008436	FBtr0089623	CG10192-RA	eIF4G2
OG0008437	FBtr0306735	CG34355-RE	CG34355
OG0008438	FBtr0084527	CG5212-RA	Pli
OG0008439	FBtr0084526	CG5163-RA	TfIIA-S
OG0008440	FBtr0084525	CG13597-RA	tbrd-1
OG0008441	FBtr0330380	CG13598-RH	sba
OG0008442	FBtr0084490	CG31141-RA	CG31141
OG0008443	FBtr0084491	CG5857-RA	Ndc1
OG0008444	FBtr0330369	CG13601-RB	CG13601
OG0008445	FBtr0084492	CG31142-RA	CG31142
OG0008446	FBtr0084520	CG5289-RA	Rpt2
OG0008447	FBtr0084493	CG13599-RA	CG13599
OG0008448	FBtr0084519	CG5338-RB	RpS19b
OG0008449	FBtr0084494	CG5854-RA	CG5854
OG0008450	FBtr0089498	CG5320-RA	Gdh
OG0008451	FBtr0084513	CG12268-RA	CG12268
OG0008452	FBtr0084511	CG5394-RA	GluProRS
OG0008453	FBtr0084496	CG5864-RA	AP-1sigma
OG0008454	FBtr0330371	CG31140-RH	CG31140
OG0008455	FBtr0084510	CG13603-RA	CG13603
OG0008456	FBtr0084501	CG5902-RB	CG5902
OG0008457	FBtr0330370	CG13604-RE	Epp
OG0008458	FBtr0084503	CG5915-RA	Rab7
OG0008459	FBtr0084506	CG5405-RB	Pacs
OG0008460	FBtr0084532	CG5933-RA	Mettl3
OG0008461	FBtr0084596	CG5410-RE	Miro
OG0008462	FBtr0084533	CG5977-RA	spas
OG0008463	FBtr0084591	CG5422-RD	Rox8
OG0008464	FBtr0084535	CG5986-RA	CG5986
OG0008465	FBtr0084590	CG5429-RA	Atg6
OG0008466	FBtr0084536	CG5991-RA	Pisd
OG0008467	FBtr0334920	CG6000-RC	CG6000
OG0008468	FBtr0300475	CG33100-RB	eIF4EHP
OG0008469	FBtr0303161	CG31136-RB	Syx1A
OG0008470	FBtr0084542	CG10694-RA	CG10694
OG0008471	FBtr0084543	CG18428-RA	CG18428
OG0008472	FBtr0300705	CG13605-RB	CG13605
OG0008473	FBtr0084585	CG13607-RA	CG13607
OG0008474	FBtr0304161	CG6129-RD	Root
OG0008475	FBtr0084584	CG5463-RA	GatB
OG0008476	FBtr0084546	CG6147-RA	Tsc1
OG0008477	FBtr0084547	CG6159-RA	Sec10
OG0008478	FBtr0084549	CG6173-RA	Kal1
OG0008479	FBtr0084583	CG31133-RA	Slimp
OG0008480	FBtr0084550	CG6178-RA	CG6178
OG0008481	FBtr0100516	CG5501-RE	Myo95E
OG0008482	FBtr0084551	CG6182-RA	TBC1d7
OG0008483	FBtr0084577	CG13608-RA	mRpS24
OG0008484	FBtr0084552	CG6193-RA	Apc2
OG0008485	FBtr0084576	CG5510-RA	CG5510
OG0008486	FBtr0344266	CG13606-RD	CG13606
OG0008487	FBtr0084554	CG6198-RA	mora
OG0008488	FBtr0084574	CG5515-RA	CG5515
OG0008489	FBtr0084573	CG5524-RA	SMC6
OG0008490	FBtr0084555	CG6204-RA	CG6204
OG0008491	FBtr0084558	CG6219-RA	cav
OG0008492	FBtr0330382	CG5669-RB	Spps
OG0008493	FBtr0084560	CG13609-RA	CG13609
OG0008494	FBtr0084561	CG17924-RA	Acp95EF
OG0008495	FBtr0084564	CG5677-RA	Spase22-23
OG0008496	FBtr0305043	CG33106-RC	mask
OG0008497	FBtr0084637	CG5706-RA	beta-PheRS
OG0008498	FBtr0301368	CG5695-RH	jar
OG0008499	FBtr0084600	CG13611-RA	shps
OG0008500	FBtr0084601	CG6356-RA	CG6356
OG0008501	FBtr0299531	CG34290-RB	CG34290
OG0008502	FBtr0299530	CG6364-RB	Uck
OG0008503	FBtr0084634	CG5715-RA	CG5715
OG0008504	FBtr0304726	CG6383-RC	crb
OG0008505	FBtr0084633	CG5720-RA	Nab2
OG0008506	FBtr0084604	CG31132-RA	BRWD3
OG0008507	FBtr0084632	CG5728-RA	Rrp5
OG0008508	FBtr0084605	CG6413-RA	Dis3
OG0008509	FBtr0084606	CG6432-RA	CG6432
OG0008510	FBtr0084607	CG6440-RA	Ms
OG0008511	FBtr0273282	CG5746-RC	CG5746
OG0008512	FBtr0273323	CG6454-RC	CG6454
OG0008513	FBtr0084629	CG17785-RA	Golgin84
OG0008514	FBtr0084628	CG18528-RA	CG18528
OG0008515	FBtr0084627	CG5762-RA	CG5762
OG0008516	FBtr0303581	CG33339-RB	CG33339
OG0008517	FBtr0084611	CG33340-RA	CG33340
OG0008518	FBtr0084626	CG17784-RA	CG17784
OG0008519	FBtr0303582	CG13613-RC	CG13613
OG0008520	FBtr0303823	CG42811-RA	CG42811
OG0008521	FBtr0084624	CG17782-RA	CG17782
OG0008522	FBtr0084623	CG17781-RA	CG17781
OG0008523	FBtr0113461	CG33342-RB	CG33342
OG0008524	FBtr0084621	CG17780-RB	CG17780
OG0008525	FBtr0084617	CG13615-RA	CG13615
OG0008526	FBtr0084618	CG13616-RA	CG13616
OG0008527	FBtr0084638	CG31128-RA	CG31128
OG0008528	FBtr0084639	CG6844-RA	nAChRalpha2
OG0008529	FBtr0084681	CG6798-RA	nAChRbeta2
OG0008530	FBtr0084641	CG13617-RA	DZIP1
OG0008531	FBtr0289971	CG13622-RB	CG13622
OG0008532	FBtr0084643	CG13618-RA	Jhbp12
OG0008533	FBtr0084644	CG6607-RA	CG6607
OG0008534	FBtr0084679	CG13623-RA	CG13623
OG0008535	FBtr0084645	CG6631-RA	ana1
OG0008536	FBtr0306024	CG6643-RC	Esyt2
OG0008537	FBtr0110795	CG13624-RE	REPTOR
OG0008538	FBtr0084671	CG13625-RA	CG13625
OG0008539	FBtr0304913	CG34100-RD	mld
OG0008540	FBtr0084670	CG13626-RA	Syx18
OG0008541	FBtr0084669	CG31127-RA	Wsck
OG0008542	FBtr0084656	CG6668-RA	atl
OG0008543	FBtr0330309	CG5794-RH	puf
OG0008544	FBtr0084660	CG6677-RC	ash2
OG0008545	FBtr0084665	CG31125-RA	CG31125
OG0008546	FBtr0089916	CG6695-RA	CG6695
OG0008547	FBtr0084663	CG31126-RA	CG31126
OG0008548	FBtr0084664	CG5796-RA	Ppox
OG0008549	FBtr0330286	CG10693-RT	slo
OG0008550	FBtr0084686	CG13627-RA	CG13627
OG0008551	FBtr0084688	CG13628-RA	Polr2L
OG0008552	FBtr0084745	CG13630-RA	CG13630
OG0008553	FBtr0084692	CG6875-RA	asp
OG0008554	FBtr0084744	CG13633-RA	AstA
OG0008555	FBtr0084693	CG13631-RA	CG13631
OG0008556	FBtr0299842	CG42331-RB	CG42331
OG0008557	FBtr0084743	CG5805-RA	CG5805
OG0008558	FBtr0084742	CG13634-RA	CG13634
OG0008559	FBtr0084697	CG6892-RB	Ets96B
OG0008560	FBtr0331698	CG18410-RB	Ude
OG0008561	FBtr0084740	CG11375-RA	polybromo
OG0008562	FBtr0084739	CG5807-RA	lili
OG0008563	FBtr0084698	CG6980-RA	CG6980
OG0008564	FBtr0301004	CG34150-RB	CG34150
OG0008565	FBtr0084738	CG5808-RA	Ppil4
OG0008566	FBtr0084700	CG6995-RB	Saf-B
OG0008567	FBtr0084737	CG10951-RA	niki
OG0008568	FBtr0084735	CG31357-RA	Kaz
OG0008569	FBtr0084702	CG13636-RA	sosie
OG0008570	FBtr0084704	CG7006-RA	CG7006
OG0008571	FBtr0334570	CG7012-RE	Nct
OG0008572	FBtr0084734	CG31119-RA	HDAC11
OG0008573	FBtr0084732	CG10899-RA	CAH4
OG0008574	FBtr0273357	CG31105-RB	ppk22
OG0008575	FBtr0306105	CG13639-RA	CG13639
OG0008576	FBtr0084730	CG13640-RA	CG13640
OG0008577	FBtr0084707	CG7016-RA	CG7016
OG0008578	FBtr0084729	CG13641-RA	Srg1
OG0008579	FBtr0084708	CG7021-RA	Elal
OG0008580	FBtr0084728	CG5814-RA	CycB3
OG0008581	FBtr0334574	CG3744-RD	CG3744
OG0008582	FBtr0084711	CG31381-RA	CG31381
OG0008583	FBtr0084710	CG11089-RA	Atic
OG0008584	FBtr0084723	CG31121-RA	CG31121
OG0008585	FBtr0084712	CG11069-RA	CG11069
OG0008586	FBtr0334572	CG13643-RD	CG13643
OG0008587	FBtr0084713	CG10845-RA	CG10845
OG0008588	FBtr0339112	CG44255-RC	PIG-S
OG0008589	FBtr0084715	CG11168-RA	CG11168
OG0008590	FBtr0084716	CG11120-RA	Mink
OG0008591	FBtr0084718	CG17462-RA	Trf4-2
OG0008592	FBtr0084748	CG11771-RA	CG11771
OG0008593	FBtr0084801	CG6708-RA	Osbp
OG0008594	FBtr0084800	CG6238-RB	ssh
OG0008595	FBtr0084749	CG13645-RA	Nmnat
OG0008596	FBtr0084751	CG13646-RA	mah
OG0008597	FBtr0305667	CG13648-RC	tnc
OG0008598	FBtr0084755	CG11780-RA	beta4GalT7
OG0008599	FBtr0084797	CG11781-RA	EMC6
OG0008600	FBtr0084756	CG11783-RA	Hr96
OG0008601	FBtr0084796	CG6369-RA	Smg6
OG0008602	FBtr0084794	CG6422-RA	Ythdf
OG0008603	FBtr0290053	CG31115-RB	CG31115
OG0008604	FBtr0084758	CG11785-RA	bai
OG0008605	FBtr0299661	CG42283-RC	5PtaseI
OG0008606	FBtr0084760	CG11790-RA	CG11790
OG0008607	FBtr0084790	CG31111-RA	CG31111
OG0008608	FBtr0303025	CG34349-RC	stac
OG0008609	FBtr0301664	CG7662-RC	veli
OG0008610	FBtr0084765	CG11820-RA	PQBP1
OG0008611	FBtr0473579	CG11836-RJ	CG11836
OG0008612	FBtr0113285	CG9996-RB	shams
OG0008613	FBtr0084769	CG11920-RA	CG11920
OG0008614	FBtr0084770	CG11921-RA	fd96Ca
OG0008615	FBtr0084771	CG11922-RA	fd96Cb
OG0008616	FBtr0474230	CG33096-RH	CG33096
OG0008617	FBtr0100082	CG34027-RA	CG34027
OG0008618	FBtr0113286	CG13650-RB	Nepl16
OG0008619	FBtr0084802	CG31108-RA	TTLL5
OG0008620	FBtr0084782	CG10238-RA	Mocs2B
OG0008621	FBtr0301277	CG11847-RB	Clbn
OG0008622	FBtr0084780	CG13651-RA	danr
OG0008623	FBtr0110797	CG34110-RC	lobo
OG0008624	FBtr0330288	CG11849-RB	dan
OG0008625	FBtr0084804	CG13653-RA	CG13653
OG0008626	FBtr0084874	CG10244-RA	Cad96Ca
OG0008627	FBtr0084805	CG13654-RA	CG13654
OG0008628	FBtr0084873	CG13663-RA	Saysd1
OG0008629	FBtr0301022	CG31106-RB	CG31106
OG0008630	FBtr0084808	CG11851-RA	Alg9
OG0008631	FBtr0339260	CG13664-RD	Cad96Cb
OG0008632	FBtr0084870	CG10420-RA	Sil1
OG0008633	FBtr0084809	CG11852-RA	Jhbp7
OG0008634	FBtr0084810	CG11853-RA	to
OG0008635	FBtr0339259	CG11854-RB	CG11854
OG0008636	FBtr0084869	CG10422-RA	bam
OG0008637	FBtr0084868	CG10423-RA	RpS27
OG0008638	FBtr0084812	CG11875-RA	Nup37
OG0008639	FBtr0304692	CG11856-RB	Nup358
OG0008640	FBtr0347395	CG11857-RC	Rer1
OG0008641	FBtr0084867	CG10425-RA	Kdsr
OG0008642	FBtr0084815	CG11858-RA	CG11858
OG0008643	FBtr0084866	CG10506-RA	GlnRS
OG0008644	FBtr0084816	CG11859-RA	RIOK2
OG0008645	FBtr0114505	CG10513-RB	CG10513
OG0008646	FBtr0084864	CG10514-RA	CG10514
OG0008647	FBtr0089644	CG11892-RB	CG11892
OG0008648	FBtr0084863	CG31098-RA	CG31098
OG0008649	FBtr0335234	CG31102-RB	CG31102
OG0008650	FBtr0084860	CG31288-RA	CG31288
OG0008651	FBtr0084857	CG10550-RB	CG10550
OG0008652	FBtr0084856	CG31099-RA	CG31099
OG0008653	FBtr0084855	CG31087-RA	CG31087
OG0008654	FBtr0084849	CG10675-RA	CHKov2
OG0008655	FBtr0084848	CG10669-RA	CG10669
OG0008656	FBtr0300735	CG11902-RB	CG11902
OG0008657	FBtr0084832	CG11908-RA	rha
OG0008658	FBtr0084847	CG11909-RA	tobi
OG0008659	FBtr0336806	CG10772-RJ	Fur1
OG0008660	FBtr0084846	CG11910-RA	alrm
OG0008661	FBtr0084834	CG31437-RA	CG31437
OG0008662	FBtr0084845	CG31439-RA	Muc96D
OG0008663	FBtr0084835	CG5127-RA	Vps33B
OG0008664	FBtr0084839	CG4553-RA	CG4553
OG0008665	FBtr0084836	CG5121-RA	MED28
OG0008666	FBtr0084837	CG4548-RA	XNP
OG0008667	FBtr0300440	CG42488-RB	CG42488
OG0008668	FBtr0084877	CG5116-RA	CG5116
OG0008669	FBtr0330375	CG4625-RC	Gnpat
OG0008670	FBtr0084878	CG5112-RA	CG5112
OG0008671	FBtr0084879	CG5107-RA	CG5107
OG0008672	FBtr0084881	CG5099-RB	msi
OG0008673	FBtr0084896	CG4582-RA	CG4582
OG0008674	FBtr0344092	CG12250-RD	ymp
OG0008675	FBtr0084893	CG4673-RA	Npl4
OG0008676	FBtr0084883	CG5079-RA	CG5079
OG0008677	FBtr0084884	CG5071-RB	CG5071
OG0008678	FBtr0084891	CG4685-RA	Ssadh
OG0008679	FBtr0084886	CG17383-RA	jigr1
OG0008680	FBtr0330383	CG4719-RB	Tnks
OG0008681	FBtr0084898	CG5053-RA	RASSF8
OG0008682	FBtr0084899	CG31096-RA	Lgr3
OG0008683	FBtr0084934	CG4730-RA	CG4730
OG0008684	FBtr0084900	CG5039-RA	CG5039
OG0008685	FBtr0084933	CG4743-RA	CG4743
OG0008686	FBtr0084901	CG5028-RA	Idh3g
OG0008687	FBtr0084932	CG4759-RA	RpL27
OG0008688	FBtr0084929	CG4774-RB	Cls
OG0008689	FBtr0084918	CG31380-RA	CG31380
OG0008690	FBtr0084917	CG31093-RA	CG31093
OG0008691	FBtr0084902	CG5024-RA	CG5024
OG0008692	FBtr0084903	CG17770-RA	CG17770
OG0008693	FBtr0084904	CG17769-RA	Acam
OG0008694	FBtr0300129	CG5878-RB	alpha4GT2
OG0008695	FBtr0084913	CG14545-RA	bbn
OG0008696	FBtr0084907	CG5886-RA	CG5886
OG0008697	FBtr0474233	CG5890-RE	CG5890
OG0008698	FBtr0330163	CG6120-RB	Tsp96F
OG0008699	FBtr0300819	CG17370-RD	SppL
OG0008700	FBtr0339160	CG17367-RD	Lnk
OG0008701	FBtr0084938	CG5913-RA	CG5913
OG0008702	FBtr0084940	CG5959-RA	Mco3
OG0008703	FBtr0304043	CG33344-RC	CCAP-R
OG0008704	FBtr0084949	CG8285-RA	boss
OG0008705	FBtr0334898	CG42261-RB	fid
OG0008706	FBtr0084952	CG8318-RB	Nf1
OG0008707	FBtr0084954	CG8328-RA	E(spl)mdelta-HLH
OG0008708	FBtr0084955	CG8333-RA	E(spl)mgamma-HLH
OG0008709	FBtr0084982	CG14548-RA	E(spl)mbeta-HLH
OG0008710	FBtr0084956	CG8337-RA	E(spl)malpha-BFM
OG0008711	FBtr0084957	CG8342-RA	Kaz-m1
OG0008712	FBtr0084981	CG6104-RA	E(spl)m2-BFM
OG0008713	FBtr0084958	CG8346-RA	E(spl)m3-HLH
OG0008714	FBtr0084980	CG6099-RA	E(spl)m4-BFM
OG0008715	FBtr0084979	CG6096-RA	E(spl)m5-HLH
OG0008716	FBtr0084959	CG8354-RA	E(spl)m6-BFM
OG0008717	FBtr0084960	CG8361-RA	E(spl)m7-HLH
OG0008718	FBtr0084961	CG8365-RA	E(spl)m8-HLH
OG0008719	FBtr0084966	CG8384-RE	gro
OG0008720	FBtr0084978	CG6095-RB	Exo84
OG0008721	FBtr0084967	CG14542-RA	Vps2
OG0008722	FBtr0084976	CG6092-RA	Cmpk
OG0008723	FBtr0084975	CG14549-RA	Sld5
OG0008724	FBtr0084968	CG14543-RA	CG14543
OG0008725	FBtr0084974	CG14550-RA	PIG-P
OG0008726	FBtr0084969	CG14544-RA	Trmt61
OG0008727	FBtr0084971	CG14551-RA	Cfap97D
OG0008728	FBtr0300618	CG32474-RD	dysf
OG0008729	FBtr0084988	CG31323-RA	CG31323
OG0008730	FBtr0084989	CG31086-RA	CG31086
OG0008731	FBtr0085003	CG6073-RA	CG6073
OG0008732	FBtr0084990	CG12290-RA	CG12290
OG0008733	FBtr0300398	CG6154-RC	CG6154
OG0008734	FBtr0113295	CG14239-RB	ppk15
OG0008735	FBtr0085025	CG6503-RA	CG6503
OG0008736	FBtr0085009	CG5441-RA	tx
OG0008737	FBtr0085010	CG33102-RA	Hexl
OG0008738	FBtr0085011	CG32849-RA	Hex-T
OG0008739	FBtr0330152	CG5447-RB	CG5447
OG0008740	FBtr0305048	CG43117-RB	CG43117
OG0008741	FBtr0085024	CG6496-RA	Pdf
OG0008742	FBtr0085014	CG14238-RA	CG14238
OG0008743	FBtr0085015	CG5455-RA	CG5455
OG0008744	FBtr0302209	CG6490-RB	plum
OG0008745	FBtr0308628	CG43398-RL	scrib
OG0008746	FBtr0085058	CG14240-RA	TwdlP
OG0008747	FBtr0085054	CG6452-RA	TwdlO
OG0008748	FBtr0085033	CG31081-RA	TwdlR
OG0008749	FBtr0085034	CG14242-RA	TwdlS
OG0008750	FBtr0085035	CG14243-RA	TwdlD
OG0008751	FBtr0085036	CG5480-RA	Tb
OG0008752	FBtr0085048	CG6438-RA	amon
OG0008753	FBtr0085047	CG6425-RA	CG6425
OG0008754	FBtr0085039	CG5484-RC	Yif1
OG0008755	FBtr0085046	CG6420-RA	Wdr20
OG0008756	FBtr0303466	CG14244-RB	CG14244
OG0008757	FBtr0085044	CG6403-RA	CG6403
OG0008758	FBtr0085043	CG14247-RA	CG14247
OG0008759	FBtr0310471		
OG0008760	FBtr0330154	CG5490-RC	Tl
OG0008761	FBtr0334310	CG31072-RE	Lerp
OG0008762	FBtr0085061	CG5491-RA	IntS12
OG0008763	FBtr0085062	CG5499-RA	His2Av
OG0008764	FBtr0085094	CG6378-RA	SPARC
OG0008765	FBtr0085063	CG14251-RA	ms(3)K81
OG0008766	FBtr0085064	CG5500-RA	CG5500
OG0008767	FBtr0085065	CG5507-RA	T48
OG0008768	FBtr0330167	CG6338-RB	Ets97D
OG0008769	FBtr0472698	CG46339-RD	CG46339
OG0008770	FBtr0085085	CG6330-RA	CG6330
OG0008771	FBtr0085082	CG6323-RA	Tsp97E
OG0008772	FBtr0301134	CG5521-RB	CG5521
OG0008773	FBtr0085070	CG14253-RB	CG14253
OG0008774	FBtr0307505	CG31076-RB	CG31076
OG0008775	FBtr0085075	CG14254-RA	TwdlC
OG0008776	FBtr0345267	CG5811-RB	RYa-R
OG0008777	FBtr0085101	CG5812-RA	TwdlT
OG0008778	FBtr0331704	CG6265-RD	Nep5
OG0008779	FBtr0085137	CG6134-RA	spz
OG0008780	FBtr0299564	CG14257-RB	CG14257
OG0008781	FBtr0085136	CG6131-RA	Cpr97Ea
OG0008782	FBtr0085135	CG15884-RA	Cpr97Eb
OG0008783	FBtr0085104	CG14259-RA	CG14259
OG0008784	FBtr0473591	CG17189-RB	Jhbp11
OG0008785	FBtr0085133	CG6074-RA	CAH9
OG0008786	FBtr0085132	CG6070-RA	gb
OG0008787	FBtr0085106	CG5815-RA	CG5815
OG0008788	FBtr0085131	CG6066-RA	Nkap
OG0008789	FBtr0085108	CG5880-RA	CG5880
OG0008790	FBtr0085109	CG5882-RA	CG5882
OG0008791	FBtr0113297	CG6051-RB	CG6051
OG0008792	FBtr0085114	CG5909-RA	CG5909
OG0008793	FBtr0112489	CG34293-RA	CG34293
OG0008794	FBtr0085116	CG31069-RA	spn-D
OG0008795	FBtr0085128	CG6127-RA	Ser
OG0008796	FBtr0303825	CG42813-RA	CG42813
OG0008797	FBtr0303824	CG42814-RA	CG42814
OG0008798	FBtr0339249	CG31064-RG	CG31064
OG0008799	FBtr0303570	CG31068-RC	CG31068
OG0008800	FBtr0114543	CG5923-RC	PolA2
OG0008801	FBtr0085122	CG18766-RB	CG18766
OG0008802	FBtr0085181	CG5984-RA	CG5984
OG0008803	FBtr0085180	CG5987-RA	TTLL6B
OG0008804	FBtr0085179	CG5974-RA	pll
OG0008805	FBtr0085155	CG5930-RA	TfIIA-L
OG0008806	FBtr0112857	CG5965-RB	woc
OG0008807	FBtr0085177	CG14262-RA	CG14262
OG0008808	FBtr0085157	CG14260-RA	CG14260
OG0008809	FBtr0085175	CG5954-RB	l(3)mbt
OG0008810	FBtr0085159	CG5938-RB	CG5938
OG0008811	FBtr0085174	CG3361-RA	mrt
OG0008812	FBtr0085163	CG3368-RA	CG3368
OG0008813	FBtr0085173	CG3350-RA	bigmax
OG0008814	FBtr0085172	CG3348-RA	CG3348
OG0008815	FBtr0085170	CG3330-RA	CG3330
OG0008816	FBtr0300898	CG42534-RC	CG42534
OG0008817	FBtr0309179	CG31062-RC	side
OG0008818	FBtr0085184	CG13976-RA	Gr98a
OG0008819	FBtr0085213	CG5402-RA	CG5402
OG0008820	FBtr0085185		
OG0008821	FBtr0085211	CG5658-RA	Klp98A
OG0008822	FBtr0085210	CG5646-RA	CG5646
OG0008823	FBtr0085189	CG5692-RA	pins
OG0008824	FBtr0085202	CG5639-RA	CG5639
OG0008825	FBtr0301390	CG5634-RB	dsd
OG0008826	FBtr0335245	CG5586-RF	Tusp
OG0008827	FBtr0085200	CG5612-RA	CG5612
OG0008828	FBtr0085199	CG5611-RA	CG5611
OG0008829	FBtr0085191	CG5588-RC	Mtl
OG0008830	FBtr0344746	CG45110-RG	tau
OG0008831	FBtr0085195	CG5596-RA	Mlc1
OG0008832	FBtr0330111	CG18437-RF	unc80
OG0008833	FBtr0085215	CG5590-RA	Hsdl2
OG0008834	FBtr0085216	CG12883-RA	CG12883
OG0008835	FBtr0085245	CG5595-RA	Sce
OG0008836	FBtr0085217	CG12880-RA	CG12880
OG0008837	FBtr0085243	CG31055-RC	CG31055
OG0008838	FBtr0306924	CG43320-RA	HSPBAP1
OG0008839	FBtr0085241	CG12876-RA	ALiX
OG0008840	FBtr0330085	CG12878-RD	btz
OG0008841	FBtr0085236	CG12428-RB	CROT
OG0008842	FBtr0085224	CG5583-RA	Ets98B
OG0008843	FBtr0339321	CG34353-RC	CG34353
OG0008844	FBtr0300050	CG12426-RB	CG12426
OG0008845	FBtr0085246	CG5017-RA	mil
OG0008846	FBtr0085272	CG5003-RA	CG5003
OG0008847	FBtr0085247	CG12261-RA	mRpS22
OG0008848	FBtr0085271	CG33213-RA	Boh1
OG0008849	FBtr0085270	CG12259-RA	CG12259
OG0008850	FBtr0085269	CG4980-RA	BCAS2
OG0008851	FBtr0085248	CG5502-RA	RpL4
OG0008852	FBtr0085249	CG5508-RA	mino
OG0008853	FBtr0085268	CG31053-RA	nenya
OG0008854	FBtr0085267	CG4976-RA	NSD
OG0008855	FBtr0335013	CG5514-RE	BOD1
OG0008856	FBtr0085266	CG4963-RA	mfrn
OG0008857	FBtr0085254	CG5520-RA	Gp93
OG0008858	FBtr0113298	CG4951-RB	CG4951
OG0008859	FBtr0300439	CG42487-RA	CG42487
OG0008860	FBtr0085257	CG4849-RA	CG4849
OG0008861	FBtr0085260	CG4815-RA	CG4815
OG0008862	FBtr0085279	CG17856-RA	UQCR-14L
OG0008863	FBtr0301672	CG12516-RB	CG12516
OG0008864	FBtr0301180	CG42551-RD	larp
OG0008865	FBtr0347602	CG1867-RB	Or98b
OG0008866	FBtr0085289	CG14064-RA	beat-VI
OG0008867	FBtr0301302	CG1842-RB	Dhc98D
OG0008868	FBtr0337035	CG31051-RB	CG31051
OG0008869	FBtr0301837	CG33103-RE	Ppn
OG0008870	FBtr0085293	CG12413-RA	mIF2
OG0008871	FBtr0330333	CG10002-RC	fkh
OG0008872	FBtr0085320	CG10009-RA	Noa36
OG0008873	FBtr0085304	CG9986-RA	CG9986
OG0008874	FBtr0085319	CG10011-RA	CG10011
OG0008875	FBtr0085310	CG9995-RA	htt
OG0008876	FBtr0085316	CG10001-RA	AstA-R2
OG0008877	FBtr0085315	CG10000-RA	CG10000
OG0008878	FBtr0085314	CG9997-RA	CG9997
OG0008879	FBtr0085313	CG14061-RA	aqrs
OG0008880	FBtr0085311	CG12558-RA	intr
OG0008881	FBtr0085356	CG1454-RA	wdn
OG0008882	FBtr0085322	CG1646-RB	Prp39
OG0008883	FBtr0085355	CG1523-RA	CG1523
OG0008884	FBtr0085326	CG1647-RA	CG1647
OG0008885	FBtr0085351	CG1451-RA	Apc
OG0008886	FBtr0330304	CG31048-RE	spg
OG0008887	FBtr0085350	CG1448-RA	Inx3
OG0008888	FBtr0330302	CG33203-RF	CG33203
OG0008889	FBtr0085328	CG14529-RA	Nepl17
OG0008890	FBtr0085329	CG14528-RA	Nepl18
OG0008891	FBtr0085349	CG14523-RA	Nepl19
OG0008892	FBtr0308601	CG11828-RD	CG11828
OG0008893	FBtr0085347	CG14521-RA	DIP-gamma
OG0008894	FBtr0085345	CG1443-RA	wat
OG0008895	FBtr0085344	CG1442-RA	eIF4E6
OG0008896	FBtr0085342	CG1951-RA	CG1951
OG0008897	FBtr0085419	CG14517-RA	beta4GalNAcTB
OG0008898	FBtr0085357	CG1957-RA	Cpsf100
OG0008899	FBtr0085418	CG1420-RA	Slu7
OG0008900	FBtr0085359	CG1954-RA	Pkc98E
OG0008901	FBtr0085360	CG11837-RA	CG11837
OG0008902	FBtr0085361	CG11841-RA	CG11841
OG0008903	FBtr0085364	CG11305-RA	Sirt7
OG0008904	FBtr0085417	CG1401-RA	Cul5
OG0008905	FBtr0085416	CG11874-RA	alpha-Man-Ib
OG0008906	FBtr0085370	CG11877-RA	Atg14
OG0008907	FBtr0330292	CG14513-RB	yem
OG0008908	FBtr0085371	CG11880-RA	Ctl2
OG0008909	FBtr0085414	CG11881-RA	dgt6
OG0008910	FBtr0085413	CG14512-RA	Alg13
OG0008911	FBtr0085382	CG14516-RB	superdeath
OG0008912	FBtr0085412	CG14511-RA	CG14511
OG0008913	FBtr0085411	CG11882-RA	CG11882
OG0008914	FBtr0085410	CG31426-RA	eIF2D
OG0008915	FBtr0085409	CG11886-RA	Slbp
OG0008916	FBtr0330379	CG11888-RB	Rpn2
OG0008917	FBtr0113304	CG14509-RC	jus
OG0008918	FBtr0085389	CG14515-RA	CG14515
OG0008919	FBtr0085390	CG11899-RA	Psat
OG0008920	FBtr0085407	CG11900-RA	Mesh1
OG0008921	FBtr0085392	CG11901-RB	eEF1gamma
OG0008922	FBtr0085405	CG1458-RA	Cisd
OG0008923	FBtr0085394	CG14514-RA	Brd8
OG0008924	FBtr0113305	CG14507-RC	CG14507
OG0008925	FBtr0300832	CG15817-RC	Usp1
OG0008926	FBtr0334874	CG14506-RB	CG14506
OG0008927	FBtr0303148	CG11516-RF	Ptp99A
OG0008928	FBtr0085436	CG2321-RA	CG2321
OG0008929	FBtr0085425	CG2006-RA	CG2006
OG0008930	FBtr0085435	CG11500-RA	Spase12
OG0008931	FBtr0085433	CG2310-RA	CG2310
OG0008932	FBtr0085428	CG2010-RA	FipoQ
OG0008933	FBtr0085432	CG2304-RD	Trc8
OG0008934	FBtr0085441	CG1897-RA	Dr
OG0008935	FBtr0085472	CG7567-RA	CG7567
OG0008936	FBtr0085471	CG11470-RA	CG11470
OG0008937	FBtr0085470	CG31041-RA	CG31041
OG0008938	FBtr0085444	CG1906-RE	alph
OG0008939	FBtr0330295	CG7568-RE	CG7568
OG0008940	FBtr0085447	CG1907-RA	CG1907
OG0008941	FBtr0330293	CG18741-RC	Dop1R2
OG0008942	FBtr0085448	CG12048-RA	ppk21
OG0008943	FBtr0085466	CG7577-RA	ppk20
OG0008944	FBtr0085449	CG18110-RA	ppk30
OG0008945	FBtr0085451	CG18287-RA	ppk19
OG0008946	FBtr0085465	CG7581-RA	Bub3
OG0008947	FBtr0085452	CG1911-RA	Cap-D2
OG0008948	FBtr0085464	CG7582-RA	CG7582
OG0008949	FBtr0085453	CG1912-RA	Gycalpha99B
OG0008950	FBtr0085463	CG7584-RA	Obp99c
OG0008951	FBtr0085454	CG15504-RA	dmrt99B
OG0008952	FBtr0085455	CG15505-RA	Obp99d
OG0008953	FBtr0085462	CG7592-RA	Obp99b
OG0008954	FBtr0085456	CG15506-RA	CG15506
OG0008955	FBtr0085458	CG1963-RA	Pcd
OG0008956	FBtr0085461	CG7593-RA	Naa40
OG0008957	FBtr0085459	CG18731-RA	CG18731
OG0008958	FBtr0085460	CG1964-RA	Kul
OG0008959	FBtr0085544	CG7601-RA	CG7601
OG0008960	FBtr0085473	CG7598-RA	NdufAF1
OG0008961	FBtr0330296	CG1969-RF	Gnpnat
OG0008962	FBtr0330297	CG7609-RC	Wdr24
OG0008963	FBtr0085476	CG1972-RA	IntS11
OG0008964	FBtr0085539	CG7610-RA	ATPsyngamma
OG0008965	FBtr0085477	CG1973-RA	yata
OG0008966	FBtr0085538	CG7615-RA	fig
OG0008967	FBtr0290076	CG33956-RF	kay
OG0008968	FBtr0085481	CG12068-RA	sro
OG0008969	FBtr0085537	CG7837-RA	Rnb
OG0008970	FBtr0085482	CG7788-RA	Drice
OG0008971	FBtr0085535	CG7834-RA	Etfb
OG0008972	FBtr0085483	CG7789-RA	Bpnt1
OG0008973	FBtr0085534	CG7831-RA	ncd
OG0008974	FBtr0085484	CG31037-RA	ca
OG0008975	FBtr0085533	CG18112-RA	Vps16B
OG0008976	FBtr0085531	CG7829-RA	CG7829
OG0008977	FBtr0339144	CG31033-RF	Atg16
OG0008978	FBtr0301745	CG15510-RB	Prtl99C
OG0008979	FBtr0085488	CG31009-RA	Cad99C
OG0008980	FBtr0339942	CG18041-RC	dgt1
OG0008981	FBtr0085523	CG15514-RA	CG15514
OG0008982	FBtr0085489	CG7808-RC	RpS8
OG0008983	FBtr0089920	CG7816-RC	Zip99C
OG0008984	FBtr0301073	CG34133-RC	CG34133
OG0008985	FBtr0085494	CG31038-RA	CG31038
OG0008986	FBtr0085515	CG15517-RA	CG15517
OG0008987	FBtr0332429	CG15515-RB	vul
OG0008988	FBtr0085501	CG31036-RA	CG31036
OG0008989	FBtr0085514	CG15520-RA	Capa
OG0008990	FBtr0085503	CG15522-RA	CG15522
OG0008991	FBtr0085510	CG31202-RA	alpha-Man-Ic
OG0008992	FBtr0085509	CG31040-RA	Cog7
OG0008993	FBtr0301256	CG42557-RA	CG42557
OG0008994	FBtr0301257	CG42558-RA	CG42558
OG0008995	FBtr0085508	CG7883-RA	eIF2Balpha
OG0008996	FBtr0085505	CG15523-RA	Vps13B
OG0008997	FBtr0330298	CG7887-RC	TkR99D
OG0008998	FBtr0085545	CG7896-RA	CG7896
OG0008999	FBtr0085610	CG7899-RB	Acph-1
OG0009000	FBtr0085608	CG7903-RA	CG7903
OG0009001	FBtr0085546	CG15524-RA	Sas-6
OG0009002	FBtr0085607	CG15525-RA	CG15525
OG0009003	FBtr0085547	CG11504-RB	Vostok
OG0009004	FBtr0085551	CG7908-RA	Tace
OG0009005	FBtr0085606	CG7911-RA	Nph
OG0009006	FBtr0085552	CG7917-RA	Nlp
OG0009007	FBtr0085603	CG7920-RA	CG7920
OG0009008	FBtr0085602	CG7921-RA	Mgat2
OG0009009	FBtr0085553	CG7926-RA	Axn
OG0009010	FBtr0085600	CG7928-RA	ZIPIC
OG0009011	FBtr0085599	CG7929-RA	ocn
OG0009012	FBtr0085598	CG7931-RA	janB
OG0009013	FBtr0085596	CG7933-RB	janA
OG0009014	FBtr0085556	CG7938-RA	Sry-beta
OG0009015	FBtr0085557	CG17957-RA	Sry-alpha
OG0009016	FBtr0085558	CG17958-RA	Sry-delta
OG0009017	FBtr0085593	CG7939-RC	RpL32
OG0009018	FBtr0085559	CG7943-RB	CG7943
OG0009019	FBtr0303240	CG15528-RB	CG15528
OG0009020	FBtr0085561	CG7946-RA	Jasper
OG0009021	FBtr0085589	CG7948-RA	spn-A
OG0009022	FBtr0085562	CG15526-RA	Rpp14b
OG0009023	FBtr0085563	CG7950-RA	Mia40
OG0009024	FBtr0344376	CG45051-RD	sima
OG0009025	FBtr0344436	CG45072-RB	CG45072
OG0009026	FBtr0344435	CG45073-RA	CG45073
OG0009027	FBtr0085587	CG31025-RA	Ppi1
OG0009028	FBtr0085585	CG31029-RA	CG31029
OG0009029	FBtr0085582	CG2171-RA	Tpi
OG0009030	FBtr0085581	CG9753-RA	AdoR
OG0009031	FBtr0085567	CG15529-RA	CG15529
OG0009032	FBtr0452163	CG11498-RD	CG11498
OG0009033	FBtr0110834	CG31030-RB	VhaAC45RP
OG0009034	FBtr0290050	CG31028-RC	Rsod
OG0009035	FBtr0089747	CG2184-RA	Mlc2
OG0009036	FBtr0085574	CG1983-RA	CG1983
OG0009037	FBtr0085568	CG15530-RA	CG15530
OG0009038	FBtr0085570	CG1359-RA	Bet5
OG0009039	FBtr0085573	CG9747-RA	CG9747
OG0009040	FBtr0085572	CG15531-RA	CG15531
OG0009041	FBtr0085571	CG9743-RA	CG9743
OG0009042	FBtr0089422	CG1883-RA	RpS7
OG0009043	FBtr0085639	CG9737-RA	CG9737
OG0009044	FBtr0085638	CG9733-RA	CG9733
OG0009045	FBtr0085618	CG18404-RA	CG18404
OG0009046	FBtr0085621	CG15532-RC	heca
OG0009047	FBtr0332170	CG2216-RI	Fer1HCH
OG0009048	FBtr0332169	CG1469-RE	Fer2LCH
OG0009049	FBtr0085630	CG2217-RA	CG2217
OG0009050	FBtr0085629	CG15535-RA	CG15535
OG0009051	FBtr0085625	CG9688-RA	mRpS18C
OG0009052	FBtr0085628	CG15536-RA	CG15536
OG0009053	FBtr0085627	CG2218-RA	CG2218
OG0009054	FBtr0113310	CG15537-RB	CG15537
OG0009055	FBtr0330291	CG15538-RB	Osi23
OG0009056	FBtr0306586	CG2139-RE	Aralar
OG0009057	FBtr0085691	CG2224-RA	CG2224
OG0009058	FBtr0085645	CG1471-RB	CDase
OG0009059	FBtr0085650	CG31022-RA	PH4alphaEFB
OG0009060	FBtr0085651	CG31020-RA	spdo
OG0009061	FBtr0085653	CG1546-RA	PH4alphaSG2
OG0009062	FBtr0085689	CG9726-RA	PH4alphaMP
OG0009063	FBtr0085688	CG9728-RA	PH4alphaNE1
OG0009064	FBtr0302522	CG31371-RB	CG31371
OG0009065	FBtr0085686	CG31014-RA	PH4alphaSG1
OG0009066	FBtr0110859	CG15539-RB	CG15539
OG0009067	FBtr0085657	CG9698-RA	CG9698
OG0009068	FBtr0085681	CG2239-RA	jdp
OG0009069	FBtr0306686	CG1539-RN	tmod
OG0009070	FBtr0085673	CG2246-RA	CG2246
OG0009071	FBtr0085665	CG31019-RA	CG31019
OG0009072	FBtr0300983	CG31021-RB	CG31021
OG0009073	FBtr0085667	CG31017-RA	PH4alphaNE3
OG0009074	FBtr0300962	CG31016-RB	CG31016
OG0009075	FBtr0085672	CG2267-RA	CG2267
OG0009076	FBtr0085670	CG31015-RA	PH4alphaPV
OG0009077	FBtr0112733	CG34432-RA	CG34432
OG0009078	FBtr0112734	CG34433-RA	CG34433
OG0009079	FBtr0085698	CG1342-RA	Spn100A
OG0009080	FBtr0085728	CG12069-RA	CG12069
OG0009081	FBtr0085727	CG12066-RB	Pka-C2
OG0009082	FBtr0085725	CG31010-RA	CG31010
OG0009083	FBtr0085699	CG1340-RA	eIF4H2
OG0009084	FBtr0335452	CG11313-RD	CG11313
OG0009085	FBtr0085700	CG15543-RA	CG15543
OG0009086	FBtr0331180	CG1322-RE	zfh1
OG0009087	FBtr0085720	CG12072-RA	wts
OG0009088	FBtr0445215	CG1349-RB	dj-1beta
OG0009089	FBtr0310424	CG31012-RJ	cindr
OG0009090	FBtr0085709	CG1378-RA	tll
OG0009091	FBtr0085710	CG12045-RA	Cpr100A
OG0009092	FBtr0085719	CG15545-RA	CG15545
OG0009093	FBtr0085718	CG15546-RA	CG15546
OG0009094	FBtr0344715	CG12071-RD	CG12071
OG0009095	FBtr0085715	CG15547-RA	CG15547
OG0009096	FBtr0085713	CG12070-RA	Sap-r
OG0009097	FBtr0085712	CG1438-RA	Cyp4c3
OG0009098	FBtr0330094	CG1447-RE	Ptx1
OG0009099	FBtr0085752	CG15549-RA	CG15549
OG0009100	FBtr0085751	CG15550-RA	CG15550
OG0009101	FBtr0085731	CG15548-RA	CG15548
OG0009102	FBtr0085749	CG15551-RA	Ctr1C
OG0009103	FBtr0085746	CG12073-RA	5-HT7
OG0009104	FBtr0085748	CG31008-RA	CG31008
OG0009105	FBtr0085747	CG31007-RA	CG31007
OG0009106	FBtr0085733	CG1462-RA	Alp4
OG0009107	FBtr0085745	CG1715-RA	Chchd3
OG0009108	FBtr0085742	CG2048-RA	dco
OG0009109	FBtr0085735	CG15552-RA	Sox100B
OG0009110	FBtr0334547	CG11317-RB	CG11317
OG0009111	FBtr0085739	CG11318-RA	Mayo
OG0009112	FBtr0085738	CG1736-RA	Prosalpha3T
OG0009113	FBtr0085736	CG15554-RA	CG15554
OG0009114	FBtr0085737	CG15556-RA	Ktch
OG0009115	FBtr0085753	CG1470-RA	Gycbeta100B
OG0009116	FBtr0085782	CG31006-RA	stops
OG0009117	FBtr0300961	CG31004-RD	mesh
OG0009118	FBtr0085754	CG1480-RA	bnk
OG0009119	FBtr0085755	CG1544-RA	Oadh
OG0009120	FBtr0330101	CG1744-RD	chp
OG0009121	FBtr0085777	CG18729-RA	Zwilch
OG0009122	FBtr0085757	CG1542-RA	CG1542
OG0009123	FBtr0085776	CG15561-RA	CG15561
OG0009124	FBtr0085772	CG1746-RA	ATPsynC
OG0009125	FBtr0085758	CG12054-RA	CG12054
OG0009126	FBtr0085770	CG15564-RA	CG15564
OG0009127	FBtr0085769	CG31005-RA	qless
OG0009128	FBtr0085759	CG12220-RA	mRpL32
OG0009129	FBtr0085767	CG1750-RA	CG1750
OG0009130	FBtr0330079	CG12114-RB	spn-F
OG0009131	FBtr0305336	CG18673-RC	CAH5
OG0009132	FBtr0085764	CG15555-RA	ppk24
OG0009133	FBtr0085766	CG11340-RA	pHCl-2
OG0009134	FBtr0290046		
OG0009135	FBtr0334549	CG1607-RC	CG1607
OG0009136	FBtr0085814	CG31204-RA	CG31204
OG0009137	FBtr0334552	CG1609-RC	Gcn2
OG0009138	FBtr0085811	CG11337-RB	PNPase
OG0009139	FBtr0085788	CG17998-RA	Gprk2
OG0009140	FBtr0085810	CG11335-RA	Loxl1
OG0009141	FBtr0085808	CG11334-RA	Mri1
OG0009142	FBtr0085789	CG11333-RA	CG11333
OG0009143	FBtr0330096	CG1528-RD	gammaCOP
OG0009144	FBtr0085806	CG11518-RA	pygo
OG0009145	FBtr0085795	CG1569-RA	rod
OG0009146	FBtr0085798	CG1774-RA	CG1774
OG0009147	FBtr0085805	CG11522-RB	RpL6
OG0009148	FBtr0085799	CG11525-RD	CycG
OG0009149	FBtr0085815	CG1775-RA	Med
OG0009150	FBtr0085868	CG11539-RA	Mnat9
OG0009151	FBtr0085819	CG1792-RA	CG1792
OG0009152	FBtr0085820	CG1800-RA	pasha
OG0009153	FBtr0330107	CG1804-RB	kek6
OG0009154	FBtr0085824	CG1815-RC	Zmynd8
OG0009155	FBtr0085867	CG11550-RA	CG11550
OG0009156	FBtr0085825	CG1856-RE	ttk
OG0009157	FBtr0085865	CG2261-RA	CstF50
OG0009158	FBtr0085831	CG11563-RA	CG11563
OG0009159	FBtr0085836	CG1890-RA	Tbca
OG0009160	FBtr0085837	CG1896-RA	CG1896
OG0009161	FBtr0339146	CG2210-RC	awd
OG0009162	FBtr0085863	CG2245-RA	nero
OG0009163	FBtr0085839	CG1910-RA	CG1910
OG0009164	FBtr0085859	CG2150-RA	CG2150
OG0009165	FBtr0085842	CG1937-RA	sip3
OG0009166	FBtr0330114	CG2126-RB	CG2126
OG0009167	FBtr0085843	CG1945-RA	faf
OG0009168	FBtr0085856	CG2118-RA	Mccc1
OG0009169	FBtr0085845	CG1966-RA	Acf
OG0009170	FBtr0290135	CG42233-RB	CG42233
OG0009171	FBtr0085847	CG1971-RA	CG1971
OG0009172	FBtr0085852	CG11576-RA	Rift
OG0009173	FBtr0085849	CG2098-RA	FeCH
OG0009174	FBtr0302181	CG1976-RD	RhoGAP100F
OG0009175	FBtr0085873	CG2053-RA	Pos
OG0009176	FBtr0085877	CG1487-RA	krz
OG0009177	FBtr0085874	CG2050-RA	mod
OG0009178	FBtr0085876	CG1483-RB	Map205
OG0009179	FBtr0112657	CG34403-RJ	pan
OG0009180	FBtr0308248	CG2219-RB	Arl4
OG0009181	FBtr0089112	CG1587-RC	Crk
OG0009182	FBtr0089122	CG1836-RA	Rad23
OG0009183	FBtr0340652	CG2177-RE	Zip102B
OG0009184	FBtr0300555	CG42314-RJ	PMCA
OG0009185	FBtr0089125	CG1710-RB	Hcf
OG0009186	FBtr0089128	CG2052-RA	dati
OG0009187	FBtr0089111	CG2041-RA	lgs
OG0009188	FBtr0089065	CG1495-RG	CaMKI
OG0009189	FBtr0300342	CG11533-RD	Asator
OG0009190	FBtr0089070	CG1449-RA	zfh2
OG0009191	FBtr0089995	CG1507-RB	Pur-alpha
OG0009192	FBtr0089104	CG1922-RA	onecut
OG0009195	FBtr0089096	CG31992-RB	gw
OG0009196	FBtr0100396	CG1464-RD	ey
OG0009197	FBtr0301340	CG32019-RF	bt
OG0009198	FBtr0089253	CG1793-RB	MED26
OG0009199	FBtr0100600	CG11153-RB	Sox102F
OG0009201	FBtr0112904	CG10811-RB	eIF4G1
OG0009202	FBtr0089222	CG11077-RA	Mpv17
OG0009203	FBtr0089221	CG11076-RA	Polr1G
OG0009204	FBtr0300379	CG18069-RJ	CaMKII
OG0009205	FBtr0333700	CG11059-RC	Cals
OG0009206	FBtr0091472	CG33521-RA	CG33521
OG0009207	FBtr0100543	CG17471-RA	PIP4K
OG0009208	FBtr0307328	CG43369-RC	Mitf
OG0009209	FBtr0300673	CG17707-RB	CG17707
OG0009210	FBtr0100135	CG17131-RA	tyn
OG0009211	FBtr0070108	CG3038-RA	CG3038
OG0009212	FBtr0332992	CG2995-RB	G9a
OG0009213	FBtr0299977	CG42376-RA	CG42376
OG0009214	FBtr0070064	CG2945-RB	cin
OG0009215	FBtr0070106	CG13377-RA	CG13377
OG0009216	FBtr0308209	CG3114-RK	ewg
OG0009217	FBtr0070103	CG13375-RA	CG13375
OG0009218	FBtr0070069	CG12470-RA	CG12470
OG0009219	FBtr0070070	CG17885-RA	Or1a
OG0009220	FBtr0070101	CG32816-RB	CG32816
OG0009221	FBtr0070066	CG3777-RB	CG3777
OG0009222	FBtr0070071	CG3757-RA	y
OG0009223	FBtr0070072	CG3796-RA	ac
OG0009224	FBtr0070073	CG3827-RA	sc
OG0009225	FBtr0070074	CG3839-RA	l(1)sc
OG0009226	FBtr0070075	CG3258-RA	ase
OG0009227	FBtr0070099	CG3972-RA	Cyp4g1
OG0009228	FBtr0339443	CG3923-RC	ebo
OG0009229	FBtr0112947	CG13373-RB	CG13373
OG0009230	FBtr0070094	CG18273-RA	CG18273
OG0009231	FBtr0070079	CG3156-RA	CG3156
OG0009232	FBtr0070092	CG17896-RB	CG17896
OG0009233	FBtr0070080	CG17778-RA	CG17778
OG0009234	FBtr0070087	CG4122-RG	svr
OG0009235	FBtr0070089	CG4293-RA	CG4293
OG0009236	FBtr0307291	CG7727-RB	Appl
OG0009237	FBtr0110791	CG13366-RB	spdi
OG0009238	FBtr0070160	CG13365-RA	CG13365
OG0009239	FBtr0089725	CG17828-RC	Vsp37A
OG0009240	FBtr0070115	CG13369-RA	CG13369
OG0009241	FBtr0070116	CG17829-RA	Hinfp
OG0009242	FBtr0070155	CG7622-RA	RpL36
OG0009243	FBtr0070119	CG6189-RA	Mybbp1A
OG0009244	FBtr0114560	CG7486-RE	Dredd
OG0009245	FBtr0070120	CG6222-RA	su(sable)
OG0009246	FBtr0070121	CG13367-RA	CG13367
OG0009247	FBtr0308651	CG16982-RC	Roc1a
OG0009248	FBtr0070151	CG13363-RA	Hmt4-20
OG0009249	FBtr0070149	CG13361-RA	CG13361
OG0009250	FBtr0070134	CG5254-RA	CG5254
OG0009251	FBtr0070135	CG5273-RA	CG5273
OG0009252	FBtr0070148	CG7434-RA	RpL22
OG0009253	FBtr0112928	CG16785-RB	fz3
OG0009254	FBtr0070139	CG12311-RA	tw
OG0009255	FBtr0070147	CG13360-RA	CG13360
OG0009256	FBtr0070145	CG13359-RA	CG13359
OG0009257	FBtr0290198	CG13358-RD	CG13358
OG0009258	FBtr0310162	CG7359-RB	Sec22
OG0009259	FBtr0070142	CG14635-RA	CG14635
OG0009260	FBtr0070195	CG3713-RA	CG3713
OG0009261	FBtr0110804	CG14634-RB	CG14634
OG0009262	FBtr0070163	CG11664-RA	CG11664
OG0009263	FBtr0070164	CG11663-RA	CG11663
OG0009264	FBtr0331303	CG3711-RD	Lztr1
OG0009265	FBtr0070165	CG3034-RA	MED22
OG0009266	FBtr0331301	CG3708-RB	CG3708
OG0009267	FBtr0070189	CG3706-RA	CG3706
OG0009268	FBtr0070167	CG11642-RB	TRAM
OG0009269	FBtr0070188	CG3704-RA	CG3704
OG0009270	FBtr0070170	CG3026-RA	mus81
OG0009271	FBtr0070187	CG3703-RA	CG3703
OG0009272	FBtr0070185	CG3690-RA	CG3690
OG0009273	FBtr0070184	CG11639-RA	TfIIA-S-2
OG0009274	FBtr0070172	CG14631-RA	CG14631
OG0009275	FBtr0070183	CG11638-RA	CG11638
OG0009276	FBtr0070173	CG3021-RA	CG3021
OG0009277	FBtr0070182	CG3658-RA	Cdc45
OG0009278	FBtr0070174	CG33082-RA	Rpp21
OG0009279	FBtr0070175	CG14630-RA	CG14630
OG0009280	FBtr0070176	CG3019-RA	su(w[a])
OG0009281	FBtr0299571	CG42259-RA	CG42259
OG0009282	FBtr0070179	CG14629-RA	CG14629
OG0009283	FBtr0331339	CG3655-RC	CG3655
OG0009284	FBtr0070197	CG11378-RA	CG11378
OG0009285	FBtr0070251	CG11384-RA	CG11384
OG0009286	FBtr0070198	CG11379-RA	CG11379
OG0009287	FBtr0070199	CG14627-RA	CG14627
OG0009288	FBtr0070200	CG14626-RA	CG14626
OG0009289	FBtr0070201	CG11380-RA	CG11380
OG0009290	FBtr0070202	CG14625-RB	CG14625
OG0009291	FBtr0070203	CG11381-RA	CG11381
OG0009292	FBtr0070204	CG14624-RA	CG14624
OG0009293	FBtr0070205	CG11382-RB	CG11382
OG0009294	FBtr0070250	CG11398-RA	CG11398
OG0009295	FBtr0330205	CG3638-RG	Motor
OG0009296	FBtr0070245	CG11403-RA	CG11403
OG0009297	FBtr0330391	CG11405-RB	Atf3
OG0009298	FBtr0070206	CG32812-RA	CG32812
OG0009299	FBtr0303264	CG14622-RD	DAAM
OG0009300	FBtr0070207	CG11411-RA	fs(1)N
OG0009301	FBtr0070238	CG11409-RB	CG11409
OG0009302	FBtr0070209	CG11412-RA	Naa30A
OG0009303	FBtr0070236	CG11418-RA	MTPAP
OG0009304	FBtr0070211	CG11415-RA	Tsp2A
OG0009305	FBtr0070235	CG12773-RA	CG12773
OG0009306	FBtr0070212	CG11417-RA	CG11417
OG0009307	FBtr0070234	CG11420-RA	png
OG0009308	FBtr0070213	CG14770-RA	CG14770
OG0009309	FBtr0070216	CG3051-RA	AMPKalpha
OG0009310	FBtr0070233	CG3719-RA	CG3719
OG0009311	FBtr0330317	CG32813-RH	CG32813
OG0009312	FBtr0332292	CG11448-RC	Rilpl
OG0009313	FBtr0112628	CG34387-RC	futsch
OG0009314	FBtr0300224	CG18531-RC	Gr2a
OG0009315	FBtr0070231	CG14785-RA	CG14785
OG0009316	FBtr0070230	CG14786-RA	Lrpprc2
OG0009317	FBtr0070298	CG14787-RA	CG14787
OG0009318	FBtr0070297	CG14788-RA	Ns3
OG0009319	FBtr0070296	CG14789-RA	Ofut2
OG0009320	FBtr0070253	CG14777-RB	CG14777
OG0009321	FBtr0070295	CG32808-RA	CG32808
OG0009322	FBtr0070254	CG14778-RA	CG14778
OG0009323	FBtr0070255	CG14779-RA	pck
OG0009324	FBtr0070257	CG14780-RA	CG14780
OG0009325	FBtr0070293	CG14791-RB	Rab27
OG0009326	FBtr0452078	CG14781-RC	mei-38
OG0009327	FBtr0070259	CG14782-RA	rush
OG0009328	FBtr0070289	CG14792-RA	sta
OG0009329	FBtr0070288	CG33513-RC	Nmdar2
OG0009330	FBtr0070285	CG14795-RB	CG14795
OG0009331	FBtr0070260	CG32810-RB	inc
OG0009332	FBtr0070284	CG14796-RA	Mur2B
OG0009333	FBtr0330406	CG11491-RP	br
OG0009334	FBtr0070269	CG3093-RA	dor
OG0009335	FBtr0070283	CG3740-RA	CG3740
OG0009336	FBtr0070270	CG3095-RA	hfw
OG0009337	FBtr0308323	CG32809-RG	CG32809
OG0009338	FBtr0308320	CG14797-RC	CG14797
OG0009339	FBtr0070272	CG3100-RA	b6
OG0009340	FBtr0070279	CG3771-RA	a6
OG0009341	FBtr0070277	CG14808-RA	Scgdelta
OG0009342	FBtr0339272	CG12598-RN	Adar
OG0009343	FBtr0302658	CG42666-RE	prage
OG0009344	FBtr0070372	CG14812-RA	Lamtor5
OG0009345	FBtr0070371	CG14813-RA	deltaCOP
OG0009346	FBtr0070369	CG14814-RB	Gcna
OG0009347	FBtr0070308	CG14802-RA	MED18
OG0009348	FBtr0070367	CG14815-RA	Pex5
OG0009349	FBtr0070310	CG14803-RA	CG14803
OG0009350	FBtr0070366	CG14816-RA	Pgam5
OG0009351	FBtr0070311	CG14804-RA	Vps26
OG0009352	FBtr0070364	CG14818-RA	CG14818
OG0009353	FBtr0070313	CG14806-RA	Coa8
OG0009354	FBtr0070363	CG3848-RD	trr
OG0009355	FBtr0070314	CG3109-RA	mRpL16
OG0009356	FBtr0089988	CG11579-RE	arm
OG0009357	FBtr0332581	CG32803-RC	Ldaf1
OG0009358	FBtr0070355	CG32801-RA	CG32801
OG0009359	FBtr0332580	CG3810-RE	Edem1
OG0009360	FBtr0070315	CG3480-RA	mip130
OG0009361	FBtr0070316	CG17766-RA	Rbcn-3B
OG0009362	FBtr0070350	CG3806-RA	eIF2Bepsilon
OG0009363	FBtr0070317	CG3573-RA	Ocrl
OG0009364	FBtr0070318	CG11596-RC	unmet
OG0009365	FBtr0070349	CG3857-RA	CG3857
OG0009366	FBtr0070321	CG3587-RA	CG3587
OG0009367	FBtr0070347	CG4406-RA	PIG-K
OG0009368	FBtr0307289	CG4399-RE	east
OG0009369	FBtr0070346	CG4380-RA	usp
OG0009370	FBtr0070342	CG4325-RA	CG4325
OG0009371	FBtr0070341	CG4322-RA	moody
OG0009372	FBtr0340108	CG4313-RD	CG4313
OG0009373	FBtr0070340	CG4290-RA	Sik2
OG0009374	FBtr0070339	CG4281-RA	CG4281
OG0009375	FBtr0070338	CG14054-RA	CG14054
OG0009376	FBtr0070328	CG4194-RA	CG4194
OG0009377	FBtr0070330	CG4061-RA	Rtca
OG0009378	FBtr0070331	CG4045-RA	Mettl1
OG0009379	FBtr0070434	CG16903-RA	CG16903
OG0009380	FBtr0070376	CG3981-RB	Unc-76
OG0009381	FBtr0070379	CG3954-RB	csw
OG0009382	FBtr0070381	CG3835-RB	D2hgdh
OG0009383	FBtr0070384	CG3724-RA	Pgd
OG0009384	FBtr0070429	CG3707-RA	wapl
OG0009385	FBtr0070428	CG3656-RA	Cyp4d1
OG0009386	FBtr0070385	CG3630-RA	CG3630
OG0009387	FBtr0070386	CG3621-RA	ND-B14.5A
OG0009388	FBtr0070388	CG10755-RA	Cyp4ae1
OG0009389	FBtr0070389	CG3461-RA	pn
OG0009390	FBtr0070425	CG3460-RA	Nmd3
OG0009391	FBtr0070390	CG17776-RA	CG17776
OG0009392	FBtr0290085	CG17777-RB	CG17777
OG0009393	FBtr0070392	CG3457-RA	CG3457
OG0009394	FBtr0070424	CG14053-RA	CG14053
OG0009395	FBtr0070393	CG3456-RA	Mct1
OG0009396	FBtr0070423	CG18031-RA	FarO
OG0009397	FBtr0070422	CG33548-RA	SmydA-8
OG0009398	FBtr0070420	CG3299-RA	Vinc
OG0009399	FBtr0332380	CG14052-RB	CG14052
OG0009400	FBtr0342766	CG3443-RE	pcx
OG0009401	FBtr0070419	CG3228-RA	kz
OG0009402	FBtr0070396	CG3218-RA	fs(1)K10
OG0009403	FBtr0070397	CG3206-RA	Or2a
OG0009404	FBtr0070418	CG3193-RA	crn
OG0009405	FBtr0070417	CG3191-RA	CG3191
OG0009406	FBtr0070416	CG3091-RA	CG3091
OG0009407	FBtr0474238	CG3078-RD	CG3078
OG0009408	FBtr0070414	CG3073-RA	temp
OG0009410	FBtr0070408	CG2865-RA	CG2865
OG0009411	FBtr0070407	CG14050-RA	CG14050
OG0009412	FBtr0070399	CG2854-RA	CG2854
OG0009413	FBtr0070406	CG14049-RA	Ilp6
OG0009414	FBtr0070401	CG2845-RA	Raf
OG0009415	FBtr0070405	CG14048-RA	mRpL14
OG0009416	FBtr0343597	CG2841-RF	CG2841
OG0009417	FBtr0333529	CG43947-RE	PsGEF
OG0009418	FBtr0070462	CG12496-RA	CG12496
OG0009419	FBtr0070460	CG7952-RB	gt
OG0009420	FBtr0308831	CG7925-RC	tko
OG0009421	FBtr0334883	CG32796-RG	boi
OG0009422	FBtr0331161	CG7803-RC	z
OG0009423	FBtr0342819	CG33950-RAT	trol
OG0009424	FBtr0308565	CG13758-RB	Pdfr
OG0009425	FBtr0070437	CG13759-RA	AANATL7
OG0009426	FBtr0300707	CG13760-RC	CG13760
OG0009427	FBtr0070438	CG17437-RA	wds
OG0009428	FBtr0070439	CG9659-RC	egh
OG0009429	FBtr0070448	CG8590-RA	Klp3A
OG0009430	FBtr0070441	CG9900-RB	Zw10
OG0009431	FBtr0070447	CG13761-RB	Smyd3
OG0009432	FBtr0070442	CG9904-RA	Seipin
OG0009433	FBtr0340092	CG13762-RC	brv3
OG0009434	FBtr0331587	CG10260-RD	Pi4KIIIalpha
OG0009435	FBtr0070506	CG2655-RA	HLH3B
OG0009436	FBtr0070505	CG2652-RA	CG2652
OG0009437	FBtr0070477	CG2647-RA	per
OG0009438	FBtr0070504	CG2650-RA	dyw
OG0009439	FBtr0070502	CG2658-RA	Spg7
OG0009440	FBtr0070478	CG2662-RA	Lint-O
OG0009441	FBtr0273276	CG2675-RB	Ugalt
OG0009442	FBtr0070479	CG2677-RA	eIF2Bbeta
OG0009443	FBtr0273279	CG2680-RB	CG2680
OG0009444	FBtr0070480	CG2681-RA	CG2681
OG0009445	FBtr0070499	CG2685-RA	CG2685
OG0009446	FBtr0070498	CG2701-RA	CG2701
OG0009447	FBtr0070484	CG2706-RA	fs(1)Yb
OG0009448	FBtr0070485	CG2707-RA	fs(1)Ya
OG0009449	FBtr0070486	CG2709-RA	vilya
OG0009450	FBtr0070487	CG2711-RA	dwg
OG0009451	FBtr0070488	CG2712-RA	CG2712
OG0009452	FBtr0070495	CG2714-RB	crm
OG0009453	FBtr0070491	CG32795-RA	CG32795
OG0009454	FBtr0070489	CG12498-RA	Rtf1L
OG0009455	FBtr0070566	CG14417-RA	CG14417
OG0009456	FBtr0070565	CG14418-RA	CG14418
OG0009457	FBtr0070546	CG3526-RA	CG3526
OG0009458	FBtr0301058	CG3588-RE	CG3588
OG0009459	FBtr0070563	CG14424-RA	CG14424
OG0009460	FBtr0070550	CG32793-RA	CG32793
OG0009461	FBtr0070551	CG3592-RA	CG3592
OG0009462	FBtr0070552	CG3598-RA	CG3598
OG0009463	FBtr0070553	CG14420-RA	CG14420
OG0009464	FBtr0070554	CG14421-RA	CG14421
OG0009465	FBtr0070555	CG14422-RA	CG14422
OG0009466	FBtr0070556	CG14423-RA	CG14423
OG0009467	FBtr0070557	CG17959-RA	CG17959
OG0009468	FBtr0070558	CG3603-RA	CG3603
OG0009469	FBtr0070561	CG4116-RA	CG4116
OG0009470	FBtr0070507	CG3936-RA	N
OG0009471	FBtr0070542	CG4015-RA	Fcp3C
OG0009472	FBtr0070508	CG3939-RA	CG3939
OG0009473	FBtr0070509	CG32498-RB	Pde4
OG0009474	FBtr0070536	CG10793-RA	CG10793
OG0009475	FBtr0070525	CG10798-RA	Myc
OG0009476	FBtr0070532	CG14269-RA	CG14269
OG0009477	FBtr0070531	CG16782-RA	CG16782
OG0009478	FBtr0070526	CG10801-RA	CG10801
OG0009479	FBtr0310466	CG16781-RB	CG16781
OG0009480	FBtr0070527	CG12206-RA	CG12206
OG0009481	FBtr0114487	CG10804-RC	CG10804
OG0009482	FBtr0070568	CG10802-RA	CG10802
OG0009483	FBtr0070590	CG14270-RA	Timm29
OG0009484	FBtr0070569	CG10803-RA	CG10803
OG0009485	FBtr0070589	CG14271-RB	Gas8
OG0009486	FBtr0070570	CG13021-RA	CG13021
OG0009487	FBtr0307180	CG32792-RH	ppk8
OG0009488	FBtr0070586	CG2875-RA	CG2875
OG0009489	FBtr0070575	CG2872-RB	AstA-R1
OG0009490	FBtr0070577	CG13317-RA	Ilp7
OG0009491	FBtr0307279	CG2864-RB	Parg
OG0009492	FBtr0301821	CG13316-RD	Mnt
OG0009493	FBtr0070583	CG2849-RA	Rala
OG0009494	FBtr0299581	CG34412-RG	Tlk
OG0009495	FBtr0112802	CG2904-RC	ec
OG0009496	FBtr0340203	CG44402-RD	yin
OG0009497	FBtr0340201	CG2930-RE	CG2930
OG0009498	FBtr0070611	CG2934-RA	VhaAC39-1
OG0009499	FBtr0070612	CG15239-RA	CG15239
OG0009500	FBtr0301099	CG42541-RC	CG42541
OG0009501	FBtr0070627	CG2938-RB	CG2938
OG0009502	FBtr0070616	CG5014-RB	Vap33
OG0009503	FBtr0070626	CG6450-RC	lva
OG0009504	FBtr0070624	CG6414-RA	CG6414
OG0009505	FBtr0310495	CG43689-RE	CG43689
OG0009506	FBtr0070671	CG6379-RA	Cmtr1
OG0009507	FBtr0347157	CG15375-RB	CG15375
OG0009508	FBtr0070670	CG6358-RA	Xpac
OG0009509	FBtr0070638	CG4934-RA	brn
OG0009510	FBtr0070639	CG4944-RA	cib
OG0009511	FBtr0070669	CG6133-RA	Nsun2
OG0009512	FBtr0070642	CG4865-RA	dgt4
OG0009513	FBtr0070668	CG6121-RA	Tip60
OG0009514	FBtr0070643	CG4857-RB	tyf
OG0009515	FBtr0070644	CG32775-RA	GlcAT-I
OG0009516	FBtr0343523	CG3665-RG	Fas2
OG0009517	FBtr0070645	CG15570-RA	CG15570
OG0009518	FBtr0070663	CG15573-RB	Femcoat
OG0009519	FBtr0070661	CG15576-RB	CG15576
OG0009520	FBtr0070658	CG12692-RB	CG12692
OG0009521	FBtr0070657	CG15579-RA	CG15579
OG0009522	FBtr0070648	CG2982-RB	NO66
OG0009523	FBtr0070654	CG12693-RB	CG12693
OG0009524	FBtr0070650	CG3620-RB	norpA
OG0009525	FBtr0070652	CG3626-RA	Pdpr
OG0009526	FBtr0331162	CG3578-RF	bi
OG0009527	FBtr0070674	CG3556-RA	CG3556
OG0009528	FBtr0070702	CG11427-RA	rb
OG0009529	FBtr0070675	CG3564-RA	CHOp24
OG0009530	FBtr0070701	CG17592-RB	Usf
OG0009531	FBtr0070677	CG15912-RA	CG15912
OG0009532	FBtr0070699	CG11436-RA	CG11436
OG0009533	FBtr0070678	CG3527-RA	CG3527
OG0009534	FBtr0070698	CG11444-RA	CG11444
OG0009535	FBtr0070679	CG3546-RA	CG3546
OG0009536	FBtr0070697	CG12684-RA	CG12684
OG0009537	FBtr0070680	CG12212-RA	peb
OG0009538	FBtr0070681	CG3346-RA	pon
OG0009539	FBtr0070693	CG3081-RA	CG3081
OG0009540	FBtr0070692	CG3062-RA	CG3062
OG0009541	FBtr0331163	CG3052-RB	HLH4C
OG0009542	FBtr0070682	CG7038-RA	mRpL30
OG0009543	FBtr0070690	CG3024-RA	Torsin
OG0009544	FBtr0070683	CG7035-RA	Cbp80
OG0009545	FBtr0070689	CG15473-RA	CG15473
OG0009546	FBtr0070685	CG2984-RA	Pp2C1
OG0009547	FBtr0070711	CG7010-RC	Pdha1
OG0009548	FBtr0070712	CG7024-RA	Pdha2
OG0009549	FBtr0070735	CG2932-RA	Klf15
OG0009550	FBtr0299601	CG15471-RB	CG15471
OG0009551	FBtr0070731	CG2861-RA	CG2861
OG0009552	FBtr0070716	CG12682-RA	CG12682
OG0009553	FBtr0345703	CG42594-RC	CG42594
OG0009554	FBtr0300997	CG32772-RC	CG32772
OG0009555	FBtr0300998	CG4041-RB	CG4041
OG0009556	FBtr0070723	CG6903-RA	Hgsnat
OG0009557	FBtr0343137	CG44774-RC	CG44774
OG0009558	FBtr0070727		
OG0009559	FBtr0300018	CG12680-RB	CG12680
OG0009560	FBtr0300994	CG32767-RC	CG32767
OG0009561	FBtr0070741	CG6789-RA	Rpn13R
OG0009562	FBtr0070742	CG15465-RA	CG15465
OG0009563	FBtr0070759	CG5062-RA	CG5062
OG0009564	FBtr0303279	CG42749-RC	CG42749
OG0009565	FBtr0070758	CG3323-RA	CG3323
OG0009566	FBtr0070757	CG17764-RA	CG17764
OG0009567	FBtr0070756	CG3319-RA	Cdk7
OG0009568	FBtr0070748	CG4528-RA	snf
OG0009569	FBtr0070755	CG3315-RA	TrxT
OG0009570	FBtr0070749	CG4193-RA	dhd
OG0009571	FBtr0070750	CG4198-RA	CG4198
OG0009572	FBtr0070752	CG3312-RA	Rnp4F
OG0009573	FBtr0070762	CG4206-RA	Mcm3
OG0009574	FBtr0070798	CG3309-RA	CG3309
OG0009575	FBtr0070763	CG4208-RA	XRCC1
OG0009576	FBtr0070795	CG3249-RC	spoon
OG0009577	FBtr0070772	CG4165-RD	Usp16-45
OG0009578	FBtr0070776	CG16756-RA	CG16756
OG0009579	FBtr0070778	CG16752-RA	SPR
OG0009580	FBtr0346263	CG3239-RF	frma
OG0009581	FBtr0070780	CG12730-RA	CG12730
OG0009582	FBtr0343015	CG33980-RB	Vsx2
OG0009583	FBtr0070781	CG4136-RA	Vsx1
OG0009584	FBtr0112736	CG34435-RA	CG34435
OG0009585	FBtr0112735	CG34434-RB	CG34434
OG0009586	FBtr0070785	CG3208-RA	RhoGAP5A
OG0009587	FBtr0308579	CG3201-RB	Mlc-c
OG0009588	FBtr0070782	CG32763-RA	Pop1
OG0009589	FBtr0300465	CG42492-RC	OtopLa
OG0009590	FBtr0346834	CG42265-RF	OtopLc
OG0009591	FBtr0070852	CG3187-RC	Sirt4
OG0009592	FBtr0070799	CG4119-RA	CG4119
OG0009593	FBtr0070849	CG3129-RA	Rab18
OG0009594	FBtr0070800	CG4111-RB	RpL35
OG0009595	FBtr0340222	CG3171-RC	Tre1
OG0009596	FBtr0070802	CG15779-RA	Gr5a
OG0009597	FBtr0300221	CG42449-RA	CG42449
OG0009598	FBtr0070847	CG3160-RA	PGAP1
OG0009599	FBtr0070804	CG12410-RA	cv
OG0009600	FBtr0070846	CG3149-RA	CG3149
OG0009601	FBtr0301083	CG4096-RB	AdamTS-B
OG0009602	FBtr0070844	CG33080-RA	CG33080
OG0009603	FBtr0070843	CG32758-RA	Snx27
OG0009604	FBtr0070841	CG3125-RA	IntS6
OG0009605	FBtr0070807	CG4078-RA	Rtel1
OG0009606	FBtr0070808	CG15772-RA	CG15772
OG0009607	FBtr0070840	CG15929-RA	lin-52
OG0009608	FBtr0070809	CG15771-RA	Nanp
OG0009609	FBtr0070837	CG3086-RB	MAPk-Ak2
OG0009610	FBtr0302921	CG42699-RC	Cep162
OG0009611	FBtr0070836	CG3097-RA	CG3097
OG0009612	FBtr0299596	CG42264-RA	CG42264
OG0009613	FBtr0070833	CG3108-RA	CG3108
OG0009614	FBtr0070813	CG15767-RA	CG15767
OG0009615	FBtr0070814	CG12239-RA	CG12239
OG0009616	FBtr0070816	CG18341-RA	Prosbeta2R1
OG0009617	FBtr0070832	CG15766-RA	AgmNAT
OG0009618	FBtr0070817	CG15765-RA	CG15765
OG0009619	FBtr0070819	CG12729-RA	CG12729
OG0009620	FBtr0070820	CG15764-RA	CG15764
OG0009621	FBtr0070830	CG3033-RA	GAA1
OG0009622	FBtr0070829	CG3025-RA	mof
OG0009623	FBtr0070828	CG3016-RA	Usp30
OG0009624	FBtr0070821	CG16721-RA	CG16721
OG0009625	FBtr0070824	CG4020-RA	CG4020
OG0009626	FBtr0070825	CG12236-RA	CG12236
OG0009627	FBtr0070827	CG3011-RA	Shmt
OG0009628	FBtr0070861	CG6041-RA	CG6041
OG0009629	FBtr0070862	CG32755-RA	CG32755
OG0009630	FBtr0070863	CG6048-RA	CG6048
OG0009631	FBtr0070864	CG6067-RA	CG6067
OG0009632	FBtr0070892	CG4790-RA	fs(1)M3
OG0009633	FBtr0070865	CG14447-RA	Grip
OG0009634	FBtr0070866	CG5966-RA	CG5966
OG0009635	FBtr0070889	CG4336-RA	rux
OG0009636	FBtr0070867	CG5941-RA	MCTS1
OG0009637	FBtr0305345	CG5937-RC	CG5937
OG0009638	FBtr0305343	CG5921-RD	CG5921
OG0009639	FBtr0308190	CG5928-RC	CG5928
OG0009640	FBtr0331169	CG4690-RC	Tsp5D
OG0009641	FBtr0070886	CG4660-RA	CG4660
OG0009642	FBtr0332964	CG4320-RB	raptor
OG0009643	FBtr0070872	CG5905-RB	Nep1
OG0009644	FBtr0334984	CG15899-RF	Ca-alpha1T
OG0009645	FBtr0070881	CG32750-RA	CG32750
OG0009646	FBtr0070878	CG3599-RA	Btnd
OG0009647	FBtr0070874	CG3774-RA	Efr
OG0009648	FBtr0070877	CG3595-RA	sqh
OG0009649	FBtr0339697	CG14446-RE	dtn
OG0009650	FBtr0339495	CG14445-RC	CG14445
OG0009651	FBtr0303341	CG3585-RB	Rbcn-3A
OG0009652	FBtr0070894	CG3780-RA	Spx
OG0009653	FBtr0070937	CG3576-RA	schlank
OG0009654	FBtr0070895	CG3781-RA	Josd
OG0009655	FBtr0070896	CG12225-RA	Spt6
OG0009656	FBtr0089870	CG3566-RB	CG3566
OG0009657	FBtr0070930	CG3458-RA	Top3beta
OG0009658	FBtr0070897	CG15897-RA	wuho
OG0009659	FBtr0070898	CG15896-RA	mldr
OG0009660	FBtr0070926	CG15892-RA	CG15892
OG0009661	FBtr0100319	CG15891-RA	CG15891
OG0009662	FBtr0070899	CG3815-RA	CG3815
OG0009663	FBtr0070925	CG12219-RA	CG12219
OG0009664	FBtr0070900	CG3823-RA	CG3823
OG0009665	FBtr0112955	CG15894-RB	CG15894
OG0009666	FBtr0330208	CG42240-RB	CG42240
OG0009667	FBtr0070903	CG3842-RA	CG3842
OG0009668	FBtr0070924	CG3446-RA	ND-B16.6
OG0009669	FBtr0070922	CG3429-RA	swa
OG0009670	FBtr0343373	CG3869-RD	Marf
OG0009671	FBtr0070921	CG12217-RA	PpV
OG0009672	FBtr0070912	CG3918-RA	CG3918
OG0009673	FBtr0070918	CG3342-RA	CG3342
OG0009674	FBtr0070913	CG3926-RA	Agxt
OG0009675	FBtr0070915	CG3314-RA	RpL7A
OG0009676	FBtr0070914	CG3929-RA	dx
OG0009677	FBtr0336675	CG34417-RT	vs
OG0009678	FBtr0070944	CG17717-RA	CG17717
OG0009679	FBtr0070945	CG10695-RA	Pat1
OG0009680	FBtr0070946	CG14444-RA	APC7
OG0009681	FBtr0070993	CG3226-RA	CG3226
OG0009682	FBtr0070950	CG32742-RA	Cdc7
OG0009683	FBtr0070992	CG3224-RA	CG3224
OG0009684	FBtr0308593	CG3977-RC	Ctr1A
OG0009685	FBtr0070991	CG3198-RA	CG3198
OG0009686	FBtr0070952	CG4039-RA	Mcm6
OG0009687	FBtr0070990	CG3192-RA	ND-ASHI
OG0009688	FBtr0070956	CG4523-RA	Pink1
OG0009689	FBtr0070989	CG3184-RA	Dph7
OG0009690	FBtr0070988	CG14442-RA	CG14442
OG0009691	FBtr0070987	CG14440-RA	CG14440
OG0009692	FBtr0070959	CG14441-RA	CG14441
OG0009693	FBtr0070984	CG3168-RC	sv2
OG0009694	FBtr0070980	CG3203-RB	RpL17
OG0009695	FBtr0070960	CG14439-RA	CG14439
OG0009696	FBtr0070961	CG14438-RA	sov
OG0009697	FBtr0070963	CG14437-RA	Coq7
OG0009698	FBtr0300526	CG42328-RH	C3G
OG0009699	FBtr0308228	CG4532-RG	pod1
OG0009700	FBtr0070969	CG4536-RA	iav
OG0009701	FBtr0070974	CG3075-RA	Nf-YC
OG0009702	FBtr0070970	CG4542-RA	xit
OG0009703	FBtr0070972	CG32743-RA	nonC
OG0009704	FBtr0070973	CG12796-RA	mAChR-C
OG0009705	FBtr0071042	CG14435-RA	detr
OG0009706	FBtr0070994	CG4557-RA	Tmf
OG0009707	FBtr0071041	CG3044-RA	Cht11
OG0009708	FBtr0300177	CG4558-RB	CG4558
OG0009709	FBtr0345899	CG14434-RC	CG14434
OG0009710	FBtr0330268	CG43736-RI	CG43736
OG0009711	FBtr0304108	CG14431-RB	CG14431
OG0009712	FBtr0071003	CG4586-RA	CG4586
OG0009713	FBtr0071038	CG3040-RA	CG3040
OG0009714	FBtr0071036	CG3039-RA	ogre
OG0009715	FBtr0071004	CG14430-RA	bou
OG0009716	FBtr0071035	CG2977-RA	Inx7
OG0009717	FBtr0071005	CG4590-RA	Inx2
OG0009718	FBtr0071033	CG3035-RA	cm
OG0009719	FBtr0071007	CG32736-RA	sloth1
OG0009720	FBtr0071032	CG3032-RA	CG3032
OG0009721	FBtr0071009	CG4593-RA	CG4593
OG0009722	FBtr0300760	CG12541-RD	CG12541
OG0009723	FBtr0071010	CG14427-RA	moat
OG0009724	FBtr0299565	CG14426-RB	nullo
OG0009725	FBtr0071013	CG4607-RA	CG4607
OG0009726	FBtr0071020	CG4615-RA	CG4615
OG0009727	FBtr0071015	CG8300-RA	CG8300
OG0009728	FBtr0071017	CG4626-RB	fz4
OG0009729	FBtr0474234	CG9650-RK	Cph
OG0009730	FBtr0071046	CG1958-RA	CG1958
OG0009731	FBtr0089712	CG1677-RA	ZC3H18
OG0009732	FBtr0071047	CG2059-RA	CG2059
OG0009733	FBtr0071066	CG1659-RA	unc-119
OG0009734	FBtr0071048	CG9653-RA	brk
OG0009735	FBtr0071065	CG1643-RA	Atg5
OG0009736	FBtr0071049	CG2079-RA	Dok
OG0009737	FBtr0071051	CG18155-RB	Acsf3
OG0009738	FBtr0339817	CG42780-RB	CG42780
OG0009739	FBtr0329894	CG1435-RC	CBP
OG0009740	FBtr0071064	CG15034-RA	CG15034
OG0009741	FBtr0071054	CG1999-RA	CG1999
OG0009742	FBtr0071055	CG15033-RA	CheA7a
OG0009743	FBtr0071063	CG15035-RA	CG15035
OG0009744	FBtr0112539	CG34337-RA	CG34337
OG0009745	FBtr0071060	CG15036-RA	CG15036
OG0009746	FBtr0071083	CG32719-RA	CG32719
OG0009747	FBtr0304870	CG32720-RB	CG32720
OG0009748	FBtr0071067	CG11369-RA	CG11369
OG0009749	FBtr0071081	CG12689-RA	CG12689
OG0009750	FBtr0071068	CG11387-RA	ct
OG0009751	FBtr0071079	CG12690-RA	CHES-1-like
OG0009752	FBtr0071078	CG15478-RA	CG15478
OG0009753	FBtr0071070	CG12153-RA	Hira
OG0009754	FBtr0071077	CG32721-RA	NELF-B
OG0009755	FBtr0071071	CG12155-RA	CG12155
OG0009756	FBtr0071076	CG12151-RA	Pdp
OG0009757	FBtr0071072	CG12156-RA	Rab39
OG0009758	FBtr0303204	CG34338-RB	CG34338
OG0009759	FBtr0332490	CG32718-RC	CG32718
OG0009760	FBtr0071150	CG10920-RA	CG10920
OG0009761	FBtr0273372	CG1409-RB	CG1409
OG0009762	FBtr0336957	CG15326-RB	Ir7b
OG0009763	FBtr0071087	CG15324-RA	Ir7c
OG0009764	FBtr0299674	CG42294-RA	Ir7d
OG0009765	FBtr0299673	CG42293-RA	Ir7e
OG0009766	FBtr0071088		
OG0009767	FBtr0071143	CG10932-RA	Acat1
OG0009768	FBtr0071142	CG17256-RA	Nek2
OG0009769	FBtr0071089	CG1422-RA	p115
OG0009770	FBtr0071090	CG1430-RA	bys
OG0009771	FBtr0071134	CG10946-RA	dpr14
OG0009772	FBtr0071091	CG1444-RA	spidey
OG0009773	FBtr0071092	CG1514-RA	snz
OG0009774	FBtr0071133	CG15329-RA	hdm
OG0009775	FBtr0071093	CG1515-RA	Ykt6
OG0009776	FBtr0071131	CG10778-RA	Dhdds
OG0009777	FBtr0331298	CG42593-RB	Ubr3
OG0009778	FBtr0071099	CG15330-RA	CG15330
OG0009779	FBtr0071125	CG2212-RA	sws
OG0009780	FBtr0071101	CG32858-RA	sn
OG0009781	FBtr0089999	CG1543-RB	Tbh
OG0009782	FBtr0071123	CG2233-RA	CG2233
OG0009783	FBtr0333307	CG2252-RG	fs(1)h
OG0009784	FBtr0071105	CG1560-RA	mys
OG0009785	FBtr0071117	CG2253-RA	Upf2
OG0009786	FBtr0071116	CG2254-RA	Ldsdh1
OG0009787	FBtr0071112	CG2257-RA	UbcE2H
OG0009788	FBtr0071107	CG2259-RA	Gclc
OG0009789	FBtr0071151	CG1575-RA	CG1575
OG0009790	FBtr0071194	CG2260-RA	CG2260
OG0009791	FBtr0071193	CG15335-RB	cyr
OG0009792	FBtr0071152	CG2116-RA	CG2116
OG0009793	FBtr0071153	CG10958-RA	CG10958
OG0009794	FBtr0300914	CG2120-RB	spdt
OG0009795	FBtr0071192	CG2262-RA	Smox
OG0009796	FBtr0071191	CG17982-RA	CG17982
OG0009797	FBtr0071190	CG2263-RA	alpha-PheRS
OG0009798	FBtr0071155	CG2129-RA	CG2129
OG0009799	FBtr0331613	CG15336-RD	CG15336
OG0009800	FBtr0071157	CG10959-RA	CG10959
OG0009801	FBtr0071189	CG10763-RA	Gbeta5
OG0009802	FBtr0071158	CG18262-RA	Imzf
OG0009803	FBtr0071188	CG10961-RA	Traf6
OG0009804	FBtr0303457	CG1583-RB	GIIIspla2
OG0009805	FBtr0071160	CG15337-RA	CG15337
OG0009806	FBtr0071187	CG10761-RA	CG10761
OG0009807	FBtr0071186	CG10759-RA	Or7a
OG0009808	FBtr0303842	CG2272-RB	slpr
OG0009809	FBtr0100376	CG32717-RG	sdt
OG0009810	FBtr0071166	CG2147-RA	CG2147
OG0009811	FBtr0071183	CG10964-RA	sni
OG0009812	FBtr0071180	CG2286-RA	ND-75
OG0009813	FBtr0071170	CG1632-RA	CG1632
OG0009814	FBtr0071179	CG10965-RA	Corp
OG0009815	FBtr0071178	CG15343-RA	CG15343
OG0009816	FBtr0071171	CG1636-RA	CG1636
OG0009817	FBtr0071173	CG1387-RA	CG1387
OG0009818	FBtr0071174	CG10555-RA	CG10555
OG0009819	FBtr0071175	CG11190-RA	PIG-T
OG0009820	FBtr0112927	CG18009-RE	Trf2
OG0009821	FBtr0071246	CG12125-RA	Miga
OG0009822	FBtr0339438	CG1440-RD	CG1440
OG0009823	FBtr0071245	CG12123-RA	CG12123
OG0009824	FBtr0071244	CG11202-RA	org-1
OG0009825	FBtr0302500	CG15347-RB	CG15347
OG0009826	FBtr0071198	CG1474-RA	Es2
OG0009827	FBtr0071241	CG12117-RA	Sptr
OG0009828	FBtr0071240	CG12116-RA	CG12116
OG0009829	FBtr0071201	CG15350-RA	Cp7Fb
OG0009830	FBtr0071202	CG15351-RA	Cp7Fc
OG0009831	FBtr0071203	CG1478-RA	Cp36
OG0009832	FBtr0071204	CG11213-RA	Cp38
OG0009833	FBtr0071237	CG12743-RB	otu
OG0009834	FBtr0113451	CG33181-RC	CG33181
OG0009835	FBtr0071235	CG11219-RA	PIP82
OG0009836	FBtr0305914	CG1634-RG	Nrg
OG0009837	FBtr0071234	CG12113-RA	IntS4
OG0009838	FBtr0071233	CG12112-RA	CG12112
OG0009839	FBtr0071212	CG11265-RC	Trf4-1
OG0009840	FBtr0071232	CG12111-RA	CG12111
OG0009841	FBtr0071230	CG2056-RB	spirit
OG0009842	FBtr0071218	CG12081-RA	CG12081
OG0009843	FBtr0332627	CG12659-RC	CG12659
OG0009844	FBtr0071219	CG12737-RA	Crag
OG0009845	FBtr0071228	CG12109-RB	Caf1-180
OG0009846	FBtr0474137	CG12154-RH	oc
OG0009847	FBtr0071221	CG12772-RA	Rubicon
OG0009848	FBtr0071225	CG12108-RA	Ppt1
OG0009849	FBtr0071223	CG1795-RA	Ogg1
OG0009850	FBtr0071224	CG11294-RA	CG11294
OG0009851	FBtr0071249	CG1787-RA	Hexo2
OG0009852	FBtr0071281	CG2004-RA	CG2004
OG0009853	FBtr0071250	CG1785-RA	Nop53
OG0009854	FBtr0071280	CG1994-RA	l(1)G0020
OG0009855	FBtr0071251	CG1789-RA	CG1789
OG0009856	FBtr0071279	CG11354-RA	Lim1
OG0009857	FBtr0071253	CG12075-RA	CG12075
OG0009858	FBtr0071270	CG10701-RB	Moe
OG0009859	FBtr0071268	CG1885-RA	Uros1
OG0009860	FBtr0071255	CG10648-RA	Rbm13
OG0009861	FBtr0071266	CG1871-RA	e(r)
OG0009862	FBtr0071265	CG12661-RA	CG12661
OG0009863	FBtr0071263	CG10962-RB	CG10962
OG0009864	FBtr0473580	CG12662-RB	CG12662
OG0009865	FBtr0333601	CG42667-RH	rdgA
OG0009866	FBtr0343357	CG42388-RH	Nost
OG0009867	FBtr0339679	CG15365-RB	CG15365
OG0009868	FBtr0071356	CG10970-RA	CG10970
OG0009869	FBtr0339659	CG44325-RA	CG44325
OG0009870	FBtr0071353	CG7246-RA	CG7246
OG0009871	FBtr0071284	CG7041-RA	HP1b
OG0009872	FBtr0071285	CG32707-RA	APC4
OG0009873	FBtr0071289	CG7033-RA	CCT2
OG0009874	FBtr0071350	CG8264-RA	Bx42
OG0009875	FBtr0071293	CG7039-RA	Arfrp1
OG0009876	FBtr0071296	CG9113-RD	AP-1gamma
OG0009877	FBtr0071349	CG12664-RB	fend
OG0009878	FBtr0071299	CG7065-RA	CG7065
OG0009879	FBtr0071348	CG8971-RA	fh
OG0009880	FBtr0071300	CG7055-RA	Bap111
OG0009881	FBtr0071344	CG9022-RA	Ost48
OG0009882	FBtr0333472	CG15367-RB	Dlip1
OG0009883	FBtr0071343	CG9034-RA	NdufA3
OG0009884	FBtr0071342	CG9060-RA	Zpr1
OG0009885	FBtr0474151	CG12218-RF	mei-P26
OG0009886	FBtr0071341	CG12115-RA	CG12115
OG0009887	FBtr0071304	CG12057-RA	CG12057
OG0009888	FBtr0071305	CG12056-RA	CG12056
OG0009889	FBtr0071306	CG12106-RA	CG12106
OG0009890	FBtr0071339	CG12118-RA	CG12118
OG0009891	FBtr0071338	CG2194-RC	su(r)
OG0009892	FBtr0071336	CG12119-RA	SmydA-9
OG0009893	FBtr0071307	CG12665-RA	Obp8a
OG0009894	FBtr0071308	CG15368-RA	CG15368
OG0009895	FBtr0071335	CG12120-RA	t
OG0009896	FBtr0071310	CG15370-RA	CG15370
OG0009897	FBtr0071311	CG15371-RA	Gr8a
OG0009898	FBtr0071334	CG12121-RA	CG12121
OG0009899	FBtr0071333	CG32704-RA	Ir8a
OG0009900	FBtr0071332	CG12124-RA	mxc
OG0009901	FBtr0301275	CG42569-RA	Larp7
OG0009902	FBtr0071331	CG12127-RA	amx
OG0009903	FBtr0071313	CG15793-RA	Dsor1
OG0009904	FBtr0071314	CG17754-RC	CG17754
OG0009905	FBtr0071317	CG15797-RA	ric8a
OG0009906	FBtr0071329	CG32703-RA	Erk7
OG0009907	FBtr0071319	CG16892-RA	Aladin
OG0009908	FBtr0071326	CG12132-RA	c11.1
OG0009909	FBtr0071320	CG1689-RA	lz
OG0009910	FBtr0071324	CG12135-RA	c12.1
OG0009911	FBtr0334929	CG12149-RB	c12.2
OG0009912	FBtr0071358	CG17252-RA	BCL7-like
OG0009913	FBtr0302153	CG42611-RA	mgl
OG0009914	FBtr0071373	CG32700-RA	CG32700
OG0009915	FBtr0100083	CG34028-RA	CG34028
OG0009916	FBtr0100081	CG34026-RA	CG34026
OG0009917	FBtr0273437	CG32702-RB	Cubn
OG0009918	FBtr0110850	CG32699-RB	LPCAT
OG0009919	FBtr0071361	CG3001-RA	Hex-A
OG0009920	FBtr0071363	CG3002-RB	Gga
OG0009921	FBtr0071368	CG3004-RA	Lst8
OG0009922	FBtr0071367	CG12141-RB	LysRS
OG0009923	FBtr0303708	CG42797-RD	Hecw
OG0009924	FBtr0071403	CG3106-RA	CG3106
OG0009925	FBtr0302722	CG15319-RC	nej
OG0009926	FBtr0071379	CG12653-RA	btd
OG0009927	FBtr0331335	CG1343-RF	Sp1
OG0009928	FBtr0474138	CG1354-RF	CG1354
OG0009929	FBtr0071387	CG2045-RA	Ser7
OG0009930	FBtr0344420	CG45060-RA	CG45060
OG0009931	FBtr0344419	CG45061-RA	CG45061
OG0009932	FBtr0071397	CG15247-RA	CG15247
OG0009933	FBtr0071388	CG1468-RA	CG1468
OG0009934	FBtr0071389	CG9686-RA	CG9686
OG0009935	FBtr0071390	CG9689-RA	CG9689
OG0009936	FBtr0071391	CG9691-RA	CG9691
OG0009937	FBtr0071395	CG1986-RA	CG1986
OG0009938	FBtr0071429	CG1791-RA	CG1791
OG0009939	FBtr0336905	CG1889-RD	CG1889
OG0009940	FBtr0307592	CG43386-RC	CG43386
OG0009941	FBtr0307590	CG15252-RC	CG15252
OG0009942	FBtr0071410	CG32694-RB	CG32694
OG0009943	FBtr0071415	CG2990-RB	Dna2
OG0009944	FBtr0307369	CG43374-RC	Cht6
OG0009945	FBtr0309219	CG15312-RD	loofah
OG0009946	FBtr0071420	CG32693-RA	Gr9a
OG0009947	FBtr0308583	CG32685-RE	ZAP3
OG0009948	FBtr0071430	CG2972-RA	CG2972
OG0009949	FBtr0290234	CG2974-RB	Naxe
OG0009950	FBtr0110783	CG34104-RB	RhoU
OG0009951	FBtr0332934	CG43902-RA	CG43902
OG0009952	FBtr0071487	CG15309-RA	Ypel
OG0009953	FBtr0071438	CG2968-RA	ATPsyndelta
OG0009954	FBtr0071486	CG2962-RA	CG2962
OG0009955	FBtr0300073	CG15308-RB	CG15308
OG0009956	FBtr0343025	CG34408-RH	CG34408
OG0009957	FBtr0071484	CG2961-RA	CG2961
OG0009958	FBtr0331338	CG43388-RM	Hk
OG0009959	FBtr0071481	CG12643-RA	CG12643
OG0009960	FBtr0299633	CG42275-RI	alpha-Man-Ia
OG0009961	FBtr0071472	CG2227-RA	Gip
OG0009962	FBtr0330324	CG43740-RC	CG43740
OG0009963	FBtr0071470	CG2221-RA	l(1)G0289
OG0009964	FBtr0071469	CG32679-RA	CG32679
OG0009965	FBtr0071444	CG17841-RA	CG17841
OG0009966	FBtr0071468	CG32686-RB	CG32686
OG0009967	FBtr0071445	CG2898-RA	CG2898
OG0009968	FBtr0071466	CG32681-RA	CG32681
OG0009969	FBtr0071465	CG2222-RA	Psf3
OG0009970	FBtr0071463	CG32683-RA	CG32683
OG0009972	FBtr0071462	CG15302-RA	Or9a
OG0009973	FBtr0071460	CG17255-RA	nocte
OG0009974	FBtr0071450	CG2889-RA	CG2889
OG0009975	FBtr0071451	CG2890-RA	PPP4R2r
OG0009976	FBtr0071458	CG32687-RA	CG32687
OG0009977	FBtr0310439	CG34414-RO	spri
OG0009978	FBtr0071512	CG15296-RA	CG15296
OG0009979	FBtr0071511	CG1619-RB	Hmr
OG0009980	FBtr0071491	CG2124-RA	CG2124
OG0009981	FBtr0071510	CG1628-RB	CG1628
OG0009982	FBtr0071506	CG9806-RA	CG9806
OG0009983	FBtr0071492	CG2111-RA	CG2111
OG0009984	FBtr0071493	CG32677-RA	X11Lbeta
OG0009985	FBtr0071503	CG32676-RA	stx
OG0009986	FBtr0474163	CG1799-RF	ras
OG0009987	FBtr0071502	CG11556-RA	Rph
OG0009988	FBtr0071500	CG32675-RA	Tango5
OG0009989	FBtr0071498	CG32672-RA	Atg8a
OG0009990	FBtr0073376	CG15211-RA	CG15211
OG0009991	FBtr0305150	CG1691-RL	Imp
OG0009992	FBtr0073411	CG1664-RA	sbr
OG0009993	FBtr0073377	CG15210-RA	CG15210
OG0009994	FBtr0073378	CG15209-RA	CG15209
OG0009995	FBtr0073379	CG17333-RA	Pgls
OG0009996	FBtr0339835	CG2157-RB	CG2157
OG0009997	FBtr0343584	CG1615-RC	Ork1
OG0009998	FBtr0073403	CG1582-RA	CG1582
OG0009999	FBtr0073383	CG15208-RA	CG15208
OG0010000	FBtr0073386	CG2155-RA	v
OG0010001	FBtr0073387	CG2145-RA	Arlr
OG0010002	FBtr0310334	CG43657-RD	Myo10A
OG0010003	FBtr0073400	CG1567-RA	C901
OG0010004	FBtr0299862	CG42339-RB	vex
OG0010005	FBtr0073390	CG11160-RA	SmydA-4
OG0010006	FBtr0073396	CG1552-RA	CG1552
OG0010007	FBtr0073394	CG1537-RA	CG1537
OG0010008	FBtr0073392	CG15203-RA	CG15203
OG0010009	FBtr0073393	CG18085-RA	sev
OG0010010	FBtr0073427	CG2081-RB	Vago
OG0010011	FBtr0299514	CG42249-RC	xgr
OG0010012	FBtr0073481	CG11122-RA	CG11122
OG0010013	FBtr0073480	CG2522-RA	SrpRalpha
OG0010014	FBtr0340119	CG44385-RA	CG44385
OG0010015	FBtr0330387	CG18292-RB	CDK2AP1
OG0010016	FBtr0073474	CG32667-RA	ssp7
OG0010017	FBtr0073473	CG15199-RA	CG15199
OG0010018	FBtr0073438	CG15202-RA	CG15202
OG0010019	FBtr0073439	CG15201-RA	CG15201
OG0010020	FBtr0073440	CG1908-RA	Lint-1
OG0010021	FBtr0073470	CG1397-RA	rtv
OG0010022	FBtr0073441	CG1938-RA	Dlic
OG0010023	FBtr0073469	CG32668-RA	CG32668
OG0010024	FBtr0073468	CG1386-RA	Antdh
OG0010025	FBtr0073467	CG1394-RA	CG1394
OG0010026	FBtr0073446	CG11106-RA	CG11106
OG0010027	FBtr0340335	CG44422-RA	CG44422
OG0010028	FBtr0073447	CG15198-RA	CG15198
OG0010029	FBtr0113487	CG34143-RC	Ir10a
OG0010030	FBtr0073461	CG1641-RA	sisA
OG0010031	FBtr0073460	CG1639-RA	l(1)10Bb
OG0010032	FBtr0073448	CG1657-RA	Gapvd1
OG0010033	FBtr0289955	CG11759-RG	Kap3
OG0010034	FBtr0112557	CG34348-RA	CG34348
OG0010035	FBtr0290227	CG1597-RB	Gcs1
OG0010036	FBtr0073450	CG11756-RA	CG11756
OG0010037	FBtr0073451	CG1738-RA	CG1738
OG0010038	FBtr0073452	CG11752-RA	NdufV3
OG0010039	FBtr0073453	CG1737-RA	CG1737
OG0010040	FBtr0073454	CG18361-RA	dsh
OG0010041	FBtr0073456	CG11750-RA	Pa1
OG0010042	FBtr0073457	CG1594-RA	hop
OG0010043	FBtr0073482	CG1728-RA	Tim8
OG0010044	FBtr0073550	CG12622-RA	Gr10b
OG0010045	FBtr0346793	CG32664-RB	Gr10a
OG0010046	FBtr0346792	CG17867-RB	Or10a
OG0010047	FBtr0073547	CG11727-RA	Evi5
OG0010048	FBtr0073497	CG1747-RB	Sk1
OG0010049	FBtr0073499	CG1745-RB	HP5
OG0010050	FBtr0305607	CG43155-RC	CG43155
OG0010051	FBtr0073503	CG11715-RA	Cyp4g15
OG0010052	FBtr0073506	CG1751-RA	Spase25
OG0010053	FBtr0301020	CG32666-RC	Drak
OG0010054	FBtr0073543	CG1572-RA	CG1572
OG0010055	FBtr0073509	CG11709-RA	PGRP-SA
OG0010056	FBtr0073542	CG1554-RA	Polr2A
OG0010057	FBtr0073510	CG11699-RA	CG11699
OG0010058	FBtr0073541	CG1558-RA	Kmn1
OG0010059	FBtr0073511	CG11697-RA	Reepl1
OG0010060	FBtr0073512	CG11696-RA	CG11696
OG0010061	FBtr0073540	CG15191-RA	e(y)2
OG0010062	FBtr0073513	CG11695-RA	CG11695
OG0010063	FBtr0073518	CG1697-RB	rho-4
OG0010064	FBtr0073537	CG2533-RA	CG2533
OG0010065	FBtr0073536	CG2247-RA	CG2247
OG0010066	FBtr0073520	CG1703-RA	CG1703
OG0010067	FBtr0073535	CG15220-RA	RPA3
OG0010068	FBtr0073521	CG1705-RA	Met
OG0010069	FBtr0073533	CG2371-RB	Vlet
OG0010070	FBtr0334465	CG1822-RF	bif
OG0010071	FBtr0073531	CG2444-RA	CG2444
OG0010072	FBtr0073620	CG2448-RA	Fut6
OG0010073	FBtr0073615	CG2446-RB	Amun
OG0010074	FBtr0073551	CG1837-RA	prtp
OG0010075	FBtr0073552	CG1841-RB	Tango10
OG0010076	FBtr0112979	CG15221-RB	CG15221
OG0010077	FBtr0301267	CG42563-RB	inaF-D
OG0010078	FBtr0112523	CG34321-RA	inaF-C
OG0010079	FBtr0300200	CG42447-RA	inaF-B
OG0010080	FBtr0112524	CG34322-RA	inaF-A
OG0010081	FBtr0073555	CG9369-RA	m
OG0010082	FBtr0073612	CG9355-RA	dy
OG0010083	FBtr0073556	CG4139-RA	Karl
OG0010084	FBtr0073562	CG15224-RE	CkIIbeta
OG0010085	FBtr0073607	CG1578-RA	Dph6
OG0010086	FBtr0305604	CG43154-RC	rudhira
OG0010087	FBtr0073565	CG1895-RA	Cyp28c1
OG0010088	FBtr0303268	CG15740-RB	CG15740
OG0010089	FBtr0073604	CG1967-RA	p24-1
OG0010090	FBtr0073602	CG10347-RB	CG10347
OG0010091	FBtr0273257	CG1886-RB	ATP7
OG0010092	FBtr0330413	CG1847-RC	CG1847
OG0010093	FBtr0073600	CG11802-RA	BORCS5
OG0010094	FBtr0073569	CG15739-RA	CG15739
OG0010095	FBtr0331589	CG10352-RB	CG10352
OG0010096	FBtr0114452	CG10353-RD	CG10353
OG0010097	FBtr0073570	CG1844-RA	SelG
OG0010098	FBtr0073572	CG15738-RA	sicily
OG0010099	FBtr0073573	CG15737-RA	wisp
OG0010100	FBtr0073596	CG1559-RA	Upf1
OG0010101	FBtr0073594	CG2467-RA	pot
OG0010102	FBtr0073590	CG10362-RA	Pdzd8
OG0010103	FBtr0332309	CG1505-RD	gd
OG0010104	FBtr0073582	CG1502-RA	tsg
OG0010105	FBtr0073580	CG1500-RA	fw
OG0010106	FBtr0073574	CG1806-RA	CG1806
OG0010107	FBtr0073579	CG1492-RA	CG1492
OG0010108	FBtr0073642	CG15736-RA	Chrac-16
OG0010109	FBtr0073621	CG15735-RA	Lsm12a
OG0010110	FBtr0073622	CG1796-RA	Tango4
OG0010111	FBtr0073641	CG1490-RB	Usp7
OG0010112	FBtr0073640	CG1488-RB	Cyp311a1
OG0010113	FBtr0073623	CG1786-RA	Cyp318a1
OG0010114	FBtr0112525	CG34323-RA	CG34323
OG0010115	FBtr0073637	CG12721-RA	moon
OG0010116	FBtr0300834	CG15734-RC	CG15734
OG0010117	FBtr0073635		
OG0010118	FBtr0346129	CG42338-RO	Ten-a
OG0010119	FBtr0073633	CG32655-RA	CG32655
OG0010120	FBtr0073643	CG2577-RA	CG2577
OG0010121	FBtr0336964	CG15732-RB	Ir11a
OG0010122	FBtr0073644	CG2574-RA	CG2574
OG0010123	FBtr0340086	CG42349-RE	Pkcdelta
OG0010124	FBtr0073647	CG15927-RA	CG15927
OG0010125	FBtr0073669	CG1900-RB	Rab40
OG0010126	FBtr0299558	CG42258-RC	CG42258
OG0010127	FBtr0073650	CG2560-RA	Cpr11A
OG0010128	FBtr0073667	CG15730-RA	Mks1
OG0010129	FBtr0073652	CG2556-RA	mdu
OG0010130	FBtr0333154	CG43921-RA	hwt
OG0010131	FBtr0073653	CG2555-RA	Cpr11B
OG0010132	FBtr0273245	CG11138-RD	Pits
OG0010133	FBtr0073660	CG1848-RC	LIMK1
OG0010134	FBtr0073658	CG1824-RA	CG1824
OG0010135	FBtr0340105	CG32654-RI	Sec16
OG0010136	FBtr0073657	CG1463-RA	CG1463
OG0010137	FBtr0073655	CG2543-RA	Fpgs1
OG0010138	FBtr0073674	CG15728-RA	CG15728
OG0010139	FBtr0073709	CG15727-RA	Aven
OG0010140	FBtr0073675	CG2540-RA	CG2540
OG0010141	FBtr0073678	CG17762-RC	Tomosyn
OG0010142	FBtr0073680	CG2028-RB	CkIalpha
OG0010143	FBtr0073683	CG4070-RA	Tis11
OG0010144	FBtr0333768	CG4013-RG	Smr
OG0010145	FBtr0073685	CG15725-RA	CG15725
OG0010146	FBtr0073687		
OG0010147	FBtr0073688	CG3812-RA	Agpat1
OG0010148	FBtr0073702	CG32647-RB	CG32647
OG0010149	FBtr0330395	CG42276-RD	Pde9
OG0010150	FBtr0073690	CG3775-RA	Nep6
OG0010151	FBtr0073698	CG32650-RA	CG32650
OG0010152	FBtr0073697	CG32649-RA	Coq8
OG0010153	FBtr0073695	CG4407-RA	Flad1
OG0010154	FBtr0073694	CG4404-RA	CG4404
OG0010155	FBtr0073691	CG4647-RA	mRpL49
OG0010156	FBtr0073693	CG4400-RA	Brms1
OG0010157	FBtr0073753	CG4395-RA	hec
OG0010158	FBtr0305598	CG32642-RB	CG32642
OG0010159	FBtr0305600	CG15721-RB	CG15721
OG0010160	FBtr0073752	CG12716-RA	CG12716
OG0010161	FBtr0073716	CG32643-RA	CG32643
OG0010162	FBtr0309878	CG15719-RC	CG15719
OG0010163	FBtr0073717	CG2209-RA	CG2209
OG0010164	FBtr0073750	CG12715-RA	CG12715
OG0010165	FBtr0073747	CG4353-RA	hep
OG0010166	FBtr0073720	CG12244-RA	lic
OG0010167	FBtr0073721	CG2200-RA	CG2200
OG0010168	FBtr0306847	CG43313-RA	Chpf
OG0010169	FBtr0073722	CG42237-RA	CG42237
OG0010170	FBtr0300453	CG32638-RB	CG32638
OG0010171	FBtr0073723	CG15717-RA	CG15717
OG0010172	FBtr0073724	CG4330-RA	MFS10
OG0010173	FBtr0073725	CG32645-RB	CG32645
OG0010174	FBtr0073726	CG4332-RA	CG4332
OG0010175	FBtr0073741	CG4303-RA	Bap60
OG0010176	FBtr0073727	CG12096-RA	CG12096
OG0010177	FBtr0340300	CG34411-RC	Lgr4
OG0010178	FBtr0073738	CG12723-RA	CG12723
OG0010179	FBtr0073737	CG2453-RA	Coq5
OG0010180	FBtr0073730	CG1591-RA	REG
OG0010181	FBtr0340190	CG1771-RF	mew
OG0010182	FBtr0073733	CG15742-RA	CG15742
OG0010183	FBtr0333331	CG1770-RG	HDAC4
OG0010184	FBtr0073755	CG15743-RA	Bpnt2
OG0010185	FBtr0073756	CG15744-RA	Remo
OG0010186	FBtr0073796	CG1764-RA	CG1764
OG0010187	FBtr0073757	CG1622-RA	CG1622
OG0010188	FBtr0346133	CG45017-RG	IP3K2
OG0010189	FBtr0073763	CG1633-RB	Prx2
OG0010190	FBtr0073766	CG15747-RA	CG15747
OG0010191	FBtr0073767	CG10617-RA	Syt12
OG0010192	FBtr0073768	CG15749-RA	dmrt11E
OG0010193	FBtr0073775	CG1660-RA	Tim9a
OG0010194	FBtr0073789	CG1989-RA	Ype
OG0010195	FBtr0073776	CG1662-RA	CG1662
OG0010196	FBtr0073777	CG1673-RA	Bcat
OG0010197	FBtr0073778	CG1681-RA	GstT4
OG0010198	FBtr0073787	CG1998-RA	CG1998
OG0010199	FBtr0073779	CG1716-RA	Set2
OG0010200	FBtr0112526	CG34324-RA	CG34324
OG0010201	FBtr0339703	CG44328-RB	Neto
OG0010202	FBtr0073782	CG15754-RA	CG15754
OG0010203	FBtr0073784	CG15757-RA	Cpr12A
OG0010204	FBtr0331736	CG11816-RB	CG11816
OG0010205	FBtr0073799	CG32631-RA	CG32631
OG0010206	FBtr0073800	CG32633-RA	CG32633
OG0010207	FBtr0330399	CG32632-RF	Tpst
OG0010208	FBtr0073851	CG7107-RA	up
OG0010209	FBtr0073805	CG11178-RB	CG11178
OG0010210	FBtr0073850	CG9938-RA	Ndc80
OG0010211	FBtr0073806	CG11177-RA	BthD
OG0010212	FBtr0073849	CG12175-RB	tth
OG0010213	FBtr0308644	CG11176-RB	Tango2
OG0010214	FBtr0073848	CG2691-RA	CG2691
OG0010215	FBtr0112980	CG11172-RB	NFAT
OG0010216	FBtr0073847	CG12176-RA	DNAlig4
OG0010217	FBtr0332888	CG15760-RB	CG15760
OG0010218	FBtr0073811	CG11162-RA	CG11162
OG0010219	FBtr0073846	CG12177-RA	CG12177
OG0010220	FBtr0073844	CG9940-RB	Nadsyn
OG0010221	FBtr0073843	CG9941-RA	Mgrn1
OG0010222	FBtr0073817	CG11156-RA	mus101
OG0010223	FBtr0073842	CG10986-RB	g
OG0010224	FBtr0073841	CG10988-RA	Grip91
OG0010225	FBtr0073818	CG11134-RA	CG11134
OG0010226	FBtr0073819	CG11151-RA	CG11151
OG0010227	FBtr0073840	CG10990-RA	Pdcd4
OG0010228	FBtr0073820	CG11130-RA	Rtc1
OG0010229	FBtr0073821	CG11129-RA	Yp3
OG0010230	FBtr0331717	CG11111-RJ	rdgB
OG0010231	FBtr0073838	CG10992-RA	CtsB
OG0010232	FBtr0100218		
OG0010233	FBtr0073836	CG10996-RA	Galml2
OG0010234	FBtr0290302	CG33174-RE	inaE
OG0010235	FBtr0073827	CG11095-RA	CG11095
OG0010236	FBtr0073835	CG10997-RA	Clic
OG0010237	FBtr0073834	CG11063-RB	jub
OG0010238	FBtr0340444	CG32626-RK	AMPdeam
OG0010239	FBtr0346001	CG45477-RI	mamo
OG0010240	FBtr0073854	CG11068-RA	CG11068
OG0010241	FBtr0073869	CG12479-RA	Mic10a
OG0010242	FBtr0073868	CG12480-RA	CG12480
OG0010243	FBtr0073891	CG1368-RA	CG1368
OG0010244	FBtr0073892	CG11581-RA	CG11581
OG0010245	FBtr0073893	CG11584-RB	CG11584
OG0010246	FBtr0073894	CG32603-RA	CG32603
OG0010247	FBtr0100281	CG12481-RB	CG12481
OG0010248	FBtr0114508	CG11585-RB	CG11585
OG0010249	FBtr0073928	CG13403-RA	CG13403
OG0010250	FBtr0073898	CG1372-RB	yl
OG0010251	FBtr0333428	CG32597-RC	l(1)G0469
OG0010252	FBtr0073926	CG11674-RA	CG11674
OG0010253	FBtr0073902	CG15871-RA	mRpL38
OG0010254	FBtr0299615	CG42271-RC	CG42271
OG0010255	FBtr0073923	CG1839-RA	Fbxl4
OG0010256	FBtr0073903	CG1434-RA	Dus2
OG0010257	FBtr0073922	CG1810-RA	mRNA-cap
OG0010258	FBtr0308327	CG12047-RH	mud
OG0010259	FBtr0073908	CG1461-RA	Tat
OG0010260	FBtr0299543	CG13404-RB	CG13404
OG0010261	FBtr0344822	CG1517-RF	na
OG0010262	FBtr0073911		
OG0010263	FBtr0073920	CG9400-RA	CG9400
OG0010264	FBtr0073913	CG32600-RA	dpr8
OG0010265	FBtr0073929	CG12540-RA	CG12540
OG0010266	FBtr0339460	CG14414-RE	CG14414
OG0010267	FBtr0073945	CG14413-RA	mRpS25
OG0010268	FBtr0073933	CG5310-RA	nmdyn-D6
OG0010269	FBtr0073944	CG9413-RB	sbm
OG0010270	FBtr0073942	CG18657-RA	NetA
OG0010271	FBtr0290021	CG5321-RB	CG5321
OG0010272	FBtr0073940	CG10521-RA	NetB
OG0010273	FBtr0073939	CG15890-RA	CG15890
OG0010274	FBtr0073938	CG9540-RA	Ag5r2
OG0010275	FBtr0073937	CG9538-RA	Ag5r
OG0010276	FBtr0073992	CG9533-RA	Adcy1
OG0010277	FBtr0073946	CG14411-RA	CG14411
OG0010278	FBtr0073989	CG14407-RA	Grx5
OG0010279	FBtr0073988	CG32590-RA	CG32590
OG0010280	FBtr0330215	CG32593-RJ	Flo2
OG0010281	FBtr0344425	CG45064-RA	CG45064
OG0010282	FBtr0073979	CG9512-RA	CG9512
OG0010283	FBtr0073978	CG9509-RA	fiz
OG0010284	FBtr0073977	CG14406-RA	CG14406
OG0010285	FBtr0073975	CG9504-RA	Eo
OG0010286	FBtr0073973	CG32591-RA	CG32591
OG0010287	FBtr0073972	CG9009-RA	pdgy
OG0010288	FBtr0111009	CG10952-RB	eag
OG0010289	FBtr0073970	CG32592-RA	hiw
OG0010290	FBtr0073957	CG32594-RC	be
OG0010291	FBtr0073958	CG5541-RA	CG5541
OG0010292	FBtr0073960	CG5548-RA	ND-B18
OG0010293	FBtr0073968	CG9053-RA	opm
OG0010294	FBtr0073961	CG5560-RA	dob
OG0010295	FBtr0073967	CG9057-RA	Lsd2
OG0010296	FBtr0073962	CG33177-RA	CG33177
OG0010297	FBtr0340426	CG33178-RB	CG33178
OG0010298	FBtr0073966	CG9065-RA	Cox17
OG0010299	FBtr0073965	CG15027-RA	CG15027
OG0010300	FBtr0073964	CG5599-RA	Dbct
OG0010301	FBtr0330401	CG5627-RH	Rab3-GEF
OG0010302	FBtr0074029	CG9072-RA	CG9072
OG0010303	FBtr0074028	CG9081-RA	Cyp4s3
OG0010304	FBtr0100009	CG33968-RA	drd
OG0010305	FBtr0112984	CG9095-RB	CG9095
OG0010306	FBtr0330260	CG43737-RB	CG43737
OG0010307	FBtr0073999	CG5662-RA	CG5662
OG0010308	FBtr0074023	CG15031-RA	PPYR1
OG0010309	FBtr0074021	CG9106-RA	CG9106
OG0010310	FBtr0074005	CG6146-RA	Top1
OG0010311	FBtr0074007	CG6157-RA	dah
OG0010312	FBtr0074020	CG9114-RA	CG9114
OG0010313	FBtr0330405	CG6170-RG	HDAC6
OG0010314	FBtr0074011	CG6227-RA	Prp5
OG0010315	FBtr0074015	CG9151-RA	acj6
OG0010316	FBtr0074012	CG9164-RC	CG9164
OG0010317	FBtr0308309	CG43395-RE	Cngl
OG0010318	FBtr0074079	CG9195-RA	Scamp
OG0010319	FBtr0074030	CG11654-RA	Ahcy
OG0010320	FBtr0074031	CG11655-RA	CG11655
OG0010321	FBtr0074077	CG9198-RA	shtd
OG0010322	FBtr0074034	CG6294-RA	CG6294
OG0010323	FBtr0074076	CG15642-RA	CG15642
OG0010324	FBtr0074035	CG15641-RA	CG15641
OG0010325	FBtr0074075	CG9201-RB	Grip128
OG0010326	FBtr0074036	CG6308-RA	Alg14
OG0010327	FBtr0074074	CG9203-RA	mh
OG0010328	FBtr0344943	CG6324-RB	CG6324
OG0010329	FBtr0074039	CG6340-RB	CG6340
OG0010330	FBtr0474150	CG33206-RD	Gmap
OG0010331	FBtr0332497	CG9210-RC	Ac13E
OG0010332	FBtr0074072	CG15643-RA	CG15643
OG0010333	FBtr0074064	CG9220-RC	Chsy
OG0010334	FBtr0074048	CG8105-RA	Alp11
OG0010335	FBtr0074063	CG9224-RA	sog
OG0010336	FBtr0074050	CG8117-RA	CG8117
OG0010337	FBtr0074058	CG9245-RA	Pis
OG0010338	FBtr0074054	CG8134-RA	Hap40
OG0010339	FBtr0074056	CG9281-RB	CG9281
OG0010340	FBtr0074055	CG15601-RA	CG15601
OG0010341	FBtr0340304	CG8184-RH	HUWE1
OG0010342	FBtr0074083	CG8191-RA	CG8191
OG0010343	FBtr0273278	CG12379-RB	CG12379
OG0010344	FBtr0332613	CG8198-RB	MagR
OG0010345	FBtr0074203	CG11678-RA	Arp6
OG0010346	FBtr0074202	CG11679-RA	CG11679
OG0010347	FBtr0074085	CG8206-RA	CG8206
OG0010348	FBtr0074201	CG8944-RB	CG8944
OG0010349	FBtr0074086	CG8231-RA	CCT6
OG0010350	FBtr0074087	CG8239-RA	Mvd
OG0010351	FBtr0340305	CG8948-RG	Graf
OG0010352	FBtr0074088	CG8260-RA	CG8260
OG0010353	FBtr0300811	CG17209-RC	Polr3A
OG0010354	FBtr0074193	CG8952-RA	CG8952
OG0010355	FBtr0310394		
OG0010356	FBtr0310395	CG43673-RA	CG43673
OG0010357	FBtr0074190	CG8962-RA	Paf-AHalpha
OG0010358	FBtr0074094	CG8470-RA	mRpS30
OG0010359	FBtr0074095	CG8497-RA	Rhp
OG0010360	FBtr0074097	CG15602-RA	CG15602
OG0010361	FBtr0074183	CG8995-RA	PGRP-LE
OG0010362	FBtr0074098	CG8509-RA	CG8509
OG0010363	FBtr0310311	CG8544-RQ	sd
OG0010364	FBtr0074179	CG9012-RA	Chc
OG0010365	FBtr0074104	CG8578-RA	CG8578
OG0010366	FBtr0074174	CG9038-RA	UBL3
OG0010367	FBtr0074105	CG15914-RA	CG15914
OG0010368	FBtr0074169	CG9045-RA	Myb
OG0010369	FBtr0074107	CG10545-RA	Gbeta13F
OG0010370	FBtr0474173	CG16952-RH	CG16952
OG0010371	FBtr0074167	CG9056-RA	tay
OG0010372	FBtr0074117	CG15916-RA	CG15916
OG0010373	FBtr0333717	CG18102-RN	shi
OG0010374	FBtr0300391	CG9096-RD	CycD
OG0010375	FBtr0074125	CG8909-RB	Lrp4
OG0010376	FBtr0301232	CG8916-RB	CG8916
OG0010377	FBtr0074129	CG17336-RC	Lcch3
OG0010378	FBtr0303647	CG33180-RF	Ranbp16
OG0010379	FBtr0074159	CG9126-RA	Stim
OG0010380	FBtr0074130	CG8924-RB	CG8924
OG0010381	FBtr0340310	CG42252-RJ	mmd
OG0010382	FBtr0074133	CG12697-RA	Or13a
OG0010383	FBtr0074153	CG9170-RA	Cep164
OG0010384	FBtr0074144	CG9177-RA	eIF5
OG0010385	FBtr0074135	CG8933-RA	exd
OG0010386	FBtr0074138	CG8939-RA	CG8939
OG0010387	FBtr0074139	CG12698-RA	CG12698
OG0010388	FBtr0074260	CG12395-RA	Spef1a
OG0010389	FBtr0074206	CG14948-RA	dpr18
OG0010390	FBtr0074257	CG9212-RC	Nipsnap
OG0010391	FBtr0074255	CG9214-RA	Tob
OG0010392	FBtr0074207	CG8958-RA	CG8958
OG0010393	FBtr0299952	CG42353-RA	CG42353
OG0010394	FBtr0074251	CG32577-RA	disco-r
OG0010395	FBtr0074250	CG9908-RA	disco
OG0010396	FBtr0074246	CG13956-RB	kat80
OG0010397	FBtr0074209	CG3415-RA	Mfe2
OG0010398	FBtr0074211	CG3525-RB	eas
OG0010399	FBtr0100556	CG32576-RB	CG32576
OG0010400	FBtr0074216	CG3560-RA	UQCR-14
OG0010401	FBtr0074241	CG9911-RD	ERp44
OG0010402	FBtr0112988	CG3632-RE	CG3632
OG0010403	FBtr0074222	CG3679-RA	CG3679
OG0010404	FBtr0074240	CG9914-RA	Had1
OG0010405	FBtr0112992	CG9915-RB	CG9915
OG0010406	FBtr0336975	CG13957-RB	SWIP
OG0010407	FBtr0074237	CG9917-RA	CG9917
OG0010408	FBtr0074226	CG3692-RA	CalpC
OG0010409	FBtr0074236	CG9919-RA	CG9919
OG0010410	FBtr0333302	CG9921-RB	CG9921
OG0010411	FBtr0289960	CG12223-RF	Dsp1
OG0010412	FBtr0074230	CG4200-RA	sl
OG0010413	FBtr0074261	CG18734-RA	Fur2
OG0010414	FBtr0074307	CG9992-RA	CG9992
OG0010415	FBtr0074268	CG4239-RA	CG4239
OG0010416	FBtr0074305	CG9984-RA	TH1
OG0010417	FBtr0074271	CG4252-RA	mei-41
OG0010418	FBtr0074275	CG4394-RA	Traf-like
OG0010419	FBtr0074303	CG9968-RB	AnxB11
OG0010420	FBtr0290069	CG32575-RC	hang
OG0010421	FBtr0074301	CG9947-RA	Cdc50
OG0010422	FBtr0074300	CG9946-RA	eIF2alpha
OG0010423	FBtr0100070	CG34015-RA	CG34015
OG0010424	FBtr0343632	CG4429-RD	eIF4H1
OG0010425	FBtr0331170	CG9907-RBF	para
OG0010426	FBtr0074297	CG9903-RA	CG9903
OG0010427	FBtr0310673	CG9901-RC	Arp2
OG0010428	FBtr0074282	CG13014-RA	CG13014
OG0010429	FBtr0074290	CG9802-RA	SMC3
OG0010430	FBtr0074283	CG4443-RA	Ubc7
OG0010431	FBtr0330409	CG9784-RC	CG9784
OG0010432	FBtr0340158	CG4453-RD	Nup153
OG0010433	FBtr0074285	CG18582-RA	mbt
OG0010434	FBtr0074288	CG9782-RA	CG9782
OG0010435	FBtr0074286	CG9774-RA	Rok
OG0010436	FBtr0074311	CG4464-RA	RpS19a
OG0010437	FBtr0074377	CG9742-RA	SNRPG
OG0010438	FBtr0074314	CG4521-RA	mthl1
OG0010439	FBtr0300651	CG42512-RA	CG42512
OG0010440	FBtr0074315	CG32573-RA	CG32573
OG0010441	FBtr0074376	CG9723-RA	Nemp
OG0010442	FBtr0089734	CG18572-RA	r
OG0010443	FBtr0074375	CG15865-RA	CG15865
OG0010444	FBtr0290216	CG13012-RB	CG13012
OG0010445	FBtr0074373	CG13010-RA	CG13010
OG0010446	FBtr0074318	CG13011-RA	sing
OG0010447	FBtr0074372	CG9703-RA	Axs
OG0010448	FBtr0074365	CG9699-RA	Septin4
OG0010449	FBtr0074364	CG9676-RA	CG9676
OG0010450	FBtr0074362	CG9673-RA	CG9673
OG0010451	FBtr0074321	CG4653-RA	CG4653
OG0010452	FBtr0074361	CG9672-RA	CG9672
OG0010453	FBtr0300033	CG4678-RE	CG4678
OG0010454	FBtr0074322	CG13008-RA	CG13008
OG0010455	FBtr0112527	CG34325-RA	CG34325
OG0010456	FBtr0074324	CG32572-RA	CG32572
OG0010457	FBtr0074359	CG9634-RA	goe
OG0010458	FBtr0074325	CG32571-RA	TwdlX
OG0010459	FBtr0074326	CG32570-RA	TwdlY
OG0010460	FBtr0290248	CG32569-RB	TwdlZ
OG0010461	FBtr0074329	CG32574-RA	Twdlalpha
OG0010462	FBtr0074357	CG9623-RB	if
OG0010463	FBtr0074330	CG4742-RA	mRpL22
OG0010464	FBtr0074356	CG9609-RA	CG9609
OG0010465	FBtr0074331	CG4756-RA	Sap30
OG0010466	FBtr0074355	CG9606-RA	Rrp45
OG0010467	FBtr0074332	CG4768-RA	CG4768
OG0010468	FBtr0074354	CG9132-RB	CG9132
OG0010469	FBtr0074333	CG4789-RA	CG4789
OG0010470	FBtr0074352	CG9125-RA	Rai1
OG0010471	FBtr0074334	CG13005-RA	CG13005
OG0010472	FBtr0074335	CG4805-RA	ppk28
OG0010473	FBtr0074336	CG4829-RB	CG4829
OG0010474	FBtr0074350	CG9108-RA	RSG7
OG0010475	FBtr0074339	CG4872-RA	CG4872
OG0010476	FBtr0074348	CG9104-RA	Nprl2
OG0010477	FBtr0074341	CG4875-RB	Polr3I
OG0010478	FBtr0074347	CG9099-RA	DENR
OG0010479	FBtr0074342	CG4880-RA	CG4880
OG0010480	FBtr0074343	CG13002-RA	CG13002
OG0010481	FBtr0074344	CG4928-RA	CG4928
OG0010482	FBtr0074418	CG9089-RA	wus
OG0010483	FBtr0074417	CG13001-RA	CG13001
OG0010484	FBtr0074416	CG13000-RA	CG13000
OG0010485	FBtr0290096	CG4937-RC	RhoGAP15B
OG0010486	FBtr0074415	CG9086-RA	Ubr1
OG0010487	FBtr0344098	CG45002-RE	CG45002
OG0010488	FBtr0334115	CG43996-RA	CG43996
OG0010489	FBtr0334116	CG43997-RA	CG43997
OG0010490	FBtr0310525	CG8949-RF	wcy
OG0010491	FBtr0074381	CG4949-RA	CG4949
OG0010492	FBtr0074382	CG4955-RA	CG4955
OG0010493	FBtr0074383	CG16700-RA	sat2
OG0010494	FBtr0334460	CG4991-RD	sat1
OG0010495	FBtr0074386	CG5004-RA	CG5004
OG0010496	FBtr0074387	CG5010-RA	Chchd2
OG0010497	FBtr0474624	CG46386-RC	xmas
OG0010498	FBtr0111000	CG5055-RB	baz
OG0010499	FBtr0074403	CG8918-RA	TTLL1A
OG0010500	FBtr0074389	CG5070-RA	CG5070
OG0010501	FBtr0074390	CG32564-RA	CG32564
OG0010502	FBtr0074391	CG32563-RA	CG32563
OG0010503	FBtr0074402	CG12995-RA	CG12995
OG0010504	FBtr0074392	CG18258-RA	CG18258
OG0010505	FBtr0074393	CG5162-RA	CG5162
OG0010506	FBtr0074394	CG12998-RA	CG12998
OG0010507	FBtr0074400	CG10598-RA	CG10598
OG0010508	FBtr0074447	CG8915-RA	CG8915
OG0010509	FBtr0074446	CG8675-RA	CG8675
OG0010510	FBtr0304061	CG42864-RF	f
OG0010511	FBtr0074445	CG8664-RA	CG8664
OG0010512	FBtr0074444	CG8661-RA	CG8661
OG0010513	FBtr0074443	CG8649-RD	Fim
OG0010514	FBtr0074425	CG5445-RB	CG5445
OG0010515	FBtr0074440	CG8611-RB	CG8611
OG0010516	FBtr0074438	CG12994-RA	CG12994
OG0010517	FBtr0074431	CG5613-RA	ENGase
OG0010518	FBtr0074437	CG12993-RA	p-cup
OG0010519	FBtr0310335	CG43658-RC	CG43658
OG0010520	FBtr0301413	CG8465-RD	Ankle2
OG0010521	FBtr0340621	CG5675-RF	X11L
OG0010522	FBtr0074487	CG8408-RA	stas
OG0010523	FBtr0074486	CG8326-RA	CG8326
OG0010524	FBtr0074485	CG8316-RA	corolla
OG0010525	FBtr0074452	CG5703-RA	ND-24
OG0010526	FBtr0074484	CG8289-RA	CG8289
OG0010527	FBtr0074453	CG5800-RA	CG5800
OG0010528	FBtr0333661	CG32555-RF	RhoGAPp190
OG0010529	FBtr0334404	CG5870-RB	beta-Spec
OG0010530	FBtr0074479	CG12990-RA	CG12990
OG0010531	FBtr0340635	CG32556-RD	chas
OG0010532	FBtr0074476	CG8188-RA	Ube2S
OG0010533	FBtr0074455	CG5884-RA	par-6
OG0010534	FBtr0074475	CG8173-RA	CG8173
OG0010535	FBtr0340632	CG42684-RI	raskol
OG0010536	FBtr0340626	CG6269-RB	unc-4
OG0010537	FBtr0074474	CG12986-RA	CG12986
OG0010538	FBtr0310310	CG8146-RB	Socs16D
OG0010539	FBtr0074462	CG6398-RA	CG6398
OG0010540	FBtr0074463	CG6474-RA	Taf9
OG0010541	FBtr0074472	CG8142-RA	CG8142
OG0010542	FBtr0074464	CG6492-RA	Ucp4A
OG0010543	FBtr0074468	CG15814-RB	CG15814
OG0010544	FBtr0074465	CG6506-RA	Spt7
OG0010545	FBtr0074467	CG32554-RA	CG32554
OG0010546	FBtr0074466	CG32557-RA	Mco4
OG0010547	FBtr0074492	CG6762-RA	Srx
OG0010548	FBtr0074544	CG7846-RA	Arp8
OG0010549	FBtr0074493	CG6769-RA	CG6769
OG0010550	FBtr0300510	CG42273-RH	mnb
OG0010551	FBtr0074494	CG12985-RA	CG12985
OG0010552	FBtr0074540	CG7772-RA	CG7772
OG0010553	FBtr0074504	CG6842-RA	Vps4
OG0010554	FBtr0074505	CG6847-RA	CG6847
OG0010555	FBtr0089574	CG6867-RA	CG6867
OG0010556	FBtr0112999		
OG0010557	FBtr0339540	CG7098-RC	Ada3
OG0010558	FBtr0089576	CG7206-RB	Swt1
OG0010559	FBtr0074511	CG7113-RA	scu
OG0010560	FBtr0343309	CG7122-RE	RhoGAP16F
OG0010561	FBtr0074527	CG7192-RA	Mvb12
OG0010562	FBtr0074514	CG7128-RA	Taf8
OG0010563	FBtr0074515	CG7135-RA	CG7135
OG0010564	FBtr0074524	CG7178-RG	wupA
OG0010565	FBtr0074591	CG12611-RA	Andorra
OG0010566	FBtr0074549	CG15064-RA	Him
OG0010567	FBtr0091616	CG33639-RA	CG33639
OG0010568	FBtr0473620	CG5988-RC	upd2
OG0010569	FBtr0113465	CG33542-RB	upd3
OG0010570	FBtr0074581	CG5993-RA	upd1
OG0010571	FBtr0344255	CG6023-RC	CG6023
OG0010572	FBtr0074578	CG6123-RA	kairos
OG0010573	FBtr0074553	CG6106-RA	CG6106
OG0010574	FBtr0074577	CG6205-RA	por
OG0010575	FBtr0074558	CG6179-RA	CG6179
OG0010576	FBtr0074576	CG6223-RA	betaCOP
OG0010577	FBtr0074559	CG6186-RA	Tsf1
OG0010578	FBtr0340421	CG32549-RG	Nt5b
OG0010579	FBtr0299776	CG42323-RE	CG42323
OG0010580	FBtr0074568	CG32548-RB	CG32548
OG0010581	FBtr0074563	CG6290-RA	CG6290
OG0010582	FBtr0290003	CG32551-RB	CG32551
OG0010583	FBtr0332397	CG43841-RA	CG43841
OG0010584	FBtr0290002	CG32547-RC	GulpR
OG0010585	FBtr0332419	CG43843-RA	CG43843
OG0010586	FBtr0113000	CG6361-RB	Hayan
OG0010587	FBtr0074629	CG6367-RA	psh
OG0010588	FBtr0074628	CG15046-RA	CG15046
OG0010589	FBtr0074627	CG15044-RA	CG15044
OG0010590	FBtr0074626	CG15043-RA	CG15043
OG0010591	FBtr0074624	CG6394-RA	Pgant7
OG0010592	FBtr0074592	CG6318-RA	Xrcc2
OG0010593	FBtr0074623	CG6407-RA	Wnt5
OG0010594	FBtr0074621	CG6470-RA	CG6470
OG0010595	FBtr0333805	CG6335-RD	HisRS
OG0010596	FBtr0074620	CG6481-RA	CG6481
OG0010597	FBtr0074596	CG15047-RA	CG15047
OG0010598	FBtr0340367	CG44425-RD	Bx
OG0010599	FBtr0074618	CG15040-RA	CG15040
OG0010600	FBtr0074616	CG6606-RA	Rip11
OG0010601	FBtr0074601	CG6540-RA	Nup35
OG0010602	FBtr0074615	CG6617-RA	Hou
OG0010603	FBtr0074614	CG6632-RA	Ing3
OG0010604	FBtr0074612	CG6659-RA	CG6659
OG0010605	FBtr0074602	CG6551-RA	fu
OG0010606	FBtr0074611	CG6696-RA	CG6696
OG0010607	FBtr0074603	CG6578-RA	phtm
OG0010608	FBtr0074609	CG6816-RA	Cyp18a1
OG0010609	FBtr0299681	CG42301-RA	CCKLR-17D1
OG0010610	FBtr0074604	CG6585-RA	Cyp308a1
OG0010611	FBtr0074607	CG6873-RA	CG6873
OG0010612	FBtr0074605	CG12609-RB	CG12609
OG0010613	FBtr0113003	CG32540-RB	CCKLR-17D3
OG0010614	FBtr0074631	CG6891-RA	CG6891
OG0010615	FBtr0074634	CG7001-RA	S6KL
OG0010616	FBtr0074635	CG7053-RA	Atg101
OG0010617	FBtr0074656	CG7088-RB	bnb
OG0010618	FBtr0301153	CG7058-RB	CG7058
OG0010619	FBtr0310343	CG42450-RB	CG42450
OG0010620	FBtr0074640	CG7103-RA	Pvf1
OG0010621	FBtr0310440	CG34422-RD	htk
OG0010622	FBtr0074655	CG7280-RA	shop
OG0010623	FBtr0074654	CG7322-RA	CG7322
OG0010624	FBtr0074643	CG7288-RA	Usp39
OG0010625	FBtr0074644	CG32544-RA	CG32544
OG0010626	FBtr0074653	CG7326-RA	CG7326
OG0010627	FBtr0474175	CG34401-RC	Dora
OG0010628	FBtr0074647	CG7332-RA	CG7332
OG0010629	FBtr0074652	CG7358-RA	Flacc
OG0010630	FBtr0342848	CG7378-RC	CG7378
OG0010631	FBtr0331157	CG43759-RB	CG43759
OG0010632	FBtr0074663	CG14190-RA	CG14190
OG0010633	FBtr0074664	CG7406-RA	CG7406
OG0010634	FBtr0074703	CG15882-RA	CG15882
OG0010635	FBtr0290275	CG7440-RC	tgy
OG0010636	FBtr0299623	CG42274-RC	RhoGAP18B
OG0010637	FBtr0074697	CG7556-RA	CG7556
OG0010638	FBtr0074666	CG7453-RA	CG7453
OG0010639	FBtr0074696	CG7914-RA	CG7914
OG0010640	FBtr0074671	CG14194-RA	CG14194
OG0010641	FBtr0074695	CG7990-RA	CG7990
OG0010642	FBtr0074692	CG14195-RA	CG14195
OG0010643	FBtr0074672	CG7874-RA	Mur18B
OG0010644	FBtr0332392	CG7884-RB	CG7884
OG0010645	FBtr0074691	CG14196-RA	CG14196
OG0010646	FBtr0074675	CG7889-RA	CG7889
OG0010647	FBtr0074690	CG7992-RA	CG7992
OG0010648	FBtr0074676	CG7890-RA	Hs3st-B
OG0010649	FBtr0074689	CG8002-RA	rictor
OG0010650	FBtr0113316	CG7893-RC	Vav
OG0010651	FBtr0074688	CG8010-RA	CG8010
OG0010652	FBtr0074687	CG32537-RA	CG32537
OG0010653	FBtr0074686	CG32536-RA	CG32536
OG0010654	FBtr0332393	CG8028-RC	CG8028
OG0010655	FBtr0074684	CG8034-RA	mlm
OG0010656	FBtr0074682	CG8062-RA	out
OG0010657	FBtr0074707	CG12199-RB	kek5
OG0010658	FBtr0074786	CG32533-RA	CG32533
OG0010659	FBtr0074710	CG12200-RA	narya
OG0010660	FBtr0074785	CG32531-RA	mRpS14
OG0010661	FBtr0074711	CG12202-RA	Naa15-16
OG0010662	FBtr0302082	CG3291-RB	pcm
OG0010663	FBtr0074712	CG12203-RA	ND-18
OG0010664	FBtr0074783	CG12204-RA	CG12204
OG0010665	FBtr0074716	CG3400-RG	Pfrx
OG0010666	FBtr0074721	CG14200-RA	CG14200
OG0010667	FBtr0302863	CG42687-RG	CoRest
OG0010668	FBtr0074779	CG12231-RA	CG12231
OG0010669	FBtr0074775	CG3917-RA	Grip84
OG0010670	FBtr0331158	CG12230-RC	car
OG0010671	FBtr0074771	CG14217-RE	Tao
OG0010672	FBtr0308568	CG14218-RB	CG14218
OG0010673	FBtr0074768	CG14220-RA	CG14220
OG0010674	FBtr0074734	CG14207-RB	CG14207
OG0010675	FBtr0074736	CG14208-RB	Tyler
OG0010676	FBtr0074737	CG14209-RB	Shawn
OG0010677	FBtr0074740	CG14210-RA	CG14210
OG0010678	FBtr0100291	CG12788-RA	Pstk
OG0010679	FBtr0074767	CG17767-RC	Tim9b
OG0010680	FBtr0332482	CG14222-RB	Naa20A
OG0010681	FBtr0074741	CG14211-RB	MKP-4
OG0010682	FBtr0074742	CG14212-RA	CG14212
OG0010683	FBtr0334279	CG12238-RC	e(y)3
OG0010684	FBtr0074761	CG12237-RA	CG12237
OG0010685	FBtr0074760	CG12235-RA	Arp10
OG0010686	FBtr0074759	CG12234-RA	Ranbp21
OG0010687	FBtr0074746	CG14215-RA	Elys
OG0010688	FBtr0074758	CG14223-RA	CG14223
OG0010689	FBtr0074747	CG14216-RA	Ssu72
OG0010690	FBtr0074748	CG12529-RA	G6pd
OG0010691	FBtr0308571	CG14225-RC	et
OG0010692	FBtr0074756	CG14226-RA	dome
OG0010693	FBtr0074750	CG14224-RA	Ubqn
OG0010694	FBtr0074754	CG14228-RA	Mer
OG0010695	FBtr0074753	CG14229-RA	CG14229
OG0010696	FBtr0074751	CG12530-RA	Cdc42
OG0010697	FBtr0074814	CG14231-RA	Tcs4
OG0010698	FBtr0074813	CG14232-RA	Acbp8
OG0010699	FBtr0074787	CG14230-RA	CG14230
OG0010700	FBtr0074812	CG14233-RA	meso18E
OG0010701	FBtr0074788	CG12531-RA	CG12531
OG0010702	FBtr0074789	CG12532-RA	AP-1-2beta
OG0010703	FBtr0474237	CG14234-RC	CG14234
OG0010704	FBtr0074815	CG14235-RA	COX6B
OG0010705	FBtr0074810	CG18809-RA	CG18809
OG0010706	FBtr0091935	CG33931-RA	Rpp20
OG0010707	FBtr0091936	CG33932-RA	CG33932
OG0010708	FBtr0074793	CG32528-RA	parvin
OG0010709	FBtr0331763	CG12534-RB	Alr
OG0010710	FBtr0074795	CG12703-RA	Abcd3
OG0010711	FBtr0074804	CG11940-RA	pico
OG0010712	FBtr0074798	CG11943-RB	Nup205
OG0010713	FBtr0289978	CG15618-RB	THADA
OG0010714	FBtr0074800	CG32529-RA	Hers
OG0010715	FBtr0070036	CG12655-RA	CG12655
OG0010716	FBtr0070000	CG9565-RA	Nep3
OG0010717	FBtr0070035	CG17003-RA	lky
OG0010718	FBtr0343169	CG33517-RH	Dop2R
OG0010719	FBtr0070002	CG9570-RA	CG9570
OG0010720	FBtr0070032	CG9571-RA	fd19B
OG0010721	FBtr0343165	CG34331-RC	CG34331
OG0010722	FBtr0070028	CG9575-RA	Rab35
OG0010723	FBtr0070027	CG9576-RA	Phf7
OG0010724	FBtr0070007	CG9577-RA	CG9577
OG0010725	FBtr0070026	CG9581-RA	CG9581
OG0010726	FBtr0070008	CG9578-RA	CG9578
OG0010727	FBtr0301931	CG9579-RB	AnxB10
OG0010728	FBtr0077334	CG17052-RA	obst-A
OG0010729	FBtr0077335	CG17058-RA	PeriA
OG0010730	FBtr0077341	CG17068-RA	CG17068
OG0010731	FBtr0077337	CG17060-RA	Rab10
OG0010732	FBtr0301568	CG17065-RB	mel
OG0010733	FBtr0306678	CG1504-RB	CG1504
OG0010734	FBtr0077297	CG1631-RA	CG1631
OG0010735	FBtr0077298	CG11738-RA	l(1)G0004
OG0010736	FBtr0077330	CG1467-RA	Syx16
OG0010737	FBtr0301344	CG11734-RC	HERC2
OG0010738	FBtr0307166	CG11748-RC	Obp19a
OG0010739	FBtr0077302	CG1670-RA	Obp19b
OG0010740	FBtr0077326	CG15457-RA	Obp19c
OG0010741	FBtr0077303	CG1668-RA	Obp19d
OG0010742	FBtr0340400	CG1676-RB	cactin
OG0010743	FBtr0077323	CG15456-RA	CG15456
OG0010744	FBtr0089642	CG11710-RB	CG11710
OG0010745	FBtr0077306	CG1692-RA	mal
OG0010746	FBtr0340405	CG1412-RD	RhoGAP19D
OG0010747	FBtr0077312	CG1812-RA	CG1812
OG0010748	FBtr0077319	CG18492-RA	Tak1
OG0010749	FBtr0332385	CG42267-RC	RunxB
OG0010750	FBtr0331160	CG34145-RD	RunxA
OG0010751	FBtr0077276	CG1829-RA	Cyp6v1
OG0010752	FBtr0077294	CG1338-RA	hydra
OG0010753	FBtr0077279	CG1849-RA	run
OG0010754	FBtr0077293	CG1324-RA	CG1324
OG0010755	FBtr0077292	CG15452-RA	CG15452
OG0010756	FBtr0077280	CG15450-RA	CG15450
OG0010757	FBtr0077286	CG1314-RA	CG1314
OG0010758	FBtr0077274	CG11227-RB	CG11227
OG0010759	FBtr0077239	CG12092-RA	Npc1b
OG0010760	FBtr0077240	CG11666-RA	CG11666
OG0010761	FBtr0077269	CG10998-RA	r-cup
OG0010762	FBtr0077268	CG1532-RA	CG1532
OG0010763	FBtr0340440	CG1529-RC	CG1529
OG0010764	FBtr0077266	CG15449-RA	CG15449
OG0010765	FBtr0077243	CG1742-RA	Mgstl
OG0010766	FBtr0077244	CG1753-RA	Cbs
OG0010767	FBtr0077246	CG32513-RA	bves
OG0010768	FBtr0077262	CG32512-RA	CG32512
OG0010769	FBtr0091649		
OG0010770	FBtr0300353	CG15446-RB	CG15446
OG0010771	FBtr0077260	CG1503-RA	CG1503
OG0010772	FBtr0100609		
OG0010773	FBtr0077259	CG1501-RA	unc
OG0010774	FBtr0077234	CG32521-RA	Mnr
OG0010775	FBtr0077183	CG32523-RA	CG32523
OG0010776	FBtr0077237	CG1722-RA	CG1722
OG0010777	FBtr0332306	CG1494-RB	CG1494
OG0010778	FBtr0300938	CG1801-RC	CG1801
OG0010779	FBtr0077227	CG33713-RA	Acbp-Ank
OG0010780	FBtr0077190	CG1486-RA	CG1486
OG0010781	FBtr0077224	CG1693-RA	tty
OG0010782	FBtr0077192	CG1484-RA	fliI
OG0010783	FBtr0077193	CG17051-RA	dod
OG0010784	FBtr0077223	CG1685-RA	peng
OG0010785	FBtr0089678	CG1391-RB	sol
OG0010786	FBtr0077198	CG1403-RA	Septin1
OG0010787	FBtr0100536	CG1410-RA	waw
OG0010788	FBtr0100598	CG1414-RB	bbx
OG0010789	FBtr0077204	CG1417-RD	slgA
OG0010790	FBtr0077221	CG1666-RA	Ddx56
OG0010791	FBtr0077211	CG1424-RA	mst
OG0010792	FBtr0077219	CG1678-RA	whe
OG0010793	FBtr0077212	CG1644-RA	Cyp6t1
OG0010794	FBtr0077344	CG14621-RA	CG14621
OG0010795	FBtr0077369	CG14615-RA	CG14615
OG0010796	FBtr0077345	CG14620-RA	tilB
OG0010797	FBtr0077368	CG14614-RA	wap
OG0010798	FBtr0339507	CG14619-RI	Usp2
OG0010799	FBtr0077367	CG14613-RA	CG14613
OG0010800	FBtr0077351	CG14618-RA	Trmt10A
OG0010801	FBtr0077365	CG12576-RA	CG12576
OG0010802	FBtr0077352	CG14617-RB	Cp110
OG0010803	FBtr0299526	CG14616-RK	l(1)G0196
OG0010804	FBtr0077360	CG17596-RA	S6kII
OG0010805	FBtr0077364	CG17598-RA	CG17598
OG0010806	FBtr0077363	CG17599-RA	Cluap1
OG0010807	FBtr0077361	CG17601-RA	CG17601
OG0010808	FBtr0077362	CG32499-RA	Cda4
OG0010809	FBtr0077343	CG12446-RA	CG12446
OG0010810	FBtr0333177	CG42346-RC	CG42346
OG0010811	FBtr0111188	CG40486-RB	CG40486
OG0010812	FBtr0111189	CG40485-RB	CG40485
OG0010813	FBtr0302020	CG12473-RE	stnB
OG0010814	FBtr0301618	CG12500-RC	stnA
OG0010815	FBtr0299926	CG40305-RB	FutC
OG0010816	FBtr0299903	CG17515-RC	Rab21
OG0010817	FBtr0111192	CG13865-RA	Coa7
OG0010818	FBtr0301133	CG2893-RF	zyd
OG0010819	FBtr0300807	CG17167-RD	CG17167
OG0010820	FBtr0113727	CG17163-RA	CG17163
OG0010821	FBtr0113730	CG17168-RA	CG17168
OG0010822	FBtr0302055	CG17169-RB	CG17169
OG0010823	FBtr0343932	CG17162-RG	CG17162
OG0010824	FBtr0113717	CG17159-RB	CG17159
OG0010825	FBtr0306544	CG17170-RF	su(f)
OG0010826	FBtr0301978	CG17172-RB	ATbp
